layout,id,type,classification,text,hint,description,width,height,visibility,source,direct_id_references,runtime_status
activity_arabic_fonts,iv_background_wallpaper,ImageView,عنصر عرض/حاوية,,,@null,match_parent,match_parent,visible,decoded/res/layout/activity_arabic_fonts.xml,decompiled/sources/com/oneguystudio/ytyper/databinding/ActivityArabicFontsBinding.java;decompiled/sources/com/oneguystudio/ytyper/databinding/ActivityCommunityBinding.java;decompiled/sources/com/oneguystudio/ytyper/databinding/ActivityCreatePostBinding.java;decompiled/sources/com/oneguystudio/ytyper/databinding/ActivityEnglishFontsBinding.java;decompiled/sources/com/oneguystudio/ytyper/databinding/ActivityExportStudioBinding.java;decompiled/sources/com/oneguystudio/ytyper/databinding/ActivityFontLibraryBinding.java;decompiled/sources/com/oneguystudio/ytyper/databinding/ActivityImageCropBinding.java;decompiled/sources/com/oneguystudio/ytyper/databinding/ActivityImportedFontsBinding.java;decompiled/sources/com/oneguystudio/ytyper/databinding/ActivityMainBinding.java;decompiled/sources/com/oneguystudio/ytyper/databinding/ActivityProjectGalleryBinding.java;decompiled/sources/com/oneguystudio/ytyper/databinding/ActivityProjectsBinding.java;decompiled/sources/com/oneguystudio/ytyper/databinding/ActivitySettingsBinding.java;decompiled/sources/com/oneguystudio/ytyper/databinding/ActivityStoreBinding.java;decompiled/sources/com/oneguystudio/ytyper/databinding/ActivityWebtoonScraperBinding.java;decompiled/sources/com/oneguystudio/ytyper/ui/projectsgallery/ProjectGalleryActivity.java;decompiled/sources/com/oneguystudio/ytyper/ui/projectsgallery/p0.java;decompiled/sources/com/oneguystudio/ytyper/utils/ThemeUtils.java,مورد موجود؛ الوصول والسلوك يحتاجان تحققًا عند غياب لقطة أو اختبار
activity_arabic_fonts,compose_arabic_fonts,ComposeView,عنصر عرض/حاوية,,,,match_parent,match_parent,visible,decoded/res/layout/activity_arabic_fonts.xml,decompiled/sources/com/oneguystudio/ytyper/databinding/ActivityArabicFontsBinding.java;decompiled/sources/com/oneguystudio/ytyper/ui/library/ArabicFontsActivity.java,مورد موجود؛ الوصول والسلوك يحتاجان تحققًا عند غياب لقطة أو اختبار
activity_community,iv_background_wallpaper,ImageView,عنصر عرض/حاوية,,,@null,match_parent,match_parent,visible,decoded/res/layout/activity_community.xml,decompiled/sources/com/oneguystudio/ytyper/databinding/ActivityArabicFontsBinding.java;decompiled/sources/com/oneguystudio/ytyper/databinding/ActivityCommunityBinding.java;decompiled/sources/com/oneguystudio/ytyper/databinding/ActivityCreatePostBinding.java;decompiled/sources/com/oneguystudio/ytyper/databinding/ActivityEnglishFontsBinding.java;decompiled/sources/com/oneguystudio/ytyper/databinding/ActivityExportStudioBinding.java;decompiled/sources/com/oneguystudio/ytyper/databinding/ActivityFontLibraryBinding.java;decompiled/sources/com/oneguystudio/ytyper/databinding/ActivityImageCropBinding.java;decompiled/sources/com/oneguystudio/ytyper/databinding/ActivityImportedFontsBinding.java;decompiled/sources/com/oneguystudio/ytyper/databinding/ActivityMainBinding.java;decompiled/sources/com/oneguystudio/ytyper/databinding/ActivityProjectGalleryBinding.java;decompiled/sources/com/oneguystudio/ytyper/databinding/ActivityProjectsBinding.java;decompiled/sources/com/oneguystudio/ytyper/databinding/ActivitySettingsBinding.java;decompiled/sources/com/oneguystudio/ytyper/databinding/ActivityStoreBinding.java;decompiled/sources/com/oneguystudio/ytyper/databinding/ActivityWebtoonScraperBinding.java;decompiled/sources/com/oneguystudio/ytyper/ui/projectsgallery/ProjectGalleryActivity.java;decompiled/sources/com/oneguystudio/ytyper/ui/projectsgallery/p0.java;decompiled/sources/com/oneguystudio/ytyper/utils/ThemeUtils.java,مورد موجود؛ الوصول والسلوك يحتاجان تحققًا عند غياب لقطة أو اختبار
activity_community,compose_community,ComposeView,عنصر عرض/حاوية,,,,match_parent,match_parent,visible,decoded/res/layout/activity_community.xml,decompiled/sources/com/oneguystudio/ytyper/databinding/ActivityCommunityBinding.java;decompiled/sources/com/oneguystudio/ytyper/ui/community/CommunityActivity.java,مورد موجود؛ الوصول والسلوك يحتاجان تحققًا عند غياب لقطة أو اختبار
activity_create_post,iv_background_wallpaper,ImageView,عنصر عرض/حاوية,,,@null,match_parent,match_parent,visible,decoded/res/layout/activity_create_post.xml,decompiled/sources/com/oneguystudio/ytyper/databinding/ActivityArabicFontsBinding.java;decompiled/sources/com/oneguystudio/ytyper/databinding/ActivityCommunityBinding.java;decompiled/sources/com/oneguystudio/ytyper/databinding/ActivityCreatePostBinding.java;decompiled/sources/com/oneguystudio/ytyper/databinding/ActivityEnglishFontsBinding.java;decompiled/sources/com/oneguystudio/ytyper/databinding/ActivityExportStudioBinding.java;decompiled/sources/com/oneguystudio/ytyper/databinding/ActivityFontLibraryBinding.java;decompiled/sources/com/oneguystudio/ytyper/databinding/ActivityImageCropBinding.java;decompiled/sources/com/oneguystudio/ytyper/databinding/ActivityImportedFontsBinding.java;decompiled/sources/com/oneguystudio/ytyper/databinding/ActivityMainBinding.java;decompiled/sources/com/oneguystudio/ytyper/databinding/ActivityProjectGalleryBinding.java;decompiled/sources/com/oneguystudio/ytyper/databinding/ActivityProjectsBinding.java;decompiled/sources/com/oneguystudio/ytyper/databinding/ActivitySettingsBinding.java;decompiled/sources/com/oneguystudio/ytyper/databinding/ActivityStoreBinding.java;decompiled/sources/com/oneguystudio/ytyper/databinding/ActivityWebtoonScraperBinding.java;decompiled/sources/com/oneguystudio/ytyper/ui/projectsgallery/ProjectGalleryActivity.java;decompiled/sources/com/oneguystudio/ytyper/ui/projectsgallery/p0.java;decompiled/sources/com/oneguystudio/ytyper/utils/ThemeUtils.java,مورد موجود؛ الوصول والسلوك يحتاجان تحققًا عند غياب لقطة أو اختبار
activity_create_post,compose_create_post,ComposeView,عنصر عرض/حاوية,,,,match_parent,match_parent,visible,decoded/res/layout/activity_create_post.xml,decompiled/sources/com/oneguystudio/ytyper/databinding/ActivityCreatePostBinding.java;decompiled/sources/com/oneguystudio/ytyper/ui/community/CreatePostActivity.java,مورد موجود؛ الوصول والسلوك يحتاجان تحققًا عند غياب لقطة أو اختبار
activity_editor,fallbackCanvas,EditorCanvasView,عنصر عرض/حاوية,,,,0.0dp,0.0dp,gone,decoded/res/layout/activity_editor.xml,decompiled/sources/com/oneguystudio/ytyper/databinding/ActivityEditorBinding.java,مورد موجود؛ الوصول والسلوك يحتاجان تحققًا عند غياب لقطة أو اختبار
activity_editor,editorViewPager,ViewPager2,عنصر عرض/حاوية,,,,@dimen/dimen_0dp,@dimen/dimen_0dp,visible,decoded/res/layout/activity_editor.xml,decompiled/sources/com/oneguystudio/ytyper/databinding/ActivityEditorBinding.java,مورد موجود؛ الوصول والسلوك يحتاجان تحققًا عند غياب لقطة أو اختبار
activity_editor,btnTyperToggle,TextView,زر محتمل,Y,,,56.0dp,56.0dp,visible,decoded/res/layout/activity_editor.xml,decompiled/sources/com/oneguystudio/ytyper/databinding/ActivityEditorBinding.java,مورد موجود؛ الوصول والسلوك يحتاجان تحققًا عند غياب لقطة أو اختبار
activity_editor,includedTyperPanel,include,عنصر عرض/حاوية,,,,wrap_content,wrap_content,gone,decoded/res/layout/activity_editor.xml,decompiled/sources/com/oneguystudio/ytyper/databinding/ActivityEditorBinding.java,مورد موجود؛ الوصول والسلوك يحتاجان تحققًا عند غياب لقطة أو اختبار
activity_editor,topBar,HorizontalScrollView,عنصر عرض/حاوية,,,,match_parent,wrap_content,visible,decoded/res/layout/activity_editor.xml,decompiled/sources/com/oneguystudio/ytyper/databinding/ActivityEditorBinding.java;decompiled/sources/com/oneguystudio/ytyper/databinding/ActivityImageCropBinding.java;decompiled/sources/com/oneguystudio/ytyper/databinding/ActivityTagMiniEditorBinding.java;decompiled/sources/com/oneguystudio/ytyper/ui/editor/TagMiniEditorActivity.java,مورد موجود؛ الوصول والسلوك يحتاجان تحققًا عند غياب لقطة أو اختبار
activity_editor,btnBack,ImageView,زر محتمل,,,,@dimen/dimen_44dp,@dimen/dimen_44dp,visible,decoded/res/layout/activity_editor.xml,decompiled/sources/com/oneguystudio/ytyper/databinding/ActivityEditorBinding.java,مورد موجود؛ الوصول والسلوك يحتاجان تحققًا عند غياب لقطة أو اختبار
activity_editor,btnUndo,ImageView,زر محتمل,,,,@dimen/dimen_44dp,@dimen/dimen_44dp,visible,decoded/res/layout/activity_editor.xml,decompiled/sources/com/oneguystudio/ytyper/databinding/ActivityEditorBinding.java,مورد موجود؛ الوصول والسلوك يحتاجان تحققًا عند غياب لقطة أو اختبار
activity_editor,btnRedo,ImageView,زر محتمل,,,,@dimen/dimen_44dp,@dimen/dimen_44dp,visible,decoded/res/layout/activity_editor.xml,decompiled/sources/com/oneguystudio/ytyper/databinding/ActivityEditorBinding.java,مورد موجود؛ الوصول والسلوك يحتاجان تحققًا عند غياب لقطة أو اختبار
activity_editor,tvProjectName,EditText,إدخال/اختيار,اسم الصفحة,,,wrap_content,wrap_content,visible,decoded/res/layout/activity_editor.xml,decompiled/sources/com/oneguystudio/ytyper/databinding/ActivityEditorBinding.java;decompiled/sources/com/oneguystudio/ytyper/ui/editor/EditorActivity.java,مورد موجود؛ الوصول والسلوك يحتاجان تحققًا عند غياب لقطة أو اختبار
activity_editor,btnGrid,ImageView,زر محتمل,,,,@dimen/dimen_44dp,@dimen/dimen_44dp,visible,decoded/res/layout/activity_editor.xml,decompiled/sources/com/oneguystudio/ytyper/databinding/ActivityEditorBinding.java,مورد موجود؛ الوصول والسلوك يحتاجان تحققًا عند غياب لقطة أو اختبار
activity_editor,btnSnap,ImageView,زر محتمل,,,,@dimen/dimen_44dp,@dimen/dimen_44dp,visible,decoded/res/layout/activity_editor.xml,decompiled/sources/com/oneguystudio/ytyper/databinding/ActivityEditorBinding.java;decompiled/sources/com/oneguystudio/ytyper/ui/editor/EditorActivity.java,مورد موجود؛ الوصول والسلوك يحتاجان تحققًا عند غياب لقطة أو اختبار
activity_editor,btnLock,ImageView,زر محتمل,,,,@dimen/dimen_44dp,@dimen/dimen_44dp,visible,decoded/res/layout/activity_editor.xml,decompiled/sources/com/oneguystudio/ytyper/databinding/ActivityEditorBinding.java;decompiled/sources/com/oneguystudio/ytyper/databinding/ItemLayerBinding.java;decompiled/sources/com/oneguystudio/ytyper/ui/editor/dialog/LayersBottomSheet.java,مورد موجود؛ الوصول والسلوك يحتاجان تحققًا عند غياب لقطة أو اختبار
activity_editor,btnLayers,ImageView,زر محتمل,,,,@dimen/dimen_44dp,@dimen/dimen_44dp,visible,decoded/res/layout/activity_editor.xml,decompiled/sources/com/oneguystudio/ytyper/databinding/ActivityEditorBinding.java,مورد موجود؛ الوصول والسلوك يحتاجان تحققًا عند غياب لقطة أو اختبار
activity_editor,btnPinBackground,ImageView,زر محتمل,,,,@dimen/dimen_40dp,@dimen/dimen_40dp,visible,decoded/res/layout/activity_editor.xml,decompiled/sources/com/oneguystudio/ytyper/databinding/ActivityEditorBinding.java;decompiled/sources/com/oneguystudio/ytyper/ui/editor/EditorActivity.java,مورد موجود؛ الوصول والسلوك يحتاجان تحققًا عند غياب لقطة أو اختبار
activity_editor,btnSettings,ImageView,زر محتمل,,,,@dimen/dimen_40dp,@dimen/dimen_40dp,visible,decoded/res/layout/activity_editor.xml,decompiled/sources/com/oneguystudio/ytyper/databinding/ActivityEditorBinding.java;decompiled/sources/com/oneguystudio/ytyper/ui/editor/EditorActivity.java,مورد موجود؛ الوصول والسلوك يحتاجان تحققًا عند غياب لقطة أو اختبار
activity_editor,btnSave,ImageView,زر محتمل,,,,@dimen/dimen_44dp,@dimen/dimen_44dp,visible,decoded/res/layout/activity_editor.xml,decompiled/sources/com/oneguystudio/ytyper/databinding/ActivityEditorBinding.java,مورد موجود؛ الوصول والسلوك يحتاجان تحققًا عند غياب لقطة أو اختبار
activity_editor,tvSniperCounter,TextView,عنصر عرض/حاوية,0 / 6,,,wrap_content,wrap_content,gone,decoded/res/layout/activity_editor.xml,decompiled/sources/com/oneguystudio/ytyper/databinding/ActivityEditorBinding.java;decompiled/sources/com/oneguystudio/ytyper/ui/editor/EditorActivity.java,مورد موجود؛ الوصول والسلوك يحتاجان تحققًا عند غياب لقطة أو اختبار
activity_editor,panelsContainer,FrameLayout,عنصر عرض/حاوية,,,,match_parent,wrap_content,visible,decoded/res/layout/activity_editor.xml,decompiled/sources/com/oneguystudio/ytyper/databinding/ActivityEditorBinding.java,مورد موجود؛ الوصول والسلوك يحتاجان تحققًا عند غياب لقطة أو اختبار
activity_editor,layoutEraserEditor,include,عنصر عرض/حاوية,,,,match_parent,wrap_content,gone,decoded/res/layout/activity_editor.xml,decompiled/sources/com/oneguystudio/ytyper/databinding/ActivityEditorBinding.java;decompiled/sources/com/oneguystudio/ytyper/ui/editor/b2.java,مورد موجود؛ الوصول والسلوك يحتاجان تحققًا عند غياب لقطة أو اختبار
activity_editor,layoutOpacityEditor,include,عنصر عرض/حاوية,,,,match_parent,wrap_content,gone,decoded/res/layout/activity_editor.xml,decompiled/sources/com/oneguystudio/ytyper/databinding/ActivityEditorBinding.java;decompiled/sources/com/oneguystudio/ytyper/databinding/ActivityTagMiniEditorBinding.java;decompiled/sources/com/oneguystudio/ytyper/ui/editor/TagMiniEditorActivity.java;decompiled/sources/com/oneguystudio/ytyper/ui/editor/b2.java;decompiled/sources/com/oneguystudio/ytyper/ui/editor/c1.java,مورد موجود؛ الوصول والسلوك يحتاجان تحققًا عند غياب لقطة أو اختبار
activity_editor,layoutFadeEditor,include,عنصر عرض/حاوية,,,,match_parent,wrap_content,gone,decoded/res/layout/activity_editor.xml,decompiled/sources/com/oneguystudio/ytyper/databinding/ActivityEditorBinding.java;decompiled/sources/com/oneguystudio/ytyper/ui/editor/b2.java;decompiled/sources/com/oneguystudio/ytyper/ui/editor/l1.java,مورد موجود؛ الوصول والسلوك يحتاجان تحققًا عند غياب لقطة أو اختبار
activity_editor,layoutPerspectiveEditor,include,عنصر عرض/حاوية,,,,match_parent,wrap_content,gone,decoded/res/layout/activity_editor.xml,decompiled/sources/com/oneguystudio/ytyper/databinding/ActivityEditorBinding.java;decompiled/sources/com/oneguystudio/ytyper/ui/editor/b2.java,مورد موجود؛ الوصول والسلوك يحتاجان تحققًا عند غياب لقطة أو اختبار
activity_editor,layoutEffectsEditor,include,عنصر عرض/حاوية,,,,match_parent,wrap_content,gone,decoded/res/layout/activity_editor.xml,decompiled/sources/com/oneguystudio/ytyper/databinding/ActivityEditorBinding.java;decompiled/sources/com/oneguystudio/ytyper/databinding/ActivityTagMiniEditorBinding.java;decompiled/sources/com/oneguystudio/ytyper/ui/editor/TagMiniEditorActivity.java;decompiled/sources/com/oneguystudio/ytyper/ui/editor/b2.java;decompiled/sources/com/oneguystudio/ytyper/ui/editor/c1.java,مورد موجود؛ الوصول والسلوك يحتاجان تحققًا عند غياب لقطة أو اختبار
activity_editor,layoutWarpEditor,include,عنصر عرض/حاوية,,,,match_parent,wrap_content,gone,decoded/res/layout/activity_editor.xml,decompiled/sources/com/oneguystudio/ytyper/databinding/ActivityEditorBinding.java;decompiled/sources/com/oneguystudio/ytyper/ui/editor/b2.java;decompiled/sources/com/oneguystudio/ytyper/ui/editor/h1.java;decompiled/sources/com/oneguystudio/ytyper/ui/editor/l1.java,مورد موجود؛ الوصول والسلوك يحتاجان تحققًا عند غياب لقطة أو اختبار
activity_editor,layoutTextureEditor,include,عنصر عرض/حاوية,,,,match_parent,wrap_content,gone,decoded/res/layout/activity_editor.xml,decompiled/sources/com/oneguystudio/ytyper/databinding/ActivityEditorBinding.java;decompiled/sources/com/oneguystudio/ytyper/databinding/ActivityTagMiniEditorBinding.java;decompiled/sources/com/oneguystudio/ytyper/ui/editor/TagMiniEditorActivity.java;decompiled/sources/com/oneguystudio/ytyper/ui/editor/b2.java;decompiled/sources/com/oneguystudio/ytyper/ui/editor/c1.java;decompiled/sources/com/oneguystudio/ytyper/ui/editor/l1.java,مورد موجود؛ الوصول والسلوك يحتاجان تحققًا عند غياب لقطة أو اختبار
activity_editor,layout3DEditor,include,عنصر عرض/حاوية,,,,match_parent,wrap_content,gone,decoded/res/layout/activity_editor.xml,decompiled/sources/com/oneguystudio/ytyper/databinding/ActivityEditorBinding.java;decompiled/sources/com/oneguystudio/ytyper/databinding/ActivityTagMiniEditorBinding.java;decompiled/sources/com/oneguystudio/ytyper/ui/editor/TagMiniEditorActivity.java;decompiled/sources/com/oneguystudio/ytyper/ui/editor/b2.java;decompiled/sources/com/oneguystudio/ytyper/ui/editor/c1.java;decompiled/sources/com/oneguystudio/ytyper/ui/editor/l1.java,مورد موجود؛ الوصول والسلوك يحتاجان تحققًا عند غياب لقطة أو اختبار
activity_editor,layoutPositionEditor,include,عنصر عرض/حاوية,,,,match_parent,wrap_content,gone,decoded/res/layout/activity_editor.xml,decompiled/sources/com/oneguystudio/ytyper/databinding/ActivityEditorBinding.java;decompiled/sources/com/oneguystudio/ytyper/ui/editor/b2.java,مورد موجود؛ الوصول والسلوك يحتاجان تحققًا عند غياب لقطة أو اختبار
activity_editor,layoutSpacingEditor,include,عنصر عرض/حاوية,,,,match_parent,wrap_content,gone,decoded/res/layout/activity_editor.xml,decompiled/sources/com/oneguystudio/ytyper/databinding/ActivityEditorBinding.java;decompiled/sources/com/oneguystudio/ytyper/databinding/ActivityTagMiniEditorBinding.java;decompiled/sources/com/oneguystudio/ytyper/ui/editor/TagMiniEditorActivity.java;decompiled/sources/com/oneguystudio/ytyper/ui/editor/b2.java;decompiled/sources/com/oneguystudio/ytyper/ui/editor/c1.java;decompiled/sources/com/oneguystudio/ytyper/ui/editor/l1.java,مورد موجود؛ الوصول والسلوك يحتاجان تحققًا عند غياب لقطة أو اختبار
activity_editor,layoutShadowEditor,include,عنصر عرض/حاوية,,,,match_parent,wrap_content,gone,decoded/res/layout/activity_editor.xml,decompiled/sources/com/oneguystudio/ytyper/databinding/ActivityEditorBinding.java;decompiled/sources/com/oneguystudio/ytyper/databinding/ActivityTagMiniEditorBinding.java;decompiled/sources/com/oneguystudio/ytyper/ui/editor/TagMiniEditorActivity.java;decompiled/sources/com/oneguystudio/ytyper/ui/editor/b2.java;decompiled/sources/com/oneguystudio/ytyper/ui/editor/c1.java,مورد موجود؛ الوصول والسلوك يحتاجان تحققًا عند غياب لقطة أو اختبار
activity_editor,layoutBackgroundEditor,include,عنصر عرض/حاوية,,,,match_parent,wrap_content,gone,decoded/res/layout/activity_editor.xml,decompiled/sources/com/oneguystudio/ytyper/databinding/ActivityEditorBinding.java;decompiled/sources/com/oneguystudio/ytyper/databinding/ActivityTagMiniEditorBinding.java;decompiled/sources/com/oneguystudio/ytyper/ui/editor/TagMiniEditorActivity.java;decompiled/sources/com/oneguystudio/ytyper/ui/editor/b2.java;decompiled/sources/com/oneguystudio/ytyper/ui/editor/c1.java,مورد موجود؛ الوصول والسلوك يحتاجان تحققًا عند غياب لقطة أو اختبار
activity_editor,layoutStrokeEditor,include,عنصر عرض/حاوية,,,,match_parent,wrap_content,gone,decoded/res/layout/activity_editor.xml,decompiled/sources/com/oneguystudio/ytyper/databinding/ActivityEditorBinding.java;decompiled/sources/com/oneguystudio/ytyper/databinding/ActivityTagMiniEditorBinding.java;decompiled/sources/com/oneguystudio/ytyper/ui/editor/TagMiniEditorActivity.java;decompiled/sources/com/oneguystudio/ytyper/ui/editor/b2.java;decompiled/sources/com/oneguystudio/ytyper/ui/editor/c1.java,مورد موجود؛ الوصول والسلوك يحتاجان تحققًا عند غياب لقطة أو اختبار
activity_editor,layoutColorPicker,include,عنصر عرض/حاوية,,,,match_parent,wrap_content,gone,decoded/res/layout/activity_editor.xml,decompiled/sources/com/oneguystudio/ytyper/databinding/ActivityEditorBinding.java;decompiled/sources/com/oneguystudio/ytyper/databinding/ActivityTagMiniEditorBinding.java;decompiled/sources/com/oneguystudio/ytyper/ui/editor/TagMiniEditorActivity.java;decompiled/sources/com/oneguystudio/ytyper/ui/editor/b2.java;decompiled/sources/com/oneguystudio/ytyper/ui/editor/c1.java,مورد موجود؛ الوصول والسلوك يحتاجان تحققًا عند غياب لقطة أو اختبار
activity_editor,layoutGradientMapEditor,include,عنصر عرض/حاوية,,,,match_parent,wrap_content,gone,decoded/res/layout/activity_editor.xml,decompiled/sources/com/oneguystudio/ytyper/databinding/ActivityEditorBinding.java;decompiled/sources/com/oneguystudio/ytyper/ui/editor/b2.java,مورد موجود؛ الوصول والسلوك يحتاجان تحققًا عند غياب لقطة أو اختبار
activity_editor,layoutTextFormat,include,عنصر عرض/حاوية,,,,match_parent,wrap_content,gone,decoded/res/layout/activity_editor.xml,decompiled/sources/com/oneguystudio/ytyper/databinding/ActivityEditorBinding.java;decompiled/sources/com/oneguystudio/ytyper/databinding/ActivityTagMiniEditorBinding.java;decompiled/sources/com/oneguystudio/ytyper/ui/editor/TagMiniEditorActivity.java;decompiled/sources/com/oneguystudio/ytyper/ui/editor/b2.java;decompiled/sources/com/oneguystudio/ytyper/ui/editor/c1.java;decompiled/sources/com/oneguystudio/ytyper/ui/editor/m1.java,مورد موجود؛ الوصول والسلوك يحتاجان تحققًا عند غياب لقطة أو اختبار
activity_editor,layoutTextLineFormat,include,عنصر عرض/حاوية,,,,match_parent,wrap_content,gone,decoded/res/layout/activity_editor.xml,decompiled/sources/com/oneguystudio/ytyper/databinding/ActivityEditorBinding.java;decompiled/sources/com/oneguystudio/ytyper/databinding/ActivityTagMiniEditorBinding.java;decompiled/sources/com/oneguystudio/ytyper/ui/editor/TagMiniEditorActivity.java;decompiled/sources/com/oneguystudio/ytyper/ui/editor/b2.java;decompiled/sources/com/oneguystudio/ytyper/ui/editor/c1.java;decompiled/sources/com/oneguystudio/ytyper/ui/editor/m1.java,مورد موجود؛ الوصول والسلوك يحتاجان تحققًا عند غياب لقطة أو اختبار
activity_editor,layoutFontPicker,include,عنصر عرض/حاوية,,,,match_parent,wrap_content,gone,decoded/res/layout/activity_editor.xml,decompiled/sources/com/oneguystudio/ytyper/databinding/ActivityEditorBinding.java;decompiled/sources/com/oneguystudio/ytyper/ui/editor/b2.java,مورد موجود؛ الوصول والسلوك يحتاجان تحققًا عند غياب لقطة أو اختبار
activity_editor,layoutStylesEditor,include,عنصر عرض/حاوية,,,,match_parent,wrap_content,gone,decoded/res/layout/activity_editor.xml,decompiled/sources/com/oneguystudio/ytyper/databinding/ActivityEditorBinding.java;decompiled/sources/com/oneguystudio/ytyper/databinding/ActivityTagMiniEditorBinding.java;decompiled/sources/com/oneguystudio/ytyper/ui/editor/EditorActivity.java;decompiled/sources/com/oneguystudio/ytyper/ui/editor/TagMiniEditorActivity.java;decompiled/sources/com/oneguystudio/ytyper/ui/editor/b2.java;decompiled/sources/com/oneguystudio/ytyper/ui/editor/c1.java;decompiled/sources/com/oneguystudio/ytyper/ui/editor/l1.java,مورد موجود؛ الوصول والسلوك يحتاجان تحققًا عند غياب لقطة أو اختبار
activity_editor,layoutDrawingBrushPanel,include,عنصر عرض/حاوية,,,,match_parent,wrap_content,gone,decoded/res/layout/activity_editor.xml,decompiled/sources/com/oneguystudio/ytyper/databinding/ActivityEditorBinding.java;decompiled/sources/com/oneguystudio/ytyper/ui/editor/b2.java;decompiled/sources/com/oneguystudio/ytyper/ui/editor/i0.java,مورد موجود؛ الوصول والسلوك يحتاجان تحققًا عند غياب لقطة أو اختبار
activity_editor,layoutDrawingBrushPlusPanel,include,عنصر عرض/حاوية,,,,match_parent,wrap_content,gone,decoded/res/layout/activity_editor.xml,decompiled/sources/com/oneguystudio/ytyper/databinding/ActivityEditorBinding.java;decompiled/sources/com/oneguystudio/ytyper/ui/editor/b2.java;decompiled/sources/com/oneguystudio/ytyper/ui/editor/i0.java,مورد موجود؛ الوصول والسلوك يحتاجان تحققًا عند غياب لقطة أو اختبار
activity_editor,layoutDrawingSmudgePanel,include,عنصر عرض/حاوية,,,,match_parent,wrap_content,gone,decoded/res/layout/activity_editor.xml,decompiled/sources/com/oneguystudio/ytyper/databinding/ActivityEditorBinding.java;decompiled/sources/com/oneguystudio/ytyper/ui/editor/b2.java;decompiled/sources/com/oneguystudio/ytyper/ui/editor/i0.java,مورد موجود؛ الوصول والسلوك يحتاجان تحققًا عند غياب لقطة أو اختبار
activity_editor,layoutDrawingColorPanel,include,عنصر عرض/حاوية,,,,match_parent,wrap_content,gone,decoded/res/layout/activity_editor.xml,decompiled/sources/com/oneguystudio/ytyper/databinding/ActivityEditorBinding.java;decompiled/sources/com/oneguystudio/ytyper/ui/editor/EditorActivity.java;decompiled/sources/com/oneguystudio/ytyper/ui/editor/b2.java,مورد موجود؛ الوصول والسلوك يحتاجان تحققًا عند غياب لقطة أو اختبار
activity_editor,layoutDrawingEraserPanel,include,عنصر عرض/حاوية,,,,match_parent,wrap_content,gone,decoded/res/layout/activity_editor.xml,decompiled/sources/com/oneguystudio/ytyper/databinding/ActivityEditorBinding.java;decompiled/sources/com/oneguystudio/ytyper/ui/editor/b2.java;decompiled/sources/com/oneguystudio/ytyper/ui/editor/i0.java,مورد موجود؛ الوصول والسلوك يحتاجان تحققًا عند غياب لقطة أو اختبار
activity_editor,layoutDrawingShapesPanel,include,عنصر عرض/حاوية,,,,match_parent,wrap_content,gone,decoded/res/layout/activity_editor.xml,decompiled/sources/com/oneguystudio/ytyper/databinding/ActivityEditorBinding.java;decompiled/sources/com/oneguystudio/ytyper/ui/editor/EditorActivity.java;decompiled/sources/com/oneguystudio/ytyper/ui/editor/b2.java,مورد موجود؛ الوصول والسلوك يحتاجان تحققًا عند غياب لقطة أو اختبار
activity_editor,layoutImageAdjustmentsEditor,include,عنصر عرض/حاوية,,,,match_parent,wrap_content,gone,decoded/res/layout/activity_editor.xml,decompiled/sources/com/oneguystudio/ytyper/databinding/ActivityEditorBinding.java;decompiled/sources/com/oneguystudio/ytyper/ui/editor/b2.java,مورد موجود؛ الوصول والسلوك يحتاجان تحققًا عند غياب لقطة أو اختبار
activity_editor,layoutImageFiltersEditor,include,عنصر عرض/حاوية,,,,match_parent,wrap_content,gone,decoded/res/layout/activity_editor.xml,decompiled/sources/com/oneguystudio/ytyper/databinding/ActivityEditorBinding.java;decompiled/sources/com/oneguystudio/ytyper/ui/editor/b2.java,مورد موجود؛ الوصول والسلوك يحتاجان تحققًا عند غياب لقطة أو اختبار
activity_editor,layoutImageEffectsEditor,include,عنصر عرض/حاوية,,,,match_parent,wrap_content,gone,decoded/res/layout/activity_editor.xml,decompiled/sources/com/oneguystudio/ytyper/databinding/ActivityEditorBinding.java;decompiled/sources/com/oneguystudio/ytyper/ui/editor/b2.java,مورد موجود؛ الوصول والسلوك يحتاجان تحققًا عند غياب لقطة أو اختبار
activity_editor,layoutMagicBrushEditor,include,عنصر عرض/حاوية,,,,match_parent,wrap_content,gone,decoded/res/layout/activity_editor.xml,decompiled/sources/com/oneguystudio/ytyper/databinding/ActivityEditorBinding.java;decompiled/sources/com/oneguystudio/ytyper/ui/editor/b2.java,مورد موجود؛ الوصول والسلوك يحتاجان تحققًا عند غياب لقطة أو اختبار
activity_editor,layoutInpaintEditor,include,عنصر عرض/حاوية,,,,match_parent,wrap_content,gone,decoded/res/layout/activity_editor.xml,decompiled/sources/com/oneguystudio/ytyper/databinding/ActivityEditorBinding.java;decompiled/sources/com/oneguystudio/ytyper/ui/editor/b2.java,مورد موجود؛ الوصول والسلوك يحتاجان تحققًا عند غياب لقطة أو اختبار
activity_editor,layoutInpaintVariationsEditor,include,عنصر عرض/حاوية,,,,match_parent,wrap_content,gone,decoded/res/layout/activity_editor.xml,decompiled/sources/com/oneguystudio/ytyper/databinding/ActivityEditorBinding.java;decompiled/sources/com/oneguystudio/ytyper/ui/editor/b2.java,مورد موجود؛ الوصول والسلوك يحتاجان تحققًا عند غياب لقطة أو اختبار
activity_editor,layoutRulerPanel,include,عنصر عرض/حاوية,,,,match_parent,wrap_content,gone,decoded/res/layout/activity_editor.xml,decompiled/sources/com/oneguystudio/ytyper/databinding/ActivityEditorBinding.java;decompiled/sources/com/oneguystudio/ytyper/ui/editor/b2.java,مورد موجود؛ الوصول والسلوك يحتاجان تحققًا عند غياب لقطة أو اختبار
activity_editor,cleanerPillWrapper,include,عنصر عرض/حاوية,,,,wrap_content,wrap_content,gone,decoded/res/layout/activity_editor.xml,decompiled/sources/com/oneguystudio/ytyper/databinding/ActivityEditorBinding.java;decompiled/sources/com/oneguystudio/ytyper/ui/editor/k1.java,مورد موجود؛ الوصول والسلوك يحتاجان تحققًا عند غياب لقطة أو اختبار
activity_editor,toolbarsContainer,FrameLayout,عنصر عرض/حاوية,,,,match_parent,wrap_content,visible,decoded/res/layout/activity_editor.xml,decompiled/sources/com/oneguystudio/ytyper/databinding/ActivityEditorBinding.java;decompiled/sources/com/oneguystudio/ytyper/ui/editor/g.java,مورد موجود؛ الوصول والسلوك يحتاجان تحققًا عند غياب لقطة أو اختبار
activity_editor,textToolBar,HorizontalScrollView,عنصر عرض/حاوية,,,,match_parent,@dimen/dimen_80dp,gone,decoded/res/layout/activity_editor.xml,decompiled/sources/com/oneguystudio/ytyper/databinding/ActivityEditorBinding.java;decompiled/sources/com/oneguystudio/ytyper/ui/editor/b2.java,مورد موجود؛ الوصول والسلوك يحتاجان تحققًا عند غياب لقطة أو اختبار
activity_editor,btnToolStyles,include,زر محتمل,,,,,,visible,decoded/res/layout/activity_editor.xml,decompiled/sources/com/oneguystudio/ytyper/databinding/ActivityEditorBinding.java;decompiled/sources/com/oneguystudio/ytyper/ui/editor/b2.java,مورد موجود؛ الوصول والسلوك يحتاجان تحققًا عند غياب لقطة أو اختبار
activity_editor,btnToolFont,include,زر محتمل,,,,,,visible,decoded/res/layout/activity_editor.xml,decompiled/sources/com/oneguystudio/ytyper/databinding/ActivityEditorBinding.java,مورد موجود؛ الوصول والسلوك يحتاجان تحققًا عند غياب لقطة أو اختبار
activity_editor,btnToolFormat,include,زر محتمل,,,,,,visible,decoded/res/layout/activity_editor.xml,decompiled/sources/com/oneguystudio/ytyper/databinding/ActivityEditorBinding.java,مورد موجود؛ الوصول والسلوك يحتاجان تحققًا عند غياب لقطة أو اختبار
activity_editor,btnToolLineFormat,include,زر محتمل,,,,,,visible,decoded/res/layout/activity_editor.xml,decompiled/sources/com/oneguystudio/ytyper/databinding/ActivityEditorBinding.java,مورد موجود؛ الوصول والسلوك يحتاجان تحققًا عند غياب لقطة أو اختبار
activity_editor,btnToolColor,include,زر محتمل,,,,,,visible,decoded/res/layout/activity_editor.xml,decompiled/sources/com/oneguystudio/ytyper/databinding/ActivityEditorBinding.java,مورد موجود؛ الوصول والسلوك يحتاجان تحققًا عند غياب لقطة أو اختبار
activity_editor,btnToolGradientMap,include,زر محتمل,,,,,,visible,decoded/res/layout/activity_editor.xml,decompiled/sources/com/oneguystudio/ytyper/databinding/ActivityEditorBinding.java,مورد موجود؛ الوصول والسلوك يحتاجان تحققًا عند غياب لقطة أو اختبار
activity_editor,btnToolStroke,include,زر محتمل,,,,,,visible,decoded/res/layout/activity_editor.xml,decompiled/sources/com/oneguystudio/ytyper/databinding/ActivityEditorBinding.java,مورد موجود؛ الوصول والسلوك يحتاجان تحققًا عند غياب لقطة أو اختبار
activity_editor,btnToolBackground,include,زر محتمل,,,,,,visible,decoded/res/layout/activity_editor.xml,decompiled/sources/com/oneguystudio/ytyper/databinding/ActivityEditorBinding.java,مورد موجود؛ الوصول والسلوك يحتاجان تحققًا عند غياب لقطة أو اختبار
activity_editor,btnToolShadow,include,زر محتمل,,,,,,visible,decoded/res/layout/activity_editor.xml,decompiled/sources/com/oneguystudio/ytyper/databinding/ActivityEditorBinding.java,مورد موجود؛ الوصول والسلوك يحتاجان تحققًا عند غياب لقطة أو اختبار
activity_editor,btnToolPosition,include,زر محتمل,,,,,,visible,decoded/res/layout/activity_editor.xml,decompiled/sources/com/oneguystudio/ytyper/databinding/ActivityEditorBinding.java;decompiled/sources/com/oneguystudio/ytyper/ui/editor/b2.java,مورد موجود؛ الوصول والسلوك يحتاجان تحققًا عند غياب لقطة أو اختبار
activity_editor,btnToolSpacing,include,زر محتمل,,,,,,visible,decoded/res/layout/activity_editor.xml,decompiled/sources/com/oneguystudio/ytyper/databinding/ActivityEditorBinding.java;decompiled/sources/com/oneguystudio/ytyper/ui/editor/b2.java,مورد موجود؛ الوصول والسلوك يحتاجان تحققًا عند غياب لقطة أو اختبار
activity_editor,btnTool3DRotate,include,زر محتمل,,,,,,visible,decoded/res/layout/activity_editor.xml,decompiled/sources/com/oneguystudio/ytyper/databinding/ActivityEditorBinding.java;decompiled/sources/com/oneguystudio/ytyper/ui/editor/b2.java,مورد موجود؛ الوصول والسلوك يحتاجان تحققًا عند غياب لقطة أو اختبار
activity_editor,btnToolPerspective,include,زر محتمل,,,,,,visible,decoded/res/layout/activity_editor.xml,decompiled/sources/com/oneguystudio/ytyper/databinding/ActivityEditorBinding.java,مورد موجود؛ الوصول والسلوك يحتاجان تحققًا عند غياب لقطة أو اختبار
activity_editor,btnToolEffects,include,زر محتمل,,,,,,visible,decoded/res/layout/activity_editor.xml,decompiled/sources/com/oneguystudio/ytyper/databinding/ActivityEditorBinding.java,مورد موجود؛ الوصول والسلوك يحتاجان تحققًا عند غياب لقطة أو اختبار
activity_editor,btnToolWarp,include,زر محتمل,,,,,,visible,decoded/res/layout/activity_editor.xml,decompiled/sources/com/oneguystudio/ytyper/databinding/ActivityEditorBinding.java;decompiled/sources/com/oneguystudio/ytyper/ui/editor/b2.java,مورد موجود؛ الوصول والسلوك يحتاجان تحققًا عند غياب لقطة أو اختبار
activity_editor,btnToolTexture,include,زر محتمل,,,,,,visible,decoded/res/layout/activity_editor.xml,decompiled/sources/com/oneguystudio/ytyper/databinding/ActivityEditorBinding.java;decompiled/sources/com/oneguystudio/ytyper/ui/editor/b2.java,مورد موجود؛ الوصول والسلوك يحتاجان تحققًا عند غياب لقطة أو اختبار
activity_editor,btnToolEraser,include,زر محتمل,,,,,,visible,decoded/res/layout/activity_editor.xml,decompiled/sources/com/oneguystudio/ytyper/databinding/ActivityEditorBinding.java;decompiled/sources/com/oneguystudio/ytyper/ui/editor/b2.java,مورد موجود؛ الوصول والسلوك يحتاجان تحققًا عند غياب لقطة أو اختبار
activity_editor,btnToolOpacity,include,زر محتمل,,,,,,visible,decoded/res/layout/activity_editor.xml,decompiled/sources/com/oneguystudio/ytyper/databinding/ActivityEditorBinding.java,مورد موجود؛ الوصول والسلوك يحتاجان تحققًا عند غياب لقطة أو اختبار
activity_editor,btnToolFade,include,زر محتمل,,,,,,visible,decoded/res/layout/activity_editor.xml,decompiled/sources/com/oneguystudio/ytyper/databinding/ActivityEditorBinding.java;decompiled/sources/com/oneguystudio/ytyper/ui/editor/b2.java,مورد موجود؛ الوصول والسلوك يحتاجان تحققًا عند غياب لقطة أو اختبار
activity_editor,btnToolRuler,include,زر محتمل,,,,,,gone,decoded/res/layout/activity_editor.xml,decompiled/sources/com/oneguystudio/ytyper/databinding/ActivityEditorBinding.java;decompiled/sources/com/oneguystudio/ytyper/ui/editor/b2.java,مورد موجود؛ الوصول والسلوك يحتاجان تحققًا عند غياب لقطة أو اختبار
activity_editor,btnTextToPng,include,زر محتمل,,,,,,visible,decoded/res/layout/activity_editor.xml,decompiled/sources/com/oneguystudio/ytyper/databinding/ActivityEditorBinding.java;decompiled/sources/com/oneguystudio/ytyper/ui/editor/b2.java,مورد موجود؛ الوصول والسلوك يحتاجان تحققًا عند غياب لقطة أو اختبار
activity_editor,imageToolBar,HorizontalScrollView,عنصر عرض/حاوية,,,,match_parent,@dimen/dimen_80dp,gone,decoded/res/layout/activity_editor.xml,decompiled/sources/com/oneguystudio/ytyper/databinding/ActivityEditorBinding.java;decompiled/sources/com/oneguystudio/ytyper/ui/editor/b2.java,مورد موجود؛ الوصول والسلوك يحتاجان تحققًا عند غياب لقطة أو اختبار
activity_editor,btnImgPosition,include,زر محتمل,,,,,,visible,decoded/res/layout/activity_editor.xml,decompiled/sources/com/oneguystudio/ytyper/databinding/ActivityEditorBinding.java,مورد موجود؛ الوصول والسلوك يحتاجان تحققًا عند غياب لقطة أو اختبار
activity_editor,btnImgPerspective,include,زر محتمل,,,,,,visible,decoded/res/layout/activity_editor.xml,decompiled/sources/com/oneguystudio/ytyper/databinding/ActivityEditorBinding.java,مورد موجود؛ الوصول والسلوك يحتاجان تحققًا عند غياب لقطة أو اختبار
activity_editor,btnImgOpacity,include,زر محتمل,,,,,,visible,decoded/res/layout/activity_editor.xml,decompiled/sources/com/oneguystudio/ytyper/databinding/ActivityEditorBinding.java,مورد موجود؛ الوصول والسلوك يحتاجان تحققًا عند غياب لقطة أو اختبار
activity_editor,btnImgCrop,include,زر محتمل,,,,,,visible,decoded/res/layout/activity_editor.xml,decompiled/sources/com/oneguystudio/ytyper/databinding/ActivityEditorBinding.java;decompiled/sources/com/oneguystudio/ytyper/ui/editor/b2.java,مورد موجود؛ الوصول والسلوك يحتاجان تحققًا عند غياب لقطة أو اختبار
activity_editor,btnImgResize,include,زر محتمل,,,,,,visible,decoded/res/layout/activity_editor.xml,decompiled/sources/com/oneguystudio/ytyper/databinding/ActivityEditorBinding.java;decompiled/sources/com/oneguystudio/ytyper/ui/editor/b2.java,مورد موجود؛ الوصول والسلوك يحتاجان تحققًا عند غياب لقطة أو اختبار
activity_editor,btnImgAdjust,include,زر محتمل,,,,,,visible,decoded/res/layout/activity_editor.xml,decompiled/sources/com/oneguystudio/ytyper/databinding/ActivityEditorBinding.java,مورد موجود؛ الوصول والسلوك يحتاجان تحققًا عند غياب لقطة أو اختبار
activity_editor,btnImgFilter,include,زر محتمل,,,,,,visible,decoded/res/layout/activity_editor.xml,decompiled/sources/com/oneguystudio/ytyper/databinding/ActivityEditorBinding.java,مورد موجود؛ الوصول والسلوك يحتاجان تحققًا عند غياب لقطة أو اختبار
activity_editor,btnImgEffects,include,زر محتمل,,,,,,visible,decoded/res/layout/activity_editor.xml,decompiled/sources/com/oneguystudio/ytyper/databinding/ActivityEditorBinding.java,مورد موجود؛ الوصول والسلوك يحتاجان تحققًا عند غياب لقطة أو اختبار
activity_editor,btnImgEraser,include,زر محتمل,,,,,,visible,decoded/res/layout/activity_editor.xml,decompiled/sources/com/oneguystudio/ytyper/databinding/ActivityEditorBinding.java,مورد موجود؛ الوصول والسلوك يحتاجان تحققًا عند غياب لقطة أو اختبار
activity_editor,btnImgMagicBrush,include,زر محتمل,,,,,,visible,decoded/res/layout/activity_editor.xml,decompiled/sources/com/oneguystudio/ytyper/databinding/ActivityEditorBinding.java,مورد موجود؛ الوصول والسلوك يحتاجان تحققًا عند غياب لقطة أو اختبار
activity_editor,shapeToolBar,HorizontalScrollView,عنصر عرض/حاوية,,,,match_parent,@dimen/dimen_80dp,gone,decoded/res/layout/activity_editor.xml,decompiled/sources/com/oneguystudio/ytyper/databinding/ActivityEditorBinding.java;decompiled/sources/com/oneguystudio/ytyper/ui/editor/EditorActivity.java;decompiled/sources/com/oneguystudio/ytyper/ui/editor/b2.java,مورد موجود؛ الوصول والسلوك يحتاجان تحققًا عند غياب لقطة أو اختبار
activity_editor,btnShapePosition,include,زر محتمل,,,,,,visible,decoded/res/layout/activity_editor.xml,decompiled/sources/com/oneguystudio/ytyper/databinding/ActivityEditorBinding.java,مورد موجود؛ الوصول والسلوك يحتاجان تحققًا عند غياب لقطة أو اختبار
activity_editor,btnShapePerspective,include,زر محتمل,,,,,,visible,decoded/res/layout/activity_editor.xml,decompiled/sources/com/oneguystudio/ytyper/databinding/ActivityEditorBinding.java,مورد موجود؛ الوصول والسلوك يحتاجان تحققًا عند غياب لقطة أو اختبار
activity_editor,btnShapeOpacity,include,زر محتمل,,,,,,visible,decoded/res/layout/activity_editor.xml,decompiled/sources/com/oneguystudio/ytyper/databinding/ActivityEditorBinding.java,مورد موجود؛ الوصول والسلوك يحتاجان تحققًا عند غياب لقطة أو اختبار
activity_editor,btnShapeColor,include,زر محتمل,,,,,,visible,decoded/res/layout/activity_editor.xml,decompiled/sources/com/oneguystudio/ytyper/databinding/ActivityEditorBinding.java;decompiled/sources/com/oneguystudio/ytyper/ui/editor/b2.java,مورد موجود؛ الوصول والسلوك يحتاجان تحققًا عند غياب لقطة أو اختبار
activity_editor,btnShapeEraser,include,زر محتمل,,,,,,visible,decoded/res/layout/activity_editor.xml,decompiled/sources/com/oneguystudio/ytyper/databinding/ActivityEditorBinding.java,مورد موجود؛ الوصول والسلوك يحتاجان تحققًا عند غياب لقطة أو اختبار
activity_editor,inpaintToolBar,HorizontalScrollView,عنصر عرض/حاوية,,,,match_parent,@dimen/dimen_80dp,gone,decoded/res/layout/activity_editor.xml,decompiled/sources/com/oneguystudio/ytyper/databinding/ActivityEditorBinding.java,مورد موجود؛ الوصول والسلوك يحتاجان تحققًا عند غياب لقطة أو اختبار
activity_editor,btnInpaintBrush,include,زر محتمل,,,,,,visible,decoded/res/layout/activity_editor.xml,decompiled/sources/com/oneguystudio/ytyper/databinding/ActivityEditorBinding.java;decompiled/sources/com/oneguystudio/ytyper/ui/editor/b2.java,مورد موجود؛ الوصول والسلوك يحتاجان تحققًا عند غياب لقطة أو اختبار
activity_editor,btnInpaintApply,include,زر محتمل,,,,,,visible,decoded/res/layout/activity_editor.xml,decompiled/sources/com/oneguystudio/ytyper/databinding/ActivityEditorBinding.java,مورد موجود؛ الوصول والسلوك يحتاجان تحققًا عند غياب لقطة أو اختبار
activity_editor,btnInpaintCancel,include,زر محتمل,,,,,,visible,decoded/res/layout/activity_editor.xml,decompiled/sources/com/oneguystudio/ytyper/databinding/ActivityEditorBinding.java,مورد موجود؛ الوصول والسلوك يحتاجان تحققًا عند غياب لقطة أو اختبار
activity_editor,drawingToolBar,HorizontalScrollView,عنصر عرض/حاوية,,,,match_parent,@dimen/dimen_80dp,gone,decoded/res/layout/activity_editor.xml,decompiled/sources/com/oneguystudio/ytyper/databinding/ActivityEditorBinding.java;decompiled/sources/com/oneguystudio/ytyper/ui/editor/i0.java,مورد موجود؛ الوصول والسلوك يحتاجان تحققًا عند غياب لقطة أو اختبار
activity_editor,btnDrawingBrush,include,زر محتمل,,,,,,visible,decoded/res/layout/activity_editor.xml,decompiled/sources/com/oneguystudio/ytyper/databinding/ActivityEditorBinding.java;decompiled/sources/com/oneguystudio/ytyper/ui/editor/EditorActivity.java;decompiled/sources/com/oneguystudio/ytyper/ui/editor/b2.java,مورد موجود؛ الوصول والسلوك يحتاجان تحققًا عند غياب لقطة أو اختبار
activity_editor,btnDrawingBrushPlus,include,زر محتمل,,,,,,gone,decoded/res/layout/activity_editor.xml,decompiled/sources/com/oneguystudio/ytyper/databinding/ActivityEditorBinding.java;decompiled/sources/com/oneguystudio/ytyper/ui/editor/EditorActivity.java;decompiled/sources/com/oneguystudio/ytyper/ui/editor/b2.java,مورد موجود؛ الوصول والسلوك يحتاجان تحققًا عند غياب لقطة أو اختبار
activity_editor,btnDrawingSmudge,include,زر محتمل,,,,,,visible,decoded/res/layout/activity_editor.xml,decompiled/sources/com/oneguystudio/ytyper/databinding/ActivityEditorBinding.java;decompiled/sources/com/oneguystudio/ytyper/ui/editor/EditorActivity.java;decompiled/sources/com/oneguystudio/ytyper/ui/editor/b2.java,مورد موجود؛ الوصول والسلوك يحتاجان تحققًا عند غياب لقطة أو اختبار
activity_editor,btnDrawingColor,include,زر محتمل,,,,,,visible,decoded/res/layout/activity_editor.xml,decompiled/sources/com/oneguystudio/ytyper/databinding/ActivityEditorBinding.java;decompiled/sources/com/oneguystudio/ytyper/ui/editor/EditorActivity.java;decompiled/sources/com/oneguystudio/ytyper/ui/editor/b2.java;decompiled/sources/com/oneguystudio/ytyper/ui/editor/i0.java,مورد موجود؛ الوصول والسلوك يحتاجان تحققًا عند غياب لقطة أو اختبار
activity_editor,btnDrawingEraser,include,زر محتمل,,,,,,visible,decoded/res/layout/activity_editor.xml,decompiled/sources/com/oneguystudio/ytyper/databinding/ActivityEditorBinding.java;decompiled/sources/com/oneguystudio/ytyper/ui/editor/EditorActivity.java;decompiled/sources/com/oneguystudio/ytyper/ui/editor/b2.java,مورد موجود؛ الوصول والسلوك يحتاجان تحققًا عند غياب لقطة أو اختبار
activity_editor,btnDrawingShapes,include,زر محتمل,,,,,,visible,decoded/res/layout/activity_editor.xml,decompiled/sources/com/oneguystudio/ytyper/databinding/ActivityEditorBinding.java;decompiled/sources/com/oneguystudio/ytyper/ui/editor/EditorActivity.java;decompiled/sources/com/oneguystudio/ytyper/ui/editor/b2.java,مورد موجود؛ الوصول والسلوك يحتاجان تحققًا عند غياب لقطة أو اختبار
activity_editor,btnDrawingUndo,include,زر محتمل,,,,,,visible,decoded/res/layout/activity_editor.xml,decompiled/sources/com/oneguystudio/ytyper/databinding/ActivityEditorBinding.java;decompiled/sources/com/oneguystudio/ytyper/ui/editor/EditorActivity.java,مورد موجود؛ الوصول والسلوك يحتاجان تحققًا عند غياب لقطة أو اختبار
activity_editor,btnDrawingDone,include,زر محتمل,,,,,,visible,decoded/res/layout/activity_editor.xml,decompiled/sources/com/oneguystudio/ytyper/databinding/ActivityEditorBinding.java;decompiled/sources/com/oneguystudio/ytyper/ui/editor/EditorActivity.java,مورد موجود؛ الوصول والسلوك يحتاجان تحققًا عند غياب لقطة أو اختبار
activity_editor,bottomBar,HorizontalScrollView,عنصر عرض/حاوية,,,,match_parent,wrap_content,visible,decoded/res/layout/activity_editor.xml,decompiled/sources/com/oneguystudio/ytyper/databinding/ActivityEditorBinding.java,مورد موجود؛ الوصول والسلوك يحتاجان تحققًا عند غياب لقطة أو اختبار
activity_editor,btnToolText,LinearLayout,زر محتمل,,,,@dimen/dimen_75dp,match_parent,visible,decoded/res/layout/activity_editor.xml,decompiled/sources/com/oneguystudio/ytyper/databinding/ActivityEditorBinding.java;decompiled/sources/com/oneguystudio/ytyper/ui/editor/EditorActivity.java,مورد موجود؛ الوصول والسلوك يحتاجان تحققًا عند غياب لقطة أو اختبار
activity_editor,btnInlineDrawMode,LinearLayout,زر محتمل,,,,@dimen/dimen_75dp,match_parent,visible,decoded/res/layout/activity_editor.xml,decompiled/sources/com/oneguystudio/ytyper/databinding/ActivityEditorBinding.java,مورد موجود؛ الوصول والسلوك يحتاجان تحققًا عند غياب لقطة أو اختبار
activity_editor,btnToolImage,LinearLayout,زر محتمل,,,,@dimen/dimen_75dp,match_parent,visible,decoded/res/layout/activity_editor.xml,decompiled/sources/com/oneguystudio/ytyper/databinding/ActivityEditorBinding.java,مورد موجود؛ الوصول والسلوك يحتاجان تحققًا عند غياب لقطة أو اختبار
activity_editor,btnToolImageDrafts,LinearLayout,زر محتمل,,,,@dimen/dimen_75dp,match_parent,visible,decoded/res/layout/activity_editor.xml,decompiled/sources/com/oneguystudio/ytyper/databinding/ActivityEditorBinding.java;decompiled/sources/com/oneguystudio/ytyper/ui/editor/EditorActivity.java,مورد موجود؛ الوصول والسلوك يحتاجان تحققًا عند غياب لقطة أو اختبار
activity_editor,btnToolShapes,LinearLayout,زر محتمل,,,,@dimen/dimen_75dp,match_parent,visible,decoded/res/layout/activity_editor.xml,decompiled/sources/com/oneguystudio/ytyper/databinding/ActivityEditorBinding.java,مورد موجود؛ الوصول والسلوك يحتاجان تحققًا عند غياب لقطة أو اختبار
activity_editor,btnToolOneHandPan,LinearLayout,زر محتمل,,,,@dimen/dimen_75dp,match_parent,visible,decoded/res/layout/activity_editor.xml,decompiled/sources/com/oneguystudio/ytyper/databinding/ActivityEditorBinding.java;decompiled/sources/com/oneguystudio/ytyper/ui/editor/EditorActivity.java,مورد موجود؛ الوصول والسلوك يحتاجان تحققًا عند غياب لقطة أو اختبار
activity_editor,icToolOneHandPan,ImageView,عنصر عرض/حاوية,,,,@dimen/dimen_28dp,@dimen/dimen_28dp,visible,decoded/res/layout/activity_editor.xml,decompiled/sources/com/oneguystudio/ytyper/databinding/ActivityEditorBinding.java;decompiled/sources/com/oneguystudio/ytyper/ui/editor/EditorActivity.java,مورد موجود؛ الوصول والسلوك يحتاجان تحققًا عند غياب لقطة أو اختبار
activity_editor,tvToolOneHandPan,TextView,عنصر عرض/حاوية,تحريك,,,wrap_content,wrap_content,visible,decoded/res/layout/activity_editor.xml,decompiled/sources/com/oneguystudio/ytyper/databinding/ActivityEditorBinding.java;decompiled/sources/com/oneguystudio/ytyper/ui/editor/EditorActivity.java,مورد موجود؛ الوصول والسلوك يحتاجان تحققًا عند غياب لقطة أو اختبار
activity_editor,btnToolBgInpaint,LinearLayout,زر محتمل,,,,75.0dp,match_parent,visible,decoded/res/layout/activity_editor.xml,decompiled/sources/com/oneguystudio/ytyper/databinding/ActivityEditorBinding.java,مورد موجود؛ الوصول والسلوك يحتاجان تحققًا عند غياب لقطة أو اختبار
activity_editor,btnReplaceBackground,LinearLayout,زر محتمل,,,,wrap_content,wrap_content,visible,decoded/res/layout/activity_editor.xml,decompiled/sources/com/oneguystudio/ytyper/databinding/ActivityEditorBinding.java;decompiled/sources/com/oneguystudio/ytyper/ui/editor/EditorActivity.java,مورد موجود؛ الوصول والسلوك يحتاجان تحققًا عند غياب لقطة أو اختبار
activity_editor,btnToolCropBg,LinearLayout,زر محتمل,,,,@dimen/dimen_75dp,match_parent,visible,decoded/res/layout/activity_editor.xml,decompiled/sources/com/oneguystudio/ytyper/databinding/ActivityEditorBinding.java;decompiled/sources/com/oneguystudio/ytyper/ui/editor/EditorActivity.java,مورد موجود؛ الوصول والسلوك يحتاجان تحققًا عند غياب لقطة أو اختبار
activity_editor,btnToolPasteImage,LinearLayout,زر محتمل,,,,75.0dp,match_parent,visible,decoded/res/layout/activity_editor.xml,decompiled/sources/com/oneguystudio/ytyper/databinding/ActivityEditorBinding.java;decompiled/sources/com/oneguystudio/ytyper/ui/editor/EditorActivity.java,مورد موجود؛ الوصول والسلوك يحتاجان تحققًا عند غياب لقطة أو اختبار
activity_editor,btnToolMergeNext,LinearLayout,زر محتمل,,,,@dimen/dimen_75dp,match_parent,visible,decoded/res/layout/activity_editor.xml,decompiled/sources/com/oneguystudio/ytyper/databinding/ActivityEditorBinding.java;decompiled/sources/com/oneguystudio/ytyper/ui/editor/EditorActivity.java,مورد موجود؛ الوصول والسلوك يحتاجان تحققًا عند غياب لقطة أو اختبار
activity_editor,btnToolSplitPage,LinearLayout,زر محتمل,,,,@dimen/dimen_75dp,match_parent,visible,decoded/res/layout/activity_editor.xml,decompiled/sources/com/oneguystudio/ytyper/databinding/ActivityEditorBinding.java;decompiled/sources/com/oneguystudio/ytyper/ui/editor/EditorActivity.java,مورد موجود؛ الوصول والسلوك يحتاجان تحققًا عند غياب لقطة أو اختبار
activity_editor,btnToolResizeBg,LinearLayout,زر محتمل,,,,@dimen/dimen_75dp,match_parent,visible,decoded/res/layout/activity_editor.xml,decompiled/sources/com/oneguystudio/ytyper/databinding/ActivityEditorBinding.java;decompiled/sources/com/oneguystudio/ytyper/ui/editor/EditorActivity.java;decompiled/sources/com/oneguystudio/ytyper/ui/editor/m1.java,مورد موجود؛ الوصول والسلوك يحتاجان تحققًا عند غياب لقطة أو اختبار
activity_editor,btnCanvasBackground,LinearLayout,زر محتمل,,,,@dimen/dimen_75dp,match_parent,visible,decoded/res/layout/activity_editor.xml,decompiled/sources/com/oneguystudio/ytyper/databinding/ActivityEditorBinding.java;decompiled/sources/com/oneguystudio/ytyper/ui/editor/EditorActivity.java,مورد موجود؛ الوصول والسلوك يحتاجان تحققًا عند غياب لقطة أو اختبار
activity_editor,inlineEditorTouchGuard,View,زر محتمل,,,,match_parent,0.0dp,gone,decoded/res/layout/activity_editor.xml,decompiled/sources/com/oneguystudio/ytyper/databinding/ActivityEditorBinding.java,مورد موجود؛ الوصول والسلوك يحتاجان تحققًا عند غياب لقطة أو اختبار
activity_editor,includedInlineEditor,include,عنصر عرض/حاوية,,,,match_parent,wrap_content,visible,decoded/res/layout/activity_editor.xml,decompiled/sources/com/oneguystudio/ytyper/databinding/ActivityEditorBinding.java,مورد موجود؛ الوصول والسلوك يحتاجان تحققًا عند غياب لقطة أو اختبار
activity_editor,overlayLoading,FrameLayout,زر محتمل,,,,match_parent,match_parent,gone,decoded/res/layout/activity_editor.xml,decompiled/sources/com/oneguystudio/ytyper/databinding/ActivityEditorBinding.java,مورد موجود؛ الوصول والسلوك يحتاجان تحققًا عند غياب لقطة أو اختبار
activity_editor,tvLoadingText,TextView,عنصر عرض/حاوية,,,,wrap_content,wrap_content,gone,decoded/res/layout/activity_editor.xml,decompiled/sources/com/oneguystudio/ytyper/databinding/ActivityEditorBinding.java,مورد موجود؛ الوصول والسلوك يحتاجان تحققًا عند غياب لقطة أو اختبار
activity_editor,btnCancelAutoCleaner,TextView,زر محتمل,إلغاء التنظيف,,,wrap_content,wrap_content,gone,decoded/res/layout/activity_editor.xml,decompiled/sources/com/oneguystudio/ytyper/databinding/ActivityEditorBinding.java,مورد موجود؛ الوصول والسلوك يحتاجان تحققًا عند غياب لقطة أو اختبار
activity_editor,brushSizePreviewContainer,FrameLayout,زر محتمل,,,,match_parent,match_parent,gone,decoded/res/layout/activity_editor.xml,decompiled/sources/com/oneguystudio/ytyper/databinding/ActivityEditorBinding.java,مورد موجود؛ الوصول والسلوك يحتاجان تحققًا عند غياب لقطة أو اختبار
activity_editor,brushSizePreview,View,عنصر عرض/حاوية,,,,10.0dp,10.0dp,visible,decoded/res/layout/activity_editor.xml,decompiled/sources/com/oneguystudio/ytyper/databinding/ActivityEditorBinding.java,مورد موجود؛ الوصول والسلوك يحتاجان تحققًا عند غياب لقطة أو اختبار
activity_editor,btnFloatingSniperPaste,ImageView,زر محتمل,,,,56.0dp,56.0dp,gone,decoded/res/layout/activity_editor.xml,decompiled/sources/com/oneguystudio/ytyper/databinding/ActivityEditorBinding.java;decompiled/sources/com/oneguystudio/ytyper/ui/editor/EditorActivity.java;decompiled/sources/com/oneguystudio/ytyper/ui/editor/typer/w.java,مورد موجود؛ الوصول والسلوك يحتاجان تحققًا عند غياب لقطة أو اختبار
activity_english_fonts,iv_background_wallpaper,ImageView,عنصر عرض/حاوية,,,@null,match_parent,match_parent,visible,decoded/res/layout/activity_english_fonts.xml,decompiled/sources/com/oneguystudio/ytyper/databinding/ActivityArabicFontsBinding.java;decompiled/sources/com/oneguystudio/ytyper/databinding/ActivityCommunityBinding.java;decompiled/sources/com/oneguystudio/ytyper/databinding/ActivityCreatePostBinding.java;decompiled/sources/com/oneguystudio/ytyper/databinding/ActivityEnglishFontsBinding.java;decompiled/sources/com/oneguystudio/ytyper/databinding/ActivityExportStudioBinding.java;decompiled/sources/com/oneguystudio/ytyper/databinding/ActivityFontLibraryBinding.java;decompiled/sources/com/oneguystudio/ytyper/databinding/ActivityImageCropBinding.java;decompiled/sources/com/oneguystudio/ytyper/databinding/ActivityImportedFontsBinding.java;decompiled/sources/com/oneguystudio/ytyper/databinding/ActivityMainBinding.java;decompiled/sources/com/oneguystudio/ytyper/databinding/ActivityProjectGalleryBinding.java;decompiled/sources/com/oneguystudio/ytyper/databinding/ActivityProjectsBinding.java;decompiled/sources/com/oneguystudio/ytyper/databinding/ActivitySettingsBinding.java;decompiled/sources/com/oneguystudio/ytyper/databinding/ActivityStoreBinding.java;decompiled/sources/com/oneguystudio/ytyper/databinding/ActivityWebtoonScraperBinding.java;decompiled/sources/com/oneguystudio/ytyper/ui/projectsgallery/ProjectGalleryActivity.java;decompiled/sources/com/oneguystudio/ytyper/ui/projectsgallery/p0.java;decompiled/sources/com/oneguystudio/ytyper/utils/ThemeUtils.java,مورد موجود؛ الوصول والسلوك يحتاجان تحققًا عند غياب لقطة أو اختبار
activity_english_fonts,compose_english_fonts,ComposeView,عنصر عرض/حاوية,,,,match_parent,match_parent,visible,decoded/res/layout/activity_english_fonts.xml,decompiled/sources/com/oneguystudio/ytyper/databinding/ActivityEnglishFontsBinding.java;decompiled/sources/com/oneguystudio/ytyper/ui/library/EnglishFontsActivity.java,مورد موجود؛ الوصول والسلوك يحتاجان تحققًا عند غياب لقطة أو اختبار
activity_export_studio,rootLayout,FrameLayout,عنصر عرض/حاوية,,,,match_parent,match_parent,visible,decoded/res/layout/activity_export_studio.xml,,مورد موجود؛ الوصول والسلوك يحتاجان تحققًا عند غياب لقطة أو اختبار
activity_export_studio,iv_background_wallpaper,ImageView,عنصر عرض/حاوية,,,@null,match_parent,match_parent,visible,decoded/res/layout/activity_export_studio.xml,decompiled/sources/com/oneguystudio/ytyper/databinding/ActivityArabicFontsBinding.java;decompiled/sources/com/oneguystudio/ytyper/databinding/ActivityCommunityBinding.java;decompiled/sources/com/oneguystudio/ytyper/databinding/ActivityCreatePostBinding.java;decompiled/sources/com/oneguystudio/ytyper/databinding/ActivityEnglishFontsBinding.java;decompiled/sources/com/oneguystudio/ytyper/databinding/ActivityExportStudioBinding.java;decompiled/sources/com/oneguystudio/ytyper/databinding/ActivityFontLibraryBinding.java;decompiled/sources/com/oneguystudio/ytyper/databinding/ActivityImageCropBinding.java;decompiled/sources/com/oneguystudio/ytyper/databinding/ActivityImportedFontsBinding.java;decompiled/sources/com/oneguystudio/ytyper/databinding/ActivityMainBinding.java;decompiled/sources/com/oneguystudio/ytyper/databinding/ActivityProjectGalleryBinding.java;decompiled/sources/com/oneguystudio/ytyper/databinding/ActivityProjectsBinding.java;decompiled/sources/com/oneguystudio/ytyper/databinding/ActivitySettingsBinding.java;decompiled/sources/com/oneguystudio/ytyper/databinding/ActivityStoreBinding.java;decompiled/sources/com/oneguystudio/ytyper/databinding/ActivityWebtoonScraperBinding.java;decompiled/sources/com/oneguystudio/ytyper/ui/projectsgallery/ProjectGalleryActivity.java;decompiled/sources/com/oneguystudio/ytyper/ui/projectsgallery/p0.java;decompiled/sources/com/oneguystudio/ytyper/utils/ThemeUtils.java,مورد موجود؛ الوصول والسلوك يحتاجان تحققًا عند غياب لقطة أو اختبار
activity_export_studio,compose_export_studio,ComposeView,عنصر عرض/حاوية,,,,match_parent,match_parent,visible,decoded/res/layout/activity_export_studio.xml,decompiled/sources/com/oneguystudio/ytyper/databinding/ActivityExportStudioBinding.java;decompiled/sources/com/oneguystudio/ytyper/ui/editor/ExportStudioActivity.java,مورد موجود؛ الوصول والسلوك يحتاجان تحققًا عند غياب لقطة أو اختبار
activity_font_library,iv_background_wallpaper,ImageView,عنصر عرض/حاوية,,,@null,match_parent,match_parent,visible,decoded/res/layout/activity_font_library.xml,decompiled/sources/com/oneguystudio/ytyper/databinding/ActivityArabicFontsBinding.java;decompiled/sources/com/oneguystudio/ytyper/databinding/ActivityCommunityBinding.java;decompiled/sources/com/oneguystudio/ytyper/databinding/ActivityCreatePostBinding.java;decompiled/sources/com/oneguystudio/ytyper/databinding/ActivityEnglishFontsBinding.java;decompiled/sources/com/oneguystudio/ytyper/databinding/ActivityExportStudioBinding.java;decompiled/sources/com/oneguystudio/ytyper/databinding/ActivityFontLibraryBinding.java;decompiled/sources/com/oneguystudio/ytyper/databinding/ActivityImageCropBinding.java;decompiled/sources/com/oneguystudio/ytyper/databinding/ActivityImportedFontsBinding.java;decompiled/sources/com/oneguystudio/ytyper/databinding/ActivityMainBinding.java;decompiled/sources/com/oneguystudio/ytyper/databinding/ActivityProjectGalleryBinding.java;decompiled/sources/com/oneguystudio/ytyper/databinding/ActivityProjectsBinding.java;decompiled/sources/com/oneguystudio/ytyper/databinding/ActivitySettingsBinding.java;decompiled/sources/com/oneguystudio/ytyper/databinding/ActivityStoreBinding.java;decompiled/sources/com/oneguystudio/ytyper/databinding/ActivityWebtoonScraperBinding.java;decompiled/sources/com/oneguystudio/ytyper/ui/projectsgallery/ProjectGalleryActivity.java;decompiled/sources/com/oneguystudio/ytyper/ui/projectsgallery/p0.java;decompiled/sources/com/oneguystudio/ytyper/utils/ThemeUtils.java,مورد موجود؛ الوصول والسلوك يحتاجان تحققًا عند غياب لقطة أو اختبار
activity_font_library,compose_font_library,ComposeView,عنصر عرض/حاوية,,,,match_parent,match_parent,visible,decoded/res/layout/activity_font_library.xml,decompiled/sources/com/oneguystudio/ytyper/databinding/ActivityFontLibraryBinding.java;decompiled/sources/com/oneguystudio/ytyper/ui/library/FontLibraryActivity.java,مورد موجود؛ الوصول والسلوك يحتاجان تحققًا عند غياب لقطة أو اختبار
activity_image_crop,rootLayout,ConstraintLayout,عنصر عرض/حاوية,,,,match_parent,match_parent,visible,decoded/res/layout/activity_image_crop.xml,,مورد موجود؛ الوصول والسلوك يحتاجان تحققًا عند غياب لقطة أو اختبار
activity_image_crop,iv_background_wallpaper,ImageView,عنصر عرض/حاوية,,,@null,0.0dp,0.0dp,visible,decoded/res/layout/activity_image_crop.xml,decompiled/sources/com/oneguystudio/ytyper/databinding/ActivityArabicFontsBinding.java;decompiled/sources/com/oneguystudio/ytyper/databinding/ActivityCommunityBinding.java;decompiled/sources/com/oneguystudio/ytyper/databinding/ActivityCreatePostBinding.java;decompiled/sources/com/oneguystudio/ytyper/databinding/ActivityEnglishFontsBinding.java;decompiled/sources/com/oneguystudio/ytyper/databinding/ActivityExportStudioBinding.java;decompiled/sources/com/oneguystudio/ytyper/databinding/ActivityFontLibraryBinding.java;decompiled/sources/com/oneguystudio/ytyper/databinding/ActivityImageCropBinding.java;decompiled/sources/com/oneguystudio/ytyper/databinding/ActivityImportedFontsBinding.java;decompiled/sources/com/oneguystudio/ytyper/databinding/ActivityMainBinding.java;decompiled/sources/com/oneguystudio/ytyper/databinding/ActivityProjectGalleryBinding.java;decompiled/sources/com/oneguystudio/ytyper/databinding/ActivityProjectsBinding.java;decompiled/sources/com/oneguystudio/ytyper/databinding/ActivitySettingsBinding.java;decompiled/sources/com/oneguystudio/ytyper/databinding/ActivityStoreBinding.java;decompiled/sources/com/oneguystudio/ytyper/databinding/ActivityWebtoonScraperBinding.java;decompiled/sources/com/oneguystudio/ytyper/ui/projectsgallery/ProjectGalleryActivity.java;decompiled/sources/com/oneguystudio/ytyper/ui/projectsgallery/p0.java;decompiled/sources/com/oneguystudio/ytyper/utils/ThemeUtils.java,مورد موجود؛ الوصول والسلوك يحتاجان تحققًا عند غياب لقطة أو اختبار
activity_image_crop,topBar,LinearLayout,عنصر عرض/حاوية,,,,match_parent,wrap_content,visible,decoded/res/layout/activity_image_crop.xml,decompiled/sources/com/oneguystudio/ytyper/databinding/ActivityEditorBinding.java;decompiled/sources/com/oneguystudio/ytyper/databinding/ActivityImageCropBinding.java;decompiled/sources/com/oneguystudio/ytyper/databinding/ActivityTagMiniEditorBinding.java;decompiled/sources/com/oneguystudio/ytyper/ui/editor/TagMiniEditorActivity.java,مورد موجود؛ الوصول والسلوك يحتاجان تحققًا عند غياب لقطة أو اختبار
activity_image_crop,btnCancelCrop,ImageView,زر محتمل,,,,44.0dp,44.0dp,visible,decoded/res/layout/activity_image_crop.xml,decompiled/sources/com/oneguystudio/ytyper/databinding/ActivityImageCropBinding.java,مورد موجود؛ الوصول والسلوك يحتاجان تحققًا عند غياب لقطة أو اختبار
activity_image_crop,btnExportForHealing,ImageView,زر محتمل,,,,44.0dp,44.0dp,visible,decoded/res/layout/activity_image_crop.xml,decompiled/sources/com/oneguystudio/ytyper/databinding/ActivityImageCropBinding.java,مورد موجود؛ الوصول والسلوك يحتاجان تحققًا عند غياب لقطة أو اختبار
activity_image_crop,btnSliceMode,ImageView,زر محتمل,,,,44.0dp,44.0dp,visible,decoded/res/layout/activity_image_crop.xml,decompiled/sources/com/oneguystudio/ytyper/databinding/ActivityImageCropBinding.java,مورد موجود؛ الوصول والسلوك يحتاجان تحققًا عند غياب لقطة أو اختبار
activity_image_crop,btnDoneCrop,ImageView,زر محتمل,,,,44.0dp,44.0dp,visible,decoded/res/layout/activity_image_crop.xml,decompiled/sources/com/oneguystudio/ytyper/databinding/ActivityImageCropBinding.java,مورد موجود؛ الوصول والسلوك يحتاجان تحققًا عند غياب لقطة أو اختبار
activity_image_crop,cropImageView,CropImageView,عنصر عرض/حاوية,,,,match_parent,0.0dp,visible,decoded/res/layout/activity_image_crop.xml,decompiled/sources/com/oneguystudio/ytyper/databinding/ActivityImageCropBinding.java,مورد موجود؛ الوصول والسلوك يحتاجان تحققًا عند غياب لقطة أو اختبار
activity_image_crop,bottomCropBar,HorizontalScrollView,عنصر عرض/حاوية,,,,match_parent,wrap_content,visible,decoded/res/layout/activity_image_crop.xml,decompiled/sources/com/oneguystudio/ytyper/databinding/ActivityImageCropBinding.java,مورد موجود؛ الوصول والسلوك يحتاجان تحققًا عند غياب لقطة أو اختبار
activity_image_crop,btnCropFree,TextView,زر محتمل,حر,,,wrap_content,wrap_content,visible,decoded/res/layout/activity_image_crop.xml,decompiled/sources/com/oneguystudio/ytyper/databinding/ActivityImageCropBinding.java,مورد موجود؛ الوصول والسلوك يحتاجان تحققًا عند غياب لقطة أو اختبار
activity_image_crop,btnCropFull,TextView,زر محتمل,كامل,,,wrap_content,wrap_content,visible,decoded/res/layout/activity_image_crop.xml,decompiled/sources/com/oneguystudio/ytyper/databinding/ActivityImageCropBinding.java,مورد موجود؛ الوصول والسلوك يحتاجان تحققًا عند غياب لقطة أو اختبار
activity_image_crop,btnCropSquare,TextView,زر محتمل,1:1,,,wrap_content,wrap_content,visible,decoded/res/layout/activity_image_crop.xml,decompiled/sources/com/oneguystudio/ytyper/databinding/ActivityImageCropBinding.java,مورد موجود؛ الوصول والسلوك يحتاجان تحققًا عند غياب لقطة أو اختبار
activity_image_crop,btnCropCircle,TextView,زر محتمل,دائرة,,,wrap_content,wrap_content,visible,decoded/res/layout/activity_image_crop.xml,decompiled/sources/com/oneguystudio/ytyper/databinding/ActivityImageCropBinding.java,مورد موجود؛ الوصول والسلوك يحتاجان تحققًا عند غياب لقطة أو اختبار
activity_image_crop,btnCrop3x4,TextView,زر محتمل,3:4,,,wrap_content,wrap_content,visible,decoded/res/layout/activity_image_crop.xml,decompiled/sources/com/oneguystudio/ytyper/databinding/ActivityImageCropBinding.java,مورد موجود؛ الوصول والسلوك يحتاجان تحققًا عند غياب لقطة أو اختبار
activity_image_crop,btnCrop4x3,TextView,زر محتمل,4:3,,,wrap_content,wrap_content,visible,decoded/res/layout/activity_image_crop.xml,decompiled/sources/com/oneguystudio/ytyper/databinding/ActivityImageCropBinding.java,مورد موجود؛ الوصول والسلوك يحتاجان تحققًا عند غياب لقطة أو اختبار
activity_image_crop,btnCrop9x16,TextView,زر محتمل,9:16,,,wrap_content,wrap_content,visible,decoded/res/layout/activity_image_crop.xml,decompiled/sources/com/oneguystudio/ytyper/databinding/ActivityImageCropBinding.java,مورد موجود؛ الوصول والسلوك يحتاجان تحققًا عند غياب لقطة أو اختبار
activity_image_crop,btnCrop16x9,TextView,زر محتمل,16:9,,,wrap_content,wrap_content,visible,decoded/res/layout/activity_image_crop.xml,decompiled/sources/com/oneguystudio/ytyper/databinding/ActivityImageCropBinding.java,مورد موجود؛ الوصول والسلوك يحتاجان تحققًا عند غياب لقطة أو اختبار
activity_imported_fonts,iv_background_wallpaper,ImageView,عنصر عرض/حاوية,,,,match_parent,match_parent,visible,decoded/res/layout/activity_imported_fonts.xml,decompiled/sources/com/oneguystudio/ytyper/databinding/ActivityArabicFontsBinding.java;decompiled/sources/com/oneguystudio/ytyper/databinding/ActivityCommunityBinding.java;decompiled/sources/com/oneguystudio/ytyper/databinding/ActivityCreatePostBinding.java;decompiled/sources/com/oneguystudio/ytyper/databinding/ActivityEnglishFontsBinding.java;decompiled/sources/com/oneguystudio/ytyper/databinding/ActivityExportStudioBinding.java;decompiled/sources/com/oneguystudio/ytyper/databinding/ActivityFontLibraryBinding.java;decompiled/sources/com/oneguystudio/ytyper/databinding/ActivityImageCropBinding.java;decompiled/sources/com/oneguystudio/ytyper/databinding/ActivityImportedFontsBinding.java;decompiled/sources/com/oneguystudio/ytyper/databinding/ActivityMainBinding.java;decompiled/sources/com/oneguystudio/ytyper/databinding/ActivityProjectGalleryBinding.java;decompiled/sources/com/oneguystudio/ytyper/databinding/ActivityProjectsBinding.java;decompiled/sources/com/oneguystudio/ytyper/databinding/ActivitySettingsBinding.java;decompiled/sources/com/oneguystudio/ytyper/databinding/ActivityStoreBinding.java;decompiled/sources/com/oneguystudio/ytyper/databinding/ActivityWebtoonScraperBinding.java;decompiled/sources/com/oneguystudio/ytyper/ui/projectsgallery/ProjectGalleryActivity.java;decompiled/sources/com/oneguystudio/ytyper/ui/projectsgallery/p0.java;decompiled/sources/com/oneguystudio/ytyper/utils/ThemeUtils.java,مورد موجود؛ الوصول والسلوك يحتاجان تحققًا عند غياب لقطة أو اختبار
activity_imported_fonts,compose_imported_fonts,ComposeView,عنصر عرض/حاوية,,,,match_parent,match_parent,visible,decoded/res/layout/activity_imported_fonts.xml,decompiled/sources/com/oneguystudio/ytyper/databinding/ActivityImportedFontsBinding.java;decompiled/sources/com/oneguystudio/ytyper/ui/library/ImportedFontsActivity.java;decompiled/sources/com/oneguystudio/ytyper/ui/library/ImportedStylesActivity.java,مورد موجود؛ الوصول والسلوك يحتاجان تحققًا عند غياب لقطة أو اختبار
activity_main,iv_background_wallpaper,ImageView,عنصر عرض/حاوية,,,@null,match_parent,match_parent,visible,decoded/res/layout/activity_main.xml,decompiled/sources/com/oneguystudio/ytyper/databinding/ActivityArabicFontsBinding.java;decompiled/sources/com/oneguystudio/ytyper/databinding/ActivityCommunityBinding.java;decompiled/sources/com/oneguystudio/ytyper/databinding/ActivityCreatePostBinding.java;decompiled/sources/com/oneguystudio/ytyper/databinding/ActivityEnglishFontsBinding.java;decompiled/sources/com/oneguystudio/ytyper/databinding/ActivityExportStudioBinding.java;decompiled/sources/com/oneguystudio/ytyper/databinding/ActivityFontLibraryBinding.java;decompiled/sources/com/oneguystudio/ytyper/databinding/ActivityImageCropBinding.java;decompiled/sources/com/oneguystudio/ytyper/databinding/ActivityImportedFontsBinding.java;decompiled/sources/com/oneguystudio/ytyper/databinding/ActivityMainBinding.java;decompiled/sources/com/oneguystudio/ytyper/databinding/ActivityProjectGalleryBinding.java;decompiled/sources/com/oneguystudio/ytyper/databinding/ActivityProjectsBinding.java;decompiled/sources/com/oneguystudio/ytyper/databinding/ActivitySettingsBinding.java;decompiled/sources/com/oneguystudio/ytyper/databinding/ActivityStoreBinding.java;decompiled/sources/com/oneguystudio/ytyper/databinding/ActivityWebtoonScraperBinding.java;decompiled/sources/com/oneguystudio/ytyper/ui/projectsgallery/ProjectGalleryActivity.java;decompiled/sources/com/oneguystudio/ytyper/ui/projectsgallery/p0.java;decompiled/sources/com/oneguystudio/ytyper/utils/ThemeUtils.java,مورد موجود؛ الوصول والسلوك يحتاجان تحققًا عند غياب لقطة أو اختبار
activity_main,header_layout,LinearLayout,عنصر عرض/حاوية,,,,match_parent,wrap_content,visible,decoded/res/layout/activity_main.xml,decompiled/sources/com/oneguystudio/ytyper/databinding/ActivityMainBinding.java,مورد موجود؛ الوصول والسلوك يحتاجان تحققًا عند غياب لقطة أو اختبار
activity_main,tv_bubble_count,TextView,عنصر عرض/حاوية,0,,,wrap_content,wrap_content,visible,decoded/res/layout/activity_main.xml,decompiled/sources/com/oneguystudio/ytyper/databinding/ActivityMainBinding.java,مورد موجود؛ الوصول والسلوك يحتاجان تحققًا عند غياب لقطة أو اختبار
activity_main,toolbar_layout,LinearLayout,عنصر عرض/حاوية,,,,wrap_content,wrap_content,visible,decoded/res/layout/activity_main.xml,decompiled/sources/com/oneguystudio/ytyper/databinding/ActivityMainBinding.java,مورد موجود؛ الوصول والسلوك يحتاجان تحققًا عند غياب لقطة أو اختبار
activity_main,btn_archive,ImageView,زر محتمل,,,الأرشيف,@dimen/dimen_45dp,@dimen/dimen_45dp,visible,decoded/res/layout/activity_main.xml,decompiled/sources/com/oneguystudio/ytyper/databinding/ActivityMainBinding.java,مورد موجود؛ الوصول والسلوك يحتاجان تحققًا عند غياب لقطة أو اختبار
activity_main,btn_paste,ImageView,زر محتمل,,,لصق,@dimen/dimen_45dp,@dimen/dimen_45dp,visible,decoded/res/layout/activity_main.xml,decompiled/sources/com/oneguystudio/ytyper/databinding/ActivityMainBinding.java;decompiled/sources/com/oneguystudio/ytyper/databinding/DialogAddTextBinding.java,مورد موجود؛ الوصول والسلوك يحتاجان تحققًا عند غياب لقطة أو اختبار
activity_main,btn_clear,ImageView,زر محتمل,,,مسح,@dimen/dimen_45dp,@dimen/dimen_45dp,visible,decoded/res/layout/activity_main.xml,decompiled/sources/com/oneguystudio/ytyper/databinding/ActivityMainBinding.java,مورد موجود؛ الوصول والسلوك يحتاجان تحققًا عند غياب لقطة أو اختبار
activity_main,editor_container,LinearLayout,عنصر عرض/حاوية,,,,match_parent,match_parent,visible,decoded/res/layout/activity_main.xml,decompiled/sources/com/oneguystudio/ytyper/databinding/ActivityMainBinding.java;decompiled/sources/com/oneguystudio/ytyper/databinding/DialogAddTextBinding.java,مورد موجود؛ الوصول والسلوك يحتاجان تحققًا عند غياب لقطة أو اختبار
activity_main,drafts_scroll,HorizontalScrollView,عنصر عرض/حاوية,,,,match_parent,wrap_content,gone,decoded/res/layout/activity_main.xml,decompiled/sources/com/oneguystudio/ytyper/databinding/ActivityMainBinding.java,مورد موجود؛ الوصول والسلوك يحتاجان تحققًا عند غياب لقطة أو اختبار
activity_main,drafts_container,LinearLayout,عنصر عرض/حاوية,,,,wrap_content,wrap_content,visible,decoded/res/layout/activity_main.xml,decompiled/sources/com/oneguystudio/ytyper/databinding/ActivityMainBinding.java,مورد موجود؛ الوصول والسلوك يحتاجان تحققًا عند غياب لقطة أو اختبار
activity_main,frame_layout,FrameLayout,عنصر عرض/حاوية,,,,match_parent,match_parent,visible,decoded/res/layout/activity_main.xml,decompiled/sources/com/oneguystudio/ytyper/databinding/ActivityMainBinding.java,مورد موجود؛ الوصول والسلوك يحتاجان تحققًا عند غياب لقطة أو اختبار
activity_main,nestedScrollView,NestedScrollView,عنصر عرض/حاوية,,,,match_parent,match_parent,visible,decoded/res/layout/activity_main.xml,decompiled/sources/com/oneguystudio/ytyper/databinding/ActivityMainBinding.java,مورد موجود؛ الوصول والسلوك يحتاجان تحققًا عند غياب لقطة أو اختبار
activity_main,editText,EditText,إدخال/اختيار,,الصق النص هنا…,,match_parent,wrap_content,visible,decoded/res/layout/activity_main.xml,decompiled/sources/com/oneguystudio/ytyper/databinding/ActivityMainBinding.java,مورد موجود؛ الوصول والسلوك يحتاجان تحققًا عند غياب لقطة أو اختبار
activity_main,fast_scroller_thumb,View,عنصر عرض/حاوية,,,,@dimen/dimen_4dp,@dimen/chip_corner_radius,invisible,decoded/res/layout/activity_main.xml,decompiled/sources/com/oneguystudio/ytyper/databinding/ActivityMainBinding.java,مورد موجود؛ الوصول والسلوك يحتاجان تحققًا عند غياب لقطة أو اختبار
activity_main,bottom_container,LinearLayout,عنصر عرض/حاوية,,,,match_parent,wrap_content,visible,decoded/res/layout/activity_main.xml,decompiled/sources/com/oneguystudio/ytyper/databinding/ActivityMainBinding.java,مورد موجود؛ الوصول والسلوك يحتاجان تحققًا عند غياب لقطة أو اختبار
activity_main,btn_settings,ImageView,زر محتمل,,,الإعدادات,@dimen/dimen_60dp,@dimen/dimen_60dp,visible,decoded/res/layout/activity_main.xml,decompiled/sources/com/oneguystudio/ytyper/databinding/ActivityMainBinding.java,مورد موجود؛ الوصول والسلوك يحتاجان تحققًا عند غياب لقطة أو اختبار
activity_main,button,Button,زر محتمل,البدء,,,@dimen/dimen_0dp,@dimen/dimen_60dp,visible,decoded/res/layout/activity_main.xml,decompiled/sources/com/oneguystudio/ytyper/databinding/ActivityMainBinding.java,مورد موجود؛ الوصول والسلوك يحتاجان تحققًا عند غياب لقطة أو اختبار
activity_main,btn_discord,ImageView,زر محتمل,,,ديسكورد,@dimen/dimen_30dp,@dimen/dimen_30dp,visible,decoded/res/layout/activity_main.xml,decompiled/sources/com/oneguystudio/ytyper/databinding/ActivityMainBinding.java,مورد موجود؛ الوصول والسلوك يحتاجان تحققًا عند غياب لقطة أو اختبار
activity_project_gallery,iv_background_wallpaper,ImageView,عنصر عرض/حاوية,,,@null,match_parent,match_parent,visible,decoded/res/layout/activity_project_gallery.xml,decompiled/sources/com/oneguystudio/ytyper/databinding/ActivityArabicFontsBinding.java;decompiled/sources/com/oneguystudio/ytyper/databinding/ActivityCommunityBinding.java;decompiled/sources/com/oneguystudio/ytyper/databinding/ActivityCreatePostBinding.java;decompiled/sources/com/oneguystudio/ytyper/databinding/ActivityEnglishFontsBinding.java;decompiled/sources/com/oneguystudio/ytyper/databinding/ActivityExportStudioBinding.java;decompiled/sources/com/oneguystudio/ytyper/databinding/ActivityFontLibraryBinding.java;decompiled/sources/com/oneguystudio/ytyper/databinding/ActivityImageCropBinding.java;decompiled/sources/com/oneguystudio/ytyper/databinding/ActivityImportedFontsBinding.java;decompiled/sources/com/oneguystudio/ytyper/databinding/ActivityMainBinding.java;decompiled/sources/com/oneguystudio/ytyper/databinding/ActivityProjectGalleryBinding.java;decompiled/sources/com/oneguystudio/ytyper/databinding/ActivityProjectsBinding.java;decompiled/sources/com/oneguystudio/ytyper/databinding/ActivitySettingsBinding.java;decompiled/sources/com/oneguystudio/ytyper/databinding/ActivityStoreBinding.java;decompiled/sources/com/oneguystudio/ytyper/databinding/ActivityWebtoonScraperBinding.java;decompiled/sources/com/oneguystudio/ytyper/ui/projectsgallery/ProjectGalleryActivity.java;decompiled/sources/com/oneguystudio/ytyper/ui/projectsgallery/p0.java;decompiled/sources/com/oneguystudio/ytyper/utils/ThemeUtils.java,مورد موجود؛ الوصول والسلوك يحتاجان تحققًا عند غياب لقطة أو اختبار
activity_project_gallery,compose_project_gallery,ComposeView,عنصر عرض/حاوية,,,,match_parent,match_parent,visible,decoded/res/layout/activity_project_gallery.xml,decompiled/sources/com/oneguystudio/ytyper/databinding/ActivityProjectGalleryBinding.java;decompiled/sources/com/oneguystudio/ytyper/ui/projectsgallery/ProjectGalleryActivity.java,مورد موجود؛ الوصول والسلوك يحتاجان تحققًا عند غياب لقطة أو اختبار
activity_projects,iv_background_wallpaper,ImageView,عنصر عرض/حاوية,,,,match_parent,match_parent,visible,decoded/res/layout/activity_projects.xml,decompiled/sources/com/oneguystudio/ytyper/databinding/ActivityArabicFontsBinding.java;decompiled/sources/com/oneguystudio/ytyper/databinding/ActivityCommunityBinding.java;decompiled/sources/com/oneguystudio/ytyper/databinding/ActivityCreatePostBinding.java;decompiled/sources/com/oneguystudio/ytyper/databinding/ActivityEnglishFontsBinding.java;decompiled/sources/com/oneguystudio/ytyper/databinding/ActivityExportStudioBinding.java;decompiled/sources/com/oneguystudio/ytyper/databinding/ActivityFontLibraryBinding.java;decompiled/sources/com/oneguystudio/ytyper/databinding/ActivityImageCropBinding.java;decompiled/sources/com/oneguystudio/ytyper/databinding/ActivityImportedFontsBinding.java;decompiled/sources/com/oneguystudio/ytyper/databinding/ActivityMainBinding.java;decompiled/sources/com/oneguystudio/ytyper/databinding/ActivityProjectGalleryBinding.java;decompiled/sources/com/oneguystudio/ytyper/databinding/ActivityProjectsBinding.java;decompiled/sources/com/oneguystudio/ytyper/databinding/ActivitySettingsBinding.java;decompiled/sources/com/oneguystudio/ytyper/databinding/ActivityStoreBinding.java;decompiled/sources/com/oneguystudio/ytyper/databinding/ActivityWebtoonScraperBinding.java;decompiled/sources/com/oneguystudio/ytyper/ui/projectsgallery/ProjectGalleryActivity.java;decompiled/sources/com/oneguystudio/ytyper/ui/projectsgallery/p0.java;decompiled/sources/com/oneguystudio/ytyper/utils/ThemeUtils.java,مورد موجود؛ الوصول والسلوك يحتاجان تحققًا عند غياب لقطة أو اختبار
activity_projects,compose_projects,ComposeView,عنصر عرض/حاوية,,,,match_parent,match_parent,visible,decoded/res/layout/activity_projects.xml,decompiled/sources/com/oneguystudio/ytyper/databinding/ActivityProjectsBinding.java;decompiled/sources/com/oneguystudio/ytyper/ui/dashboard/ProjectsActivity.java,مورد موجود؛ الوصول والسلوك يحتاجان تحققًا عند غياب لقطة أو اختبار
activity_reader,rvReader,RecyclerView,عنصر عرض/حاوية,,,,match_parent,match_parent,visible,decoded/res/layout/activity_reader.xml,decompiled/sources/com/oneguystudio/ytyper/databinding/ActivityReaderBinding.java;decompiled/sources/com/oneguystudio/ytyper/ui/editor/ReaderActivity.java,مورد موجود؛ الوصول والسلوك يحتاجان تحققًا عند غياب لقطة أو اختبار
activity_reader,btnCloseReader,ImageView,زر محتمل,,,,48.0dp,48.0dp,visible,decoded/res/layout/activity_reader.xml,decompiled/sources/com/oneguystudio/ytyper/databinding/ActivityReaderBinding.java;decompiled/sources/com/oneguystudio/ytyper/ui/editor/ReaderActivity.java,مورد موجود؛ الوصول والسلوك يحتاجان تحققًا عند غياب لقطة أو اختبار
activity_settings,iv_background_wallpaper,ImageView,عنصر عرض/حاوية,,,@null,match_parent,match_parent,visible,decoded/res/layout/activity_settings.xml,decompiled/sources/com/oneguystudio/ytyper/databinding/ActivityArabicFontsBinding.java;decompiled/sources/com/oneguystudio/ytyper/databinding/ActivityCommunityBinding.java;decompiled/sources/com/oneguystudio/ytyper/databinding/ActivityCreatePostBinding.java;decompiled/sources/com/oneguystudio/ytyper/databinding/ActivityEnglishFontsBinding.java;decompiled/sources/com/oneguystudio/ytyper/databinding/ActivityExportStudioBinding.java;decompiled/sources/com/oneguystudio/ytyper/databinding/ActivityFontLibraryBinding.java;decompiled/sources/com/oneguystudio/ytyper/databinding/ActivityImageCropBinding.java;decompiled/sources/com/oneguystudio/ytyper/databinding/ActivityImportedFontsBinding.java;decompiled/sources/com/oneguystudio/ytyper/databinding/ActivityMainBinding.java;decompiled/sources/com/oneguystudio/ytyper/databinding/ActivityProjectGalleryBinding.java;decompiled/sources/com/oneguystudio/ytyper/databinding/ActivityProjectsBinding.java;decompiled/sources/com/oneguystudio/ytyper/databinding/ActivitySettingsBinding.java;decompiled/sources/com/oneguystudio/ytyper/databinding/ActivityStoreBinding.java;decompiled/sources/com/oneguystudio/ytyper/databinding/ActivityWebtoonScraperBinding.java;decompiled/sources/com/oneguystudio/ytyper/ui/projectsgallery/ProjectGalleryActivity.java;decompiled/sources/com/oneguystudio/ytyper/ui/projectsgallery/p0.java;decompiled/sources/com/oneguystudio/ytyper/utils/ThemeUtils.java,مورد موجود؛ الوصول والسلوك يحتاجان تحققًا عند غياب لقطة أو اختبار
activity_settings,compose_settings,ComposeView,عنصر عرض/حاوية,,,,match_parent,match_parent,visible,decoded/res/layout/activity_settings.xml,decompiled/sources/com/oneguystudio/ytyper/databinding/ActivitySettingsBinding.java;decompiled/sources/com/oneguystudio/ytyper/ui/settings/SettingsActivity.java,مورد موجود؛ الوصول والسلوك يحتاجان تحققًا عند غياب لقطة أو اختبار
activity_store,iv_background_wallpaper,ImageView,عنصر عرض/حاوية,,,@null,match_parent,match_parent,visible,decoded/res/layout/activity_store.xml,decompiled/sources/com/oneguystudio/ytyper/databinding/ActivityArabicFontsBinding.java;decompiled/sources/com/oneguystudio/ytyper/databinding/ActivityCommunityBinding.java;decompiled/sources/com/oneguystudio/ytyper/databinding/ActivityCreatePostBinding.java;decompiled/sources/com/oneguystudio/ytyper/databinding/ActivityEnglishFontsBinding.java;decompiled/sources/com/oneguystudio/ytyper/databinding/ActivityExportStudioBinding.java;decompiled/sources/com/oneguystudio/ytyper/databinding/ActivityFontLibraryBinding.java;decompiled/sources/com/oneguystudio/ytyper/databinding/ActivityImageCropBinding.java;decompiled/sources/com/oneguystudio/ytyper/databinding/ActivityImportedFontsBinding.java;decompiled/sources/com/oneguystudio/ytyper/databinding/ActivityMainBinding.java;decompiled/sources/com/oneguystudio/ytyper/databinding/ActivityProjectGalleryBinding.java;decompiled/sources/com/oneguystudio/ytyper/databinding/ActivityProjectsBinding.java;decompiled/sources/com/oneguystudio/ytyper/databinding/ActivitySettingsBinding.java;decompiled/sources/com/oneguystudio/ytyper/databinding/ActivityStoreBinding.java;decompiled/sources/com/oneguystudio/ytyper/databinding/ActivityWebtoonScraperBinding.java;decompiled/sources/com/oneguystudio/ytyper/ui/projectsgallery/ProjectGalleryActivity.java;decompiled/sources/com/oneguystudio/ytyper/ui/projectsgallery/p0.java;decompiled/sources/com/oneguystudio/ytyper/utils/ThemeUtils.java,مورد موجود؛ الوصول والسلوك يحتاجان تحققًا عند غياب لقطة أو اختبار
activity_store,compose_store,ComposeView,عنصر عرض/حاوية,,,,match_parent,match_parent,visible,decoded/res/layout/activity_store.xml,decompiled/sources/com/oneguystudio/ytyper/databinding/ActivityStoreBinding.java;decompiled/sources/com/oneguystudio/ytyper/ui/store/StoreActivity.java,مورد موجود؛ الوصول والسلوك يحتاجان تحققًا عند غياب لقطة أو اختبار
activity_tag_mini_editor,miniEditorCanvas,EditorCanvasView,عنصر عرض/حاوية,,,,0.0dp,0.0dp,visible,decoded/res/layout/activity_tag_mini_editor.xml,decompiled/sources/com/oneguystudio/ytyper/databinding/ActivityTagMiniEditorBinding.java;decompiled/sources/com/oneguystudio/ytyper/ui/editor/TagMiniEditorActivity.java,مورد موجود؛ الوصول والسلوك يحتاجان تحققًا عند غياب لقطة أو اختبار
activity_tag_mini_editor,topBar,LinearLayout,عنصر عرض/حاوية,,,,match_parent,wrap_content,visible,decoded/res/layout/activity_tag_mini_editor.xml,decompiled/sources/com/oneguystudio/ytyper/databinding/ActivityEditorBinding.java;decompiled/sources/com/oneguystudio/ytyper/databinding/ActivityImageCropBinding.java;decompiled/sources/com/oneguystudio/ytyper/databinding/ActivityTagMiniEditorBinding.java;decompiled/sources/com/oneguystudio/ytyper/ui/editor/TagMiniEditorActivity.java,مورد موجود؛ الوصول والسلوك يحتاجان تحققًا عند غياب لقطة أو اختبار
activity_tag_mini_editor,btnCancelMini,ImageView,زر محتمل,,,,44.0dp,44.0dp,visible,decoded/res/layout/activity_tag_mini_editor.xml,decompiled/sources/com/oneguystudio/ytyper/databinding/ActivityTagMiniEditorBinding.java;decompiled/sources/com/oneguystudio/ytyper/ui/editor/TagMiniEditorActivity.java,مورد موجود؛ الوصول والسلوك يحتاجان تحققًا عند غياب لقطة أو اختبار
activity_tag_mini_editor,btnSaveMini,ImageView,زر محتمل,,,,44.0dp,44.0dp,visible,decoded/res/layout/activity_tag_mini_editor.xml,decompiled/sources/com/oneguystudio/ytyper/databinding/ActivityTagMiniEditorBinding.java;decompiled/sources/com/oneguystudio/ytyper/ui/editor/TagMiniEditorActivity.java,مورد موجود؛ الوصول والسلوك يحتاجان تحققًا عند غياب لقطة أو اختبار
activity_tag_mini_editor,miniPanelsContainer,FrameLayout,عنصر عرض/حاوية,,,,match_parent,wrap_content,visible,decoded/res/layout/activity_tag_mini_editor.xml,decompiled/sources/com/oneguystudio/ytyper/databinding/ActivityTagMiniEditorBinding.java,مورد موجود؛ الوصول والسلوك يحتاجان تحققًا عند غياب لقطة أو اختبار
activity_tag_mini_editor,layoutColorPicker,include,عنصر عرض/حاوية,,,,,,gone,decoded/res/layout/activity_tag_mini_editor.xml,decompiled/sources/com/oneguystudio/ytyper/databinding/ActivityEditorBinding.java;decompiled/sources/com/oneguystudio/ytyper/databinding/ActivityTagMiniEditorBinding.java;decompiled/sources/com/oneguystudio/ytyper/ui/editor/TagMiniEditorActivity.java;decompiled/sources/com/oneguystudio/ytyper/ui/editor/b2.java;decompiled/sources/com/oneguystudio/ytyper/ui/editor/c1.java,مورد موجود؛ الوصول والسلوك يحتاجان تحققًا عند غياب لقطة أو اختبار
activity_tag_mini_editor,layoutStrokeEditor,include,عنصر عرض/حاوية,,,,,,gone,decoded/res/layout/activity_tag_mini_editor.xml,decompiled/sources/com/oneguystudio/ytyper/databinding/ActivityEditorBinding.java;decompiled/sources/com/oneguystudio/ytyper/databinding/ActivityTagMiniEditorBinding.java;decompiled/sources/com/oneguystudio/ytyper/ui/editor/TagMiniEditorActivity.java;decompiled/sources/com/oneguystudio/ytyper/ui/editor/b2.java;decompiled/sources/com/oneguystudio/ytyper/ui/editor/c1.java,مورد موجود؛ الوصول والسلوك يحتاجان تحققًا عند غياب لقطة أو اختبار
activity_tag_mini_editor,layoutShadowEditor,include,عنصر عرض/حاوية,,,,,,gone,decoded/res/layout/activity_tag_mini_editor.xml,decompiled/sources/com/oneguystudio/ytyper/databinding/ActivityEditorBinding.java;decompiled/sources/com/oneguystudio/ytyper/databinding/ActivityTagMiniEditorBinding.java;decompiled/sources/com/oneguystudio/ytyper/ui/editor/TagMiniEditorActivity.java;decompiled/sources/com/oneguystudio/ytyper/ui/editor/b2.java;decompiled/sources/com/oneguystudio/ytyper/ui/editor/c1.java,مورد موجود؛ الوصول والسلوك يحتاجان تحققًا عند غياب لقطة أو اختبار
activity_tag_mini_editor,layout3DEditor,include,عنصر عرض/حاوية,,,,,,gone,decoded/res/layout/activity_tag_mini_editor.xml,decompiled/sources/com/oneguystudio/ytyper/databinding/ActivityEditorBinding.java;decompiled/sources/com/oneguystudio/ytyper/databinding/ActivityTagMiniEditorBinding.java;decompiled/sources/com/oneguystudio/ytyper/ui/editor/TagMiniEditorActivity.java;decompiled/sources/com/oneguystudio/ytyper/ui/editor/b2.java;decompiled/sources/com/oneguystudio/ytyper/ui/editor/c1.java;decompiled/sources/com/oneguystudio/ytyper/ui/editor/l1.java,مورد موجود؛ الوصول والسلوك يحتاجان تحققًا عند غياب لقطة أو اختبار
activity_tag_mini_editor,layoutEffectsEditor,include,عنصر عرض/حاوية,,,,,,gone,decoded/res/layout/activity_tag_mini_editor.xml,decompiled/sources/com/oneguystudio/ytyper/databinding/ActivityEditorBinding.java;decompiled/sources/com/oneguystudio/ytyper/databinding/ActivityTagMiniEditorBinding.java;decompiled/sources/com/oneguystudio/ytyper/ui/editor/TagMiniEditorActivity.java;decompiled/sources/com/oneguystudio/ytyper/ui/editor/b2.java;decompiled/sources/com/oneguystudio/ytyper/ui/editor/c1.java,مورد موجود؛ الوصول والسلوك يحتاجان تحققًا عند غياب لقطة أو اختبار
activity_tag_mini_editor,layoutTextureEditor,include,عنصر عرض/حاوية,,,,,,gone,decoded/res/layout/activity_tag_mini_editor.xml,decompiled/sources/com/oneguystudio/ytyper/databinding/ActivityEditorBinding.java;decompiled/sources/com/oneguystudio/ytyper/databinding/ActivityTagMiniEditorBinding.java;decompiled/sources/com/oneguystudio/ytyper/ui/editor/TagMiniEditorActivity.java;decompiled/sources/com/oneguystudio/ytyper/ui/editor/b2.java;decompiled/sources/com/oneguystudio/ytyper/ui/editor/c1.java;decompiled/sources/com/oneguystudio/ytyper/ui/editor/l1.java,مورد موجود؛ الوصول والسلوك يحتاجان تحققًا عند غياب لقطة أو اختبار
activity_tag_mini_editor,layoutTextFormat,include,عنصر عرض/حاوية,,,,,,gone,decoded/res/layout/activity_tag_mini_editor.xml,decompiled/sources/com/oneguystudio/ytyper/databinding/ActivityEditorBinding.java;decompiled/sources/com/oneguystudio/ytyper/databinding/ActivityTagMiniEditorBinding.java;decompiled/sources/com/oneguystudio/ytyper/ui/editor/TagMiniEditorActivity.java;decompiled/sources/com/oneguystudio/ytyper/ui/editor/b2.java;decompiled/sources/com/oneguystudio/ytyper/ui/editor/c1.java;decompiled/sources/com/oneguystudio/ytyper/ui/editor/m1.java,مورد موجود؛ الوصول والسلوك يحتاجان تحققًا عند غياب لقطة أو اختبار
activity_tag_mini_editor,layoutTextLineFormat,include,عنصر عرض/حاوية,,,,,,gone,decoded/res/layout/activity_tag_mini_editor.xml,decompiled/sources/com/oneguystudio/ytyper/databinding/ActivityEditorBinding.java;decompiled/sources/com/oneguystudio/ytyper/databinding/ActivityTagMiniEditorBinding.java;decompiled/sources/com/oneguystudio/ytyper/ui/editor/TagMiniEditorActivity.java;decompiled/sources/com/oneguystudio/ytyper/ui/editor/b2.java;decompiled/sources/com/oneguystudio/ytyper/ui/editor/c1.java;decompiled/sources/com/oneguystudio/ytyper/ui/editor/m1.java,مورد موجود؛ الوصول والسلوك يحتاجان تحققًا عند غياب لقطة أو اختبار
activity_tag_mini_editor,layoutBackgroundEditor,include,عنصر عرض/حاوية,,,,,,gone,decoded/res/layout/activity_tag_mini_editor.xml,decompiled/sources/com/oneguystudio/ytyper/databinding/ActivityEditorBinding.java;decompiled/sources/com/oneguystudio/ytyper/databinding/ActivityTagMiniEditorBinding.java;decompiled/sources/com/oneguystudio/ytyper/ui/editor/TagMiniEditorActivity.java;decompiled/sources/com/oneguystudio/ytyper/ui/editor/b2.java;decompiled/sources/com/oneguystudio/ytyper/ui/editor/c1.java,مورد موجود؛ الوصول والسلوك يحتاجان تحققًا عند غياب لقطة أو اختبار
activity_tag_mini_editor,layoutSpacingEditor,include,عنصر عرض/حاوية,,,,,,gone,decoded/res/layout/activity_tag_mini_editor.xml,decompiled/sources/com/oneguystudio/ytyper/databinding/ActivityEditorBinding.java;decompiled/sources/com/oneguystudio/ytyper/databinding/ActivityTagMiniEditorBinding.java;decompiled/sources/com/oneguystudio/ytyper/ui/editor/TagMiniEditorActivity.java;decompiled/sources/com/oneguystudio/ytyper/ui/editor/b2.java;decompiled/sources/com/oneguystudio/ytyper/ui/editor/c1.java;decompiled/sources/com/oneguystudio/ytyper/ui/editor/l1.java,مورد موجود؛ الوصول والسلوك يحتاجان تحققًا عند غياب لقطة أو اختبار
activity_tag_mini_editor,layoutStylesEditor,include,عنصر عرض/حاوية,,,,,,gone,decoded/res/layout/activity_tag_mini_editor.xml,decompiled/sources/com/oneguystudio/ytyper/databinding/ActivityEditorBinding.java;decompiled/sources/com/oneguystudio/ytyper/databinding/ActivityTagMiniEditorBinding.java;decompiled/sources/com/oneguystudio/ytyper/ui/editor/EditorActivity.java;decompiled/sources/com/oneguystudio/ytyper/ui/editor/TagMiniEditorActivity.java;decompiled/sources/com/oneguystudio/ytyper/ui/editor/b2.java;decompiled/sources/com/oneguystudio/ytyper/ui/editor/c1.java;decompiled/sources/com/oneguystudio/ytyper/ui/editor/l1.java,مورد موجود؛ الوصول والسلوك يحتاجان تحققًا عند غياب لقطة أو اختبار
activity_tag_mini_editor,layoutOpacityEditor,include,عنصر عرض/حاوية,,,,,,gone,decoded/res/layout/activity_tag_mini_editor.xml,decompiled/sources/com/oneguystudio/ytyper/databinding/ActivityEditorBinding.java;decompiled/sources/com/oneguystudio/ytyper/databinding/ActivityTagMiniEditorBinding.java;decompiled/sources/com/oneguystudio/ytyper/ui/editor/TagMiniEditorActivity.java;decompiled/sources/com/oneguystudio/ytyper/ui/editor/b2.java;decompiled/sources/com/oneguystudio/ytyper/ui/editor/c1.java,مورد موجود؛ الوصول والسلوك يحتاجان تحققًا عند غياب لقطة أو اختبار
activity_tag_mini_editor,bottomTextTools,HorizontalScrollView,عنصر عرض/حاوية,,,,match_parent,wrap_content,visible,decoded/res/layout/activity_tag_mini_editor.xml,decompiled/sources/com/oneguystudio/ytyper/databinding/ActivityTagMiniEditorBinding.java;decompiled/sources/com/oneguystudio/ytyper/ui/editor/TagMiniEditorActivity.java,مورد موجود؛ الوصول والسلوك يحتاجان تحققًا عند غياب لقطة أو اختبار
activity_tag_mini_editor,btnToolColorMini,include,زر محتمل,,,,,,visible,decoded/res/layout/activity_tag_mini_editor.xml,decompiled/sources/com/oneguystudio/ytyper/databinding/ActivityTagMiniEditorBinding.java;decompiled/sources/com/oneguystudio/ytyper/ui/editor/TagMiniEditorActivity.java;decompiled/sources/com/oneguystudio/ytyper/ui/editor/c1.java,مورد موجود؛ الوصول والسلوك يحتاجان تحققًا عند غياب لقطة أو اختبار
activity_tag_mini_editor,btnToolStrokeMini,include,زر محتمل,,,,,,visible,decoded/res/layout/activity_tag_mini_editor.xml,decompiled/sources/com/oneguystudio/ytyper/databinding/ActivityTagMiniEditorBinding.java;decompiled/sources/com/oneguystudio/ytyper/ui/editor/TagMiniEditorActivity.java;decompiled/sources/com/oneguystudio/ytyper/ui/editor/c1.java,مورد موجود؛ الوصول والسلوك يحتاجان تحققًا عند غياب لقطة أو اختبار
activity_tag_mini_editor,btnToolShadowMini,include,زر محتمل,,,,,,visible,decoded/res/layout/activity_tag_mini_editor.xml,decompiled/sources/com/oneguystudio/ytyper/databinding/ActivityTagMiniEditorBinding.java;decompiled/sources/com/oneguystudio/ytyper/ui/editor/TagMiniEditorActivity.java;decompiled/sources/com/oneguystudio/ytyper/ui/editor/c1.java,مورد موجود؛ الوصول والسلوك يحتاجان تحققًا عند غياب لقطة أو اختبار
activity_tag_mini_editor,btnTool3DMini,include,زر محتمل,,,,,,visible,decoded/res/layout/activity_tag_mini_editor.xml,decompiled/sources/com/oneguystudio/ytyper/databinding/ActivityTagMiniEditorBinding.java;decompiled/sources/com/oneguystudio/ytyper/ui/editor/TagMiniEditorActivity.java;decompiled/sources/com/oneguystudio/ytyper/ui/editor/c1.java,مورد موجود؛ الوصول والسلوك يحتاجان تحققًا عند غياب لقطة أو اختبار
activity_tag_mini_editor,btnToolEffectsMini,include,زر محتمل,,,,,,visible,decoded/res/layout/activity_tag_mini_editor.xml,decompiled/sources/com/oneguystudio/ytyper/databinding/ActivityTagMiniEditorBinding.java;decompiled/sources/com/oneguystudio/ytyper/ui/editor/TagMiniEditorActivity.java;decompiled/sources/com/oneguystudio/ytyper/ui/editor/c1.java,مورد موجود؛ الوصول والسلوك يحتاجان تحققًا عند غياب لقطة أو اختبار
activity_tag_mini_editor,btnToolTextureMini,include,زر محتمل,,,,,,visible,decoded/res/layout/activity_tag_mini_editor.xml,decompiled/sources/com/oneguystudio/ytyper/databinding/ActivityTagMiniEditorBinding.java;decompiled/sources/com/oneguystudio/ytyper/ui/editor/TagMiniEditorActivity.java;decompiled/sources/com/oneguystudio/ytyper/ui/editor/c1.java,مورد موجود؛ الوصول والسلوك يحتاجان تحققًا عند غياب لقطة أو اختبار
activity_tag_mini_editor,btnToolFormatMini,include,زر محتمل,,,,,,visible,decoded/res/layout/activity_tag_mini_editor.xml,decompiled/sources/com/oneguystudio/ytyper/databinding/ActivityTagMiniEditorBinding.java;decompiled/sources/com/oneguystudio/ytyper/ui/editor/TagMiniEditorActivity.java;decompiled/sources/com/oneguystudio/ytyper/ui/editor/c1.java,مورد موجود؛ الوصول والسلوك يحتاجان تحققًا عند غياب لقطة أو اختبار
activity_tag_mini_editor,btnToolLineFormatMini,include,زر محتمل,,,,,,visible,decoded/res/layout/activity_tag_mini_editor.xml,decompiled/sources/com/oneguystudio/ytyper/databinding/ActivityTagMiniEditorBinding.java;decompiled/sources/com/oneguystudio/ytyper/ui/editor/TagMiniEditorActivity.java;decompiled/sources/com/oneguystudio/ytyper/ui/editor/c1.java,مورد موجود؛ الوصول والسلوك يحتاجان تحققًا عند غياب لقطة أو اختبار
activity_tag_mini_editor,btnToolBgMini,include,زر محتمل,,,,,,visible,decoded/res/layout/activity_tag_mini_editor.xml,decompiled/sources/com/oneguystudio/ytyper/databinding/ActivityTagMiniEditorBinding.java;decompiled/sources/com/oneguystudio/ytyper/ui/editor/TagMiniEditorActivity.java;decompiled/sources/com/oneguystudio/ytyper/ui/editor/c1.java,مورد موجود؛ الوصول والسلوك يحتاجان تحققًا عند غياب لقطة أو اختبار
activity_tag_mini_editor,btnToolSpacingMini,include,زر محتمل,,,,,,visible,decoded/res/layout/activity_tag_mini_editor.xml,decompiled/sources/com/oneguystudio/ytyper/databinding/ActivityTagMiniEditorBinding.java;decompiled/sources/com/oneguystudio/ytyper/ui/editor/TagMiniEditorActivity.java;decompiled/sources/com/oneguystudio/ytyper/ui/editor/c1.java,مورد موجود؛ الوصول والسلوك يحتاجان تحققًا عند غياب لقطة أو اختبار
activity_tag_mini_editor,btnToolStylesMini,include,زر محتمل,,,,,,visible,decoded/res/layout/activity_tag_mini_editor.xml,decompiled/sources/com/oneguystudio/ytyper/databinding/ActivityTagMiniEditorBinding.java;decompiled/sources/com/oneguystudio/ytyper/ui/editor/TagMiniEditorActivity.java;decompiled/sources/com/oneguystudio/ytyper/ui/editor/c1.java,مورد موجود؛ الوصول والسلوك يحتاجان تحققًا عند غياب لقطة أو اختبار
activity_tag_mini_editor,btnToolOpacityMini,include,زر محتمل,,,,,,visible,decoded/res/layout/activity_tag_mini_editor.xml,decompiled/sources/com/oneguystudio/ytyper/databinding/ActivityTagMiniEditorBinding.java;decompiled/sources/com/oneguystudio/ytyper/ui/editor/TagMiniEditorActivity.java;decompiled/sources/com/oneguystudio/ytyper/ui/editor/c1.java,مورد موجود؛ الوصول والسلوك يحتاجان تحققًا عند غياب لقطة أو اختبار
activity_webtoon_scraper,iv_background_wallpaper,ImageView,عنصر عرض/حاوية,,,@null,match_parent,match_parent,visible,decoded/res/layout/activity_webtoon_scraper.xml,decompiled/sources/com/oneguystudio/ytyper/databinding/ActivityArabicFontsBinding.java;decompiled/sources/com/oneguystudio/ytyper/databinding/ActivityCommunityBinding.java;decompiled/sources/com/oneguystudio/ytyper/databinding/ActivityCreatePostBinding.java;decompiled/sources/com/oneguystudio/ytyper/databinding/ActivityEnglishFontsBinding.java;decompiled/sources/com/oneguystudio/ytyper/databinding/ActivityExportStudioBinding.java;decompiled/sources/com/oneguystudio/ytyper/databinding/ActivityFontLibraryBinding.java;decompiled/sources/com/oneguystudio/ytyper/databinding/ActivityImageCropBinding.java;decompiled/sources/com/oneguystudio/ytyper/databinding/ActivityImportedFontsBinding.java;decompiled/sources/com/oneguystudio/ytyper/databinding/ActivityMainBinding.java;decompiled/sources/com/oneguystudio/ytyper/databinding/ActivityProjectGalleryBinding.java;decompiled/sources/com/oneguystudio/ytyper/databinding/ActivityProjectsBinding.java;decompiled/sources/com/oneguystudio/ytyper/databinding/ActivitySettingsBinding.java;decompiled/sources/com/oneguystudio/ytyper/databinding/ActivityStoreBinding.java;decompiled/sources/com/oneguystudio/ytyper/databinding/ActivityWebtoonScraperBinding.java;decompiled/sources/com/oneguystudio/ytyper/ui/projectsgallery/ProjectGalleryActivity.java;decompiled/sources/com/oneguystudio/ytyper/ui/projectsgallery/p0.java;decompiled/sources/com/oneguystudio/ytyper/utils/ThemeUtils.java,مورد موجود؛ الوصول والسلوك يحتاجان تحققًا عند غياب لقطة أو اختبار
activity_webtoon_scraper,compose_webtoon_scraper,ComposeView,عنصر عرض/حاوية,,,,match_parent,match_parent,visible,decoded/res/layout/activity_webtoon_scraper.xml,decompiled/sources/com/oneguystudio/ytyper/databinding/ActivityWebtoonScraperBinding.java;decompiled/sources/com/oneguystudio/ytyper/ui/webtoonscraper/WebtoonScraperActivity.java,مورد موجود؛ الوصول والسلوك يحتاجان تحققًا عند غياب لقطة أو اختبار
dialog_add_text,background_dismisser,View,عنصر عرض/حاوية,,,,match_parent,@dimen/dimen_0dp,visible,decoded/res/layout/dialog_add_text.xml,decompiled/sources/com/oneguystudio/ytyper/databinding/DialogAddTextBinding.java,مورد موجود؛ الوصول والسلوك يحتاجان تحققًا عند غياب لقطة أو اختبار
dialog_add_text,editor_container,LinearLayout,عنصر عرض/حاوية,,,,match_parent,wrap_content,visible,decoded/res/layout/dialog_add_text.xml,decompiled/sources/com/oneguystudio/ytyper/databinding/ActivityMainBinding.java;decompiled/sources/com/oneguystudio/ytyper/databinding/DialogAddTextBinding.java,مورد موجود؛ الوصول والسلوك يحتاجان تحققًا عند غياب لقطة أو اختبار
dialog_add_text,btn_cancel,ImageView,زر محتمل,,,,@dimen/dimen_36dp,@dimen/dimen_36dp,visible,decoded/res/layout/dialog_add_text.xml,decompiled/sources/com/oneguystudio/ytyper/databinding/DialogAddTextBinding.java;decompiled/sources/com/oneguystudio/ytyper/databinding/DialogLanguageBinding.java;decompiled/sources/com/oneguystudio/ytyper/databinding/DialogSaveBinding.java,مورد موجود؛ الوصول والسلوك يحتاجان تحققًا عند غياب لقطة أو اختبار
dialog_add_text,btn_alignment,ImageView,زر محتمل,,,,@dimen/dimen_36dp,@dimen/dimen_36dp,visible,decoded/res/layout/dialog_add_text.xml,decompiled/sources/com/oneguystudio/ytyper/databinding/DialogAddTextBinding.java,مورد موجود؛ الوصول والسلوك يحتاجان تحققًا عند غياب لقطة أو اختبار
dialog_add_text,btn_paste,ImageView,زر محتمل,,,,@dimen/dimen_36dp,@dimen/dimen_36dp,visible,decoded/res/layout/dialog_add_text.xml,decompiled/sources/com/oneguystudio/ytyper/databinding/ActivityMainBinding.java;decompiled/sources/com/oneguystudio/ytyper/databinding/DialogAddTextBinding.java,مورد موجود؛ الوصول والسلوك يحتاجان تحققًا عند غياب لقطة أو اختبار
dialog_add_text,et_input,EditText,إدخال/اختيار,,اكتب هنا…,,match_parent,wrap_content,visible,decoded/res/layout/dialog_add_text.xml,decompiled/sources/com/oneguystudio/ytyper/databinding/DialogAddTextBinding.java,مورد موجود؛ الوصول والسلوك يحتاجان تحققًا عند غياب لقطة أو اختبار
dialog_advanced_gradient,viewGradientPreview,View,عنصر عرض/حاوية,,,,match_parent,100.0dp,visible,decoded/res/layout/dialog_advanced_gradient.xml,decompiled/sources/com/oneguystudio/ytyper/databinding/DialogAdvancedGradientBinding.java;decompiled/sources/com/oneguystudio/ytyper/ui/editor/dialog/AdvancedGradientDialog.java,مورد موجود؛ الوصول والسلوك يحتاجان تحققًا عند غياب لقطة أو اختبار
dialog_advanced_gradient,rvGradientTypes,RecyclerView,عنصر عرض/حاوية,,,,match_parent,150.0dp,visible,decoded/res/layout/dialog_advanced_gradient.xml,decompiled/sources/com/oneguystudio/ytyper/databinding/DialogAdvancedGradientBinding.java;decompiled/sources/com/oneguystudio/ytyper/ui/editor/dialog/AdvancedGradientDialog.java,مورد موجود؛ الوصول والسلوك يحتاجان تحققًا عند غياب لقطة أو اختبار
dialog_advanced_gradient,btnAngle270,TextView,زر محتمل,270°,,,0.0dp,40.0dp,visible,decoded/res/layout/dialog_advanced_gradient.xml,decompiled/sources/com/oneguystudio/ytyper/databinding/DialogAdvancedGradientBinding.java;decompiled/sources/com/oneguystudio/ytyper/ui/editor/dialog/AdvancedGradientDialog.java,مورد موجود؛ الوصول والسلوك يحتاجان تحققًا عند غياب لقطة أو اختبار
dialog_advanced_gradient,btnAngle90,TextView,زر محتمل,90°,,,0.0dp,40.0dp,visible,decoded/res/layout/dialog_advanced_gradient.xml,decompiled/sources/com/oneguystudio/ytyper/databinding/DialogAdvancedGradientBinding.java;decompiled/sources/com/oneguystudio/ytyper/ui/editor/dialog/AdvancedGradientDialog.java,مورد موجود؛ الوصول والسلوك يحتاجان تحققًا عند غياب لقطة أو اختبار
dialog_advanced_gradient,seekGradientCenter,SeekBar,إدخال/اختيار,,,,0.0dp,wrap_content,visible,decoded/res/layout/dialog_advanced_gradient.xml,decompiled/sources/com/oneguystudio/ytyper/databinding/DialogAdvancedGradientBinding.java;decompiled/sources/com/oneguystudio/ytyper/ui/editor/dialog/AdvancedGradientDialog.java,مورد موجود؛ الوصول والسلوك يحتاجان تحققًا عند غياب لقطة أو اختبار
dialog_advanced_gradient,btnSeekPlus,ImageView,زر محتمل,,,,36.0dp,36.0dp,visible,decoded/res/layout/dialog_advanced_gradient.xml,decompiled/sources/com/oneguystudio/ytyper/databinding/DialogAdvancedGradientBinding.java;decompiled/sources/com/oneguystudio/ytyper/ui/editor/dialog/AdvancedGradientDialog.java,مورد موجود؛ الوصول والسلوك يحتاجان تحققًا عند غياب لقطة أو اختبار
dialog_advanced_gradient,btnSeekMinus,ImageView,زر محتمل,,,,36.0dp,36.0dp,visible,decoded/res/layout/dialog_advanced_gradient.xml,decompiled/sources/com/oneguystudio/ytyper/databinding/DialogAdvancedGradientBinding.java;decompiled/sources/com/oneguystudio/ytyper/ui/editor/dialog/AdvancedGradientDialog.java,مورد موجود؛ الوصول والسلوك يحتاجان تحققًا عند غياب لقطة أو اختبار
dialog_advanced_gradient,rvGradientPresets,RecyclerView,عنصر عرض/حاوية,,,,match_parent,90.0dp,visible,decoded/res/layout/dialog_advanced_gradient.xml,decompiled/sources/com/oneguystudio/ytyper/databinding/DialogAdvancedGradientBinding.java;decompiled/sources/com/oneguystudio/ytyper/ui/editor/dialog/AdvancedGradientDialog.java,مورد موجود؛ الوصول والسلوك يحتاجان تحققًا عند غياب لقطة أو اختبار
dialog_advanced_gradient,btnConfirmGradient,TextView,زر محتمل,إعتماد,,,wrap_content,wrap_content,visible,decoded/res/layout/dialog_advanced_gradient.xml,decompiled/sources/com/oneguystudio/ytyper/databinding/DialogAdvancedGradientBinding.java;decompiled/sources/com/oneguystudio/ytyper/ui/editor/dialog/AdvancedGradientDialog.java,مورد موجود؛ الوصول والسلوك يحتاجان تحققًا عند غياب لقطة أو اختبار
dialog_advanced_gradient,btnCancelGradient,TextView,زر محتمل,إلغاء,,,wrap_content,wrap_content,visible,decoded/res/layout/dialog_advanced_gradient.xml,decompiled/sources/com/oneguystudio/ytyper/databinding/DialogAdvancedGradientBinding.java;decompiled/sources/com/oneguystudio/ytyper/ui/editor/dialog/AdvancedGradientDialog.java,مورد موجود؛ الوصول والسلوك يحتاجان تحققًا عند غياب لقطة أو اختبار
dialog_advanced_gradient,btnResetGradient,TextView,زر محتمل,Reset,,,wrap_content,wrap_content,visible,decoded/res/layout/dialog_advanced_gradient.xml,decompiled/sources/com/oneguystudio/ytyper/databinding/DialogAdvancedGradientBinding.java;decompiled/sources/com/oneguystudio/ytyper/ui/editor/dialog/AdvancedGradientDialog.java,مورد موجود؛ الوصول والسلوك يحتاجان تحققًا عند غياب لقطة أو اختبار
dialog_batch_rename,etPrefix,EditText,إدخال/اختيار,,مثال: Chapter_1_,,match_parent,wrap_content,visible,decoded/res/layout/dialog_batch_rename.xml,decompiled/sources/com/oneguystudio/ytyper/databinding/DialogBatchRenameBinding.java,مورد موجود؛ الوصول والسلوك يحتاجان تحققًا عند غياب لقطة أو اختبار
dialog_batch_rename,etStartNum,EditText,إدخال/اختيار,1,,,match_parent,wrap_content,visible,decoded/res/layout/dialog_batch_rename.xml,decompiled/sources/com/oneguystudio/ytyper/databinding/DialogBatchRenameBinding.java,مورد موجود؛ الوصول والسلوك يحتاجان تحققًا عند غياب لقطة أو اختبار
dialog_batch_rename,etSuffix,EditText,إدخال/اختيار,,مثال: _edited,,match_parent,wrap_content,visible,decoded/res/layout/dialog_batch_rename.xml,decompiled/sources/com/oneguystudio/ytyper/databinding/DialogBatchRenameBinding.java,مورد موجود؛ الوصول والسلوك يحتاجان تحققًا عند غياب لقطة أو اختبار
dialog_batch_rename,cbZeroPadding,CheckBox,إدخال/اختيار,"ترقيم ذكي (01, 02…)",,,match_parent,wrap_content,visible,decoded/res/layout/dialog_batch_rename.xml,decompiled/sources/com/oneguystudio/ytyper/databinding/DialogBatchRenameBinding.java,مورد موجود؛ الوصول والسلوك يحتاجان تحققًا عند غياب لقطة أو اختبار
dialog_batch_rename,tvPreviewText,TextView,عنصر عرض/حاوية,Chapter_1 … Chapter_20,,,match_parent,wrap_content,visible,decoded/res/layout/dialog_batch_rename.xml,decompiled/sources/com/oneguystudio/ytyper/databinding/DialogBatchRenameBinding.java,مورد موجود؛ الوصول والسلوك يحتاجان تحققًا عند غياب لقطة أو اختبار
dialog_batch_rename,btnCancelRename,TextView,زر محتمل,إلغاء,,,@dimen/dimen_0dp,wrap_content,visible,decoded/res/layout/dialog_batch_rename.xml,decompiled/sources/com/oneguystudio/ytyper/databinding/DialogBatchRenameBinding.java,مورد موجود؛ الوصول والسلوك يحتاجان تحققًا عند غياب لقطة أو اختبار
dialog_batch_rename,btnApplyRename,TextView,زر محتمل,تطبيق,,,@dimen/dimen_0dp,wrap_content,visible,decoded/res/layout/dialog_batch_rename.xml,decompiled/sources/com/oneguystudio/ytyper/databinding/DialogBatchRenameBinding.java,مورد موجود؛ الوصول والسلوك يحتاجان تحققًا عند غياب لقطة أو اختبار
dialog_canvas_background,tvTitle,TextView,عنصر عرض/حاوية,تغيير خلفية الكانفاس,,,wrap_content,wrap_content,visible,decoded/res/layout/dialog_canvas_background.xml,decompiled/sources/com/oneguystudio/ytyper/databinding/DialogCanvasBackgroundBinding.java;decompiled/sources/com/oneguystudio/ytyper/databinding/DialogShapePickerBinding.java;decompiled/sources/com/oneguystudio/ytyper/databinding/LayoutImageAdjustmentsPanelBinding.java;decompiled/sources/com/oneguystudio/ytyper/databinding/LayoutImageEffectsPanelBinding.java;decompiled/sources/com/oneguystudio/ytyper/databinding/LayoutImageFiltersPanelBinding.java;decompiled/sources/com/oneguystudio/ytyper/databinding/LayoutMagicBrushPanelBinding.java;decompiled/sources/com/oneguystudio/ytyper/databinding/LayoutPositionPanelBinding.java;decompiled/sources/com/oneguystudio/ytyper/databinding/LayoutRulerPanelBinding.java;decompiled/sources/com/oneguystudio/ytyper/databinding/LayoutTexturePanelBinding.java;decompiled/sources/com/oneguystudio/ytyper/ui/editor/dialog/CanvasBackgroundBottomSheet.java;decompiled/sources/com/oneguystudio/ytyper/ui/editor/dialog/ShapePickerBottomSheet.java,مورد موجود؛ الوصول والسلوك يحتاجان تحققًا عند غياب لقطة أو اختبار
dialog_canvas_background,recyclerOptions,RecyclerView,عنصر عرض/حاوية,,,,match_parent,wrap_content,visible,decoded/res/layout/dialog_canvas_background.xml,decompiled/sources/com/oneguystudio/ytyper/databinding/DialogCanvasBackgroundBinding.java;decompiled/sources/com/oneguystudio/ytyper/ui/editor/dialog/CanvasBackgroundBottomSheet.java,مورد موجود؛ الوصول والسلوك يحتاجان تحققًا عند غياب لقطة أو اختبار
dialog_canvas_background,layoutCustomImage,LinearLayout,عنصر عرض/حاوية,,,,match_parent,wrap_content,gone,decoded/res/layout/dialog_canvas_background.xml,decompiled/sources/com/oneguystudio/ytyper/databinding/DialogCanvasBackgroundBinding.java;decompiled/sources/com/oneguystudio/ytyper/ui/editor/dialog/CanvasBackgroundBottomSheet.java,مورد موجود؛ الوصول والسلوك يحتاجان تحققًا عند غياب لقطة أو اختبار
dialog_canvas_background,btnPickImage,TextView,زر محتمل,اختيار صورة,,,match_parent,48.0dp,visible,decoded/res/layout/dialog_canvas_background.xml,decompiled/sources/com/oneguystudio/ytyper/databinding/DialogCanvasBackgroundBinding.java;decompiled/sources/com/oneguystudio/ytyper/ui/editor/dialog/CanvasBackgroundBottomSheet.java,مورد موجود؛ الوصول والسلوك يحتاجان تحققًا عند غياب لقطة أو اختبار
dialog_canvas_background,blurSeekBar,SeekBar,إدخال/اختيار,,,,0.0dp,wrap_content,visible,decoded/res/layout/dialog_canvas_background.xml,decompiled/sources/com/oneguystudio/ytyper/databinding/DialogCanvasBackgroundBinding.java;decompiled/sources/com/oneguystudio/ytyper/ui/editor/dialog/CanvasBackgroundBottomSheet.java,مورد موجود؛ الوصول والسلوك يحتاجان تحققًا عند غياب لقطة أو اختبار
dialog_canvas_background,frameCustomImagePreview,FrameLayout,عنصر عرض/حاوية,,,,match_parent,212.0dp,visible,decoded/res/layout/dialog_canvas_background.xml,decompiled/sources/com/oneguystudio/ytyper/databinding/DialogCanvasBackgroundBinding.java;decompiled/sources/com/oneguystudio/ytyper/ui/editor/dialog/CanvasBackgroundBottomSheet.java,مورد موجود؛ الوصول والسلوك يحتاجان تحققًا عند غياب لقطة أو اختبار
dialog_cloud_manager,tvDialogTitle,TextView,عنصر عرض/حاوية,إدارة المزامنة السحابية,,,match_parent,wrap_content,visible,decoded/res/layout/dialog_cloud_manager.xml,decompiled/sources/com/oneguystudio/ytyper/databinding/DialogCloudManagerBinding.java;decompiled/sources/com/oneguystudio/ytyper/databinding/DialogGlassInputBinding.java;decompiled/sources/com/oneguystudio/ytyper/databinding/DialogProcessPagesBinding.java;decompiled/sources/com/oneguystudio/ytyper/ui/dashboard/e3.java;decompiled/sources/com/oneguystudio/ytyper/ui/dashboard/h3.java;decompiled/sources/com/oneguystudio/ytyper/ui/dashboard/t0.java;decompiled/sources/com/oneguystudio/ytyper/ui/editor/dialog/LayersBottomSheet.java,مورد موجود؛ الوصول والسلوك يحتاجان تحققًا عند غياب لقطة أو اختبار
dialog_cloud_manager,dialogProgressBar,ProgressBar,عنصر عرض/حاوية,,,,match_parent,wrap_content,gone,decoded/res/layout/dialog_cloud_manager.xml,decompiled/sources/com/oneguystudio/ytyper/databinding/DialogCloudManagerBinding.java;decompiled/sources/com/oneguystudio/ytyper/ui/dashboard/e3.java,مورد موجود؛ الوصول والسلوك يحتاجان تحققًا عند غياب لقطة أو اختبار
dialog_cloud_manager,containerCloudItems,LinearLayout,عنصر عرض/حاوية,,,,match_parent,wrap_content,visible,decoded/res/layout/dialog_cloud_manager.xml,decompiled/sources/com/oneguystudio/ytyper/databinding/DialogCloudManagerBinding.java;decompiled/sources/com/oneguystudio/ytyper/ui/dashboard/e3.java,مورد موجود؛ الوصول والسلوك يحتاجان تحققًا عند غياب لقطة أو اختبار
dialog_cloud_manager,btnDialogCancel,TextView,زر محتمل,إلغاء,,,wrap_content,wrap_content,visible,decoded/res/layout/dialog_cloud_manager.xml,decompiled/sources/com/oneguystudio/ytyper/databinding/DialogCloudManagerBinding.java;decompiled/sources/com/oneguystudio/ytyper/databinding/DialogGlassInputBinding.java;decompiled/sources/com/oneguystudio/ytyper/ui/dashboard/e3.java;decompiled/sources/com/oneguystudio/ytyper/ui/dashboard/h3.java;decompiled/sources/com/oneguystudio/ytyper/ui/dashboard/t0.java;decompiled/sources/com/oneguystudio/ytyper/ui/editor/dialog/LayersBottomSheet.java,مورد موجود؛ الوصول والسلوك يحتاجان تحققًا عند غياب لقطة أو اختبار
dialog_cloud_manager,btnDialogAction,TextView,زر محتمل,مزامنة شاملة,,,wrap_content,wrap_content,visible,decoded/res/layout/dialog_cloud_manager.xml,decompiled/sources/com/oneguystudio/ytyper/databinding/DialogCloudManagerBinding.java,مورد موجود؛ الوصول والسلوك يحتاجان تحققًا عند غياب لقطة أو اختبار
dialog_color_picker,btnEyedropper,ImageView,زر محتمل,,,,40.0dp,40.0dp,visible,decoded/res/layout/dialog_color_picker.xml,decompiled/sources/com/oneguystudio/ytyper/databinding/DialogColorPickerBinding.java;decompiled/sources/com/oneguystudio/ytyper/databinding/LayoutBackgroundPanelBinding.java;decompiled/sources/com/oneguystudio/ytyper/databinding/LayoutColorPanelBinding.java;decompiled/sources/com/oneguystudio/ytyper/databinding/LayoutShadowPanelBinding.java;decompiled/sources/com/oneguystudio/ytyper/databinding/LayoutStrokePanelBinding.java,مورد موجود؛ الوصول والسلوك يحتاجان تحققًا عند غياب لقطة أو اختبار
dialog_color_picker,btnCancel,ImageView,زر محتمل,,,,40.0dp,40.0dp,visible,decoded/res/layout/dialog_color_picker.xml,decompiled/sources/com/oneguystudio/ytyper/databinding/DialogColorPickerBinding.java;decompiled/sources/com/oneguystudio/ytyper/databinding/DialogNewBlankProjectBinding.java;decompiled/sources/com/oneguystudio/ytyper/databinding/DialogProcessPagesBinding.java;decompiled/sources/com/oneguystudio/ytyper/databinding/DialogResizeCanvasBinding.java;decompiled/sources/com/oneguystudio/ytyper/ui/editor/EditorActivity.java,مورد موجود؛ الوصول والسلوك يحتاجان تحققًا عند غياب لقطة أو اختبار
dialog_color_picker,colorPickerView,ColorPickerView,عنصر عرض/حاوية,,,,match_parent,200.0dp,visible,decoded/res/layout/dialog_color_picker.xml,decompiled/sources/com/oneguystudio/ytyper/databinding/DialogColorPickerBinding.java,مورد موجود؛ الوصول والسلوك يحتاجان تحققًا عند غياب لقطة أو اختبار
dialog_color_picker,viewNewColor,View,عنصر عرض/حاوية,,,,match_parent,match_parent,visible,decoded/res/layout/dialog_color_picker.xml,decompiled/sources/com/oneguystudio/ytyper/databinding/DialogColorPickerBinding.java,مورد موجود؛ الوصول والسلوك يحتاجان تحققًا عند غياب لقطة أو اختبار
dialog_color_picker,etHexCode,EditText,إدخال/اختيار,,,,0.0dp,40.0dp,visible,decoded/res/layout/dialog_color_picker.xml,decompiled/sources/com/oneguystudio/ytyper/databinding/DialogColorPickerBinding.java,مورد موجود؛ الوصول والسلوك يحتاجان تحققًا عند غياب لقطة أو اختبار
dialog_color_picker,recyclerPresets,RecyclerView,عنصر عرض/حاوية,,,,match_parent,wrap_content,visible,decoded/res/layout/dialog_color_picker.xml,decompiled/sources/com/oneguystudio/ytyper/databinding/DialogColorPickerBinding.java,مورد موجود؛ الوصول والسلوك يحتاجان تحققًا عند غياب لقطة أو اختبار
dialog_delete_confirm,tv_delete_message,TextView,عنصر عرض/حاوية,هل أنت متأكد؟,,,wrap_content,wrap_content,visible,decoded/res/layout/dialog_delete_confirm.xml,decompiled/sources/com/oneguystudio/ytyper/databinding/DialogDeleteConfirmBinding.java,مورد موجود؛ الوصول والسلوك يحتاجان تحققًا عند غياب لقطة أو اختبار
dialog_delete_confirm,btn_cancel_delete,TextView,زر محتمل,إلغاء,,,@dimen/dimen_0dp,wrap_content,visible,decoded/res/layout/dialog_delete_confirm.xml,decompiled/sources/com/oneguystudio/ytyper/databinding/DialogDeleteConfirmBinding.java,مورد موجود؛ الوصول والسلوك يحتاجان تحققًا عند غياب لقطة أو اختبار
dialog_delete_confirm,btn_confirm_delete,TextView,زر محتمل,حذف,,,@dimen/dimen_0dp,wrap_content,visible,decoded/res/layout/dialog_delete_confirm.xml,decompiled/sources/com/oneguystudio/ytyper/databinding/DialogDeleteConfirmBinding.java,مورد موجود؛ الوصول والسلوك يحتاجان تحققًا عند غياب لقطة أو اختبار
dialog_discord_link,btn_copy_command,LinearLayout,زر محتمل,,,,match_parent,wrap_content,visible,decoded/res/layout/dialog_discord_link.xml,decompiled/sources/com/oneguystudio/ytyper/databinding/DialogDiscordLinkBinding.java,مورد موجود؛ الوصول والسلوك يحتاجان تحققًا عند غياب لقطة أو اختبار
dialog_discord_link,tv_discord_command,TextView,عنصر عرض/حاوية,/link token:YTYPER-XXXXXX,,,0.0dp,wrap_content,visible,decoded/res/layout/dialog_discord_link.xml,decompiled/sources/com/oneguystudio/ytyper/databinding/DialogDiscordLinkBinding.java,مورد موجود؛ الوصول والسلوك يحتاجان تحققًا عند غياب لقطة أو اختبار
dialog_discord_link,iv_copy_icon,ImageView,عنصر عرض/حاوية,,,,20.0dp,20.0dp,visible,decoded/res/layout/dialog_discord_link.xml,decompiled/sources/com/oneguystudio/ytyper/databinding/DialogDiscordLinkBinding.java,مورد موجود؛ الوصول والسلوك يحتاجان تحققًا عند غياب لقطة أو اختبار
dialog_discord_link,btn_close_dialog,TextView,زر محتمل,إغلاق النافذة,,,wrap_content,wrap_content,visible,decoded/res/layout/dialog_discord_link.xml,decompiled/sources/com/oneguystudio/ytyper/databinding/DialogDiscordLinkBinding.java,مورد موجود؛ الوصول والسلوك يحتاجان تحققًا عند غياب لقطة أو اختبار
dialog_font_picker,tabLayout,TabLayout,عنصر عرض/حاوية,,,,0.0dp,wrap_content,visible,decoded/res/layout/dialog_font_picker.xml,decompiled/sources/com/oneguystudio/ytyper/databinding/DialogFontPickerBinding.java,مورد موجود؛ الوصول والسلوك يحتاجان تحققًا عند غياب لقطة أو اختبار
dialog_font_picker,btnPreviewIcon,ImageView,زر محتمل,,,,@dimen/dimen_40dp,@dimen/dimen_40dp,visible,decoded/res/layout/dialog_font_picker.xml,decompiled/sources/com/oneguystudio/ytyper/databinding/DialogFontPickerBinding.java;decompiled/sources/com/oneguystudio/ytyper/ui/editor/dialog/FontPickerPanel.java,مورد موجود؛ الوصول والسلوك يحتاجان تحققًا عند غياب لقطة أو اختبار
dialog_font_picker,btnExpandFonts,ImageView,زر محتمل,,,,@dimen/dimen_40dp,@dimen/dimen_40dp,visible,decoded/res/layout/dialog_font_picker.xml,decompiled/sources/com/oneguystudio/ytyper/databinding/DialogFontPickerBinding.java;decompiled/sources/com/oneguystudio/ytyper/ui/editor/dialog/FontPickerPanel.java,مورد موجود؛ الوصول والسلوك يحتاجان تحققًا عند غياب لقطة أو اختبار
dialog_font_picker,btnAddFont,ImageView,زر محتمل,,,,@dimen/dimen_40dp,@dimen/dimen_40dp,gone,decoded/res/layout/dialog_font_picker.xml,decompiled/sources/com/oneguystudio/ytyper/databinding/DialogFontPickerBinding.java;decompiled/sources/com/oneguystudio/ytyper/ui/editor/dialog/FontPickerPanel.java,مورد موجود؛ الوصول والسلوك يحتاجان تحققًا عند غياب لقطة أو اختبار
dialog_font_picker,searchBarLayout,LinearLayout,عنصر عرض/حاوية,,,,match_parent,@dimen/dimen_45dp,gone,decoded/res/layout/dialog_font_picker.xml,decompiled/sources/com/oneguystudio/ytyper/databinding/DialogFontPickerBinding.java;decompiled/sources/com/oneguystudio/ytyper/ui/editor/dialog/FontPickerPanel.java,مورد موجود؛ الوصول والسلوك يحتاجان تحققًا عند غياب لقطة أو اختبار
dialog_font_picker,etSearchFont,EditText,إدخال/اختيار,,ابحث عن اسم الخط…,,0.0dp,match_parent,visible,decoded/res/layout/dialog_font_picker.xml,decompiled/sources/com/oneguystudio/ytyper/databinding/DialogFontPickerBinding.java;decompiled/sources/com/oneguystudio/ytyper/ui/editor/dialog/FontPickerPanel.java,مورد موجود؛ الوصول والسلوك يحتاجان تحققًا عند غياب لقطة أو اختبار
dialog_font_picker,btnClearSearch,ImageView,زر محتمل,,,,@dimen/dimen_32dp,@dimen/dimen_32dp,visible,decoded/res/layout/dialog_font_picker.xml,decompiled/sources/com/oneguystudio/ytyper/databinding/DialogFontPickerBinding.java;decompiled/sources/com/oneguystudio/ytyper/ui/editor/dialog/FontPickerPanel.java,مورد موجود؛ الوصول والسلوك يحتاجان تحققًا عند غياب لقطة أو اختبار
dialog_font_picker,btnConfirmSearch,ImageView,زر محتمل,,,تأكيد,@dimen/dimen_32dp,@dimen/dimen_32dp,visible,decoded/res/layout/dialog_font_picker.xml,decompiled/sources/com/oneguystudio/ytyper/databinding/DialogFontPickerBinding.java;decompiled/sources/com/oneguystudio/ytyper/ui/editor/dialog/FontPickerPanel.java,مورد موجود؛ الوصول والسلوك يحتاجان تحققًا عند غياب لقطة أو اختبار
dialog_font_picker,scrollTagsBar,HorizontalScrollView,عنصر عرض/حاوية,,,,match_parent,wrap_content,gone,decoded/res/layout/dialog_font_picker.xml,decompiled/sources/com/oneguystudio/ytyper/databinding/DialogFontPickerBinding.java;decompiled/sources/com/oneguystudio/ytyper/databinding/DialogTagFontPickerBinding.java;decompiled/sources/com/oneguystudio/ytyper/ui/editor/dialog/FontPickerPanel.java,مورد موجود؛ الوصول والسلوك يحتاجان تحققًا عند غياب لقطة أو اختبار
dialog_font_picker,layoutFontTags,LinearLayout,عنصر عرض/حاوية,,,,wrap_content,wrap_content,visible,decoded/res/layout/dialog_font_picker.xml,decompiled/sources/com/oneguystudio/ytyper/databinding/DialogFontPickerBinding.java;decompiled/sources/com/oneguystudio/ytyper/databinding/DialogTagFontPickerBinding.java;decompiled/sources/com/oneguystudio/ytyper/ui/editor/dialog/FontPickerPanel.java,مورد موجود؛ الوصول والسلوك يحتاجان تحققًا عند غياب لقطة أو اختبار
dialog_font_picker,recyclerFonts,RecyclerView,عنصر عرض/حاوية,,,,match_parent,wrap_content,visible,decoded/res/layout/dialog_font_picker.xml,decompiled/sources/com/oneguystudio/ytyper/databinding/DialogFontPickerBinding.java,مورد موجود؛ الوصول والسلوك يحتاجان تحققًا عند غياب لقطة أو اختبار
dialog_glass_input,tvDialogTitle,TextView,عنصر عرض/حاوية,العنوان,,,match_parent,wrap_content,visible,decoded/res/layout/dialog_glass_input.xml,decompiled/sources/com/oneguystudio/ytyper/databinding/DialogCloudManagerBinding.java;decompiled/sources/com/oneguystudio/ytyper/databinding/DialogGlassInputBinding.java;decompiled/sources/com/oneguystudio/ytyper/databinding/DialogProcessPagesBinding.java;decompiled/sources/com/oneguystudio/ytyper/ui/dashboard/e3.java;decompiled/sources/com/oneguystudio/ytyper/ui/dashboard/h3.java;decompiled/sources/com/oneguystudio/ytyper/ui/dashboard/t0.java;decompiled/sources/com/oneguystudio/ytyper/ui/editor/dialog/LayersBottomSheet.java,مورد موجود؛ الوصول والسلوك يحتاجان تحققًا عند غياب لقطة أو اختبار
dialog_glass_input,tvDialogMessage,TextView,عنصر عرض/حاوية,الرسالة,,,match_parent,wrap_content,gone,decoded/res/layout/dialog_glass_input.xml,decompiled/sources/com/oneguystudio/ytyper/databinding/DialogGlassInputBinding.java;decompiled/sources/com/oneguystudio/ytyper/ui/dashboard/h3.java,مورد موجود؛ الوصول والسلوك يحتاجان تحققًا عند غياب لقطة أو اختبار
dialog_glass_input,etDialogInput,EditText,إدخال/اختيار,,,,match_parent,@dimen/dimen_45dp,visible,decoded/res/layout/dialog_glass_input.xml,decompiled/sources/com/oneguystudio/ytyper/databinding/DialogGlassInputBinding.java;decompiled/sources/com/oneguystudio/ytyper/ui/dashboard/h3.java;decompiled/sources/com/oneguystudio/ytyper/ui/dashboard/t0.java;decompiled/sources/com/oneguystudio/ytyper/ui/editor/dialog/LayersBottomSheet.java,مورد موجود؛ الوصول والسلوك يحتاجان تحققًا عند غياب لقطة أو اختبار
dialog_glass_input,btnDialogCancel,TextView,زر محتمل,إلغاء,,,wrap_content,wrap_content,visible,decoded/res/layout/dialog_glass_input.xml,decompiled/sources/com/oneguystudio/ytyper/databinding/DialogCloudManagerBinding.java;decompiled/sources/com/oneguystudio/ytyper/databinding/DialogGlassInputBinding.java;decompiled/sources/com/oneguystudio/ytyper/ui/dashboard/e3.java;decompiled/sources/com/oneguystudio/ytyper/ui/dashboard/h3.java;decompiled/sources/com/oneguystudio/ytyper/ui/dashboard/t0.java;decompiled/sources/com/oneguystudio/ytyper/ui/editor/dialog/LayersBottomSheet.java,مورد موجود؛ الوصول والسلوك يحتاجان تحققًا عند غياب لقطة أو اختبار
dialog_glass_input,btnDialogConfirm,TextView,زر محتمل,تأكيد,,,wrap_content,wrap_content,visible,decoded/res/layout/dialog_glass_input.xml,decompiled/sources/com/oneguystudio/ytyper/databinding/DialogGlassInputBinding.java;decompiled/sources/com/oneguystudio/ytyper/ui/dashboard/h3.java;decompiled/sources/com/oneguystudio/ytyper/ui/dashboard/t0.java;decompiled/sources/com/oneguystudio/ytyper/ui/editor/dialog/LayersBottomSheet.java,مورد موجود؛ الوصول والسلوك يحتاجان تحققًا عند غياب لقطة أو اختبار
dialog_image_drafts,btn_add_draft,ImageView,زر محتمل,,,,@dimen/dimen_40dp,@dimen/dimen_40dp,visible,decoded/res/layout/dialog_image_drafts.xml,decompiled/sources/com/oneguystudio/ytyper/databinding/DialogImageDraftsBinding.java;decompiled/sources/com/oneguystudio/ytyper/ui/editor/dialog/ImageDraftsBottomSheet.java,مورد موجود؛ الوصول والسلوك يحتاجان تحققًا عند غياب لقطة أو اختبار
dialog_image_drafts,rv_draft_images,RecyclerView,عنصر عرض/حاوية,,,,match_parent,match_parent,visible,decoded/res/layout/dialog_image_drafts.xml,decompiled/sources/com/oneguystudio/ytyper/databinding/DialogImageDraftsBinding.java;decompiled/sources/com/oneguystudio/ytyper/ui/editor/dialog/ImageDraftsBottomSheet.java,مورد موجود؛ الوصول والسلوك يحتاجان تحققًا عند غياب لقطة أو اختبار
dialog_interactive_gradient,btnCloseDialog,ImageView,زر محتمل,,,,28.0dp,28.0dp,visible,decoded/res/layout/dialog_interactive_gradient.xml,decompiled/sources/com/oneguystudio/ytyper/databinding/DialogInteractiveGradientBinding.java;decompiled/sources/com/oneguystudio/ytyper/databinding/DialogYoutubePlayerBinding.java;decompiled/sources/com/oneguystudio/ytyper/ui/community/y.java;decompiled/sources/com/oneguystudio/ytyper/ui/editor/dialog/InteractiveGradientDialog.java,مورد موجود؛ الوصول والسلوك يحتاجان تحققًا عند غياب لقطة أو اختبار
dialog_interactive_gradient,gradientSliderView,GradientSliderView,إدخال/اختيار,,,,match_parent,80.0dp,visible,decoded/res/layout/dialog_interactive_gradient.xml,decompiled/sources/com/oneguystudio/ytyper/databinding/DialogInteractiveGradientBinding.java;decompiled/sources/com/oneguystudio/ytyper/databinding/LayoutColorPanelBinding.java;decompiled/sources/com/oneguystudio/ytyper/databinding/LayoutShadowPanelBinding.java;decompiled/sources/com/oneguystudio/ytyper/databinding/LayoutStrokePanelBinding.java;decompiled/sources/com/oneguystudio/ytyper/ui/editor/dialog/InteractiveGradientDialog.java,مورد موجود؛ الوصول والسلوك يحتاجان تحققًا عند غياب لقطة أو اختبار
dialog_interactive_gradient,btnAddColorNode,ImageView,زر محتمل,,,,48.0dp,48.0dp,visible,decoded/res/layout/dialog_interactive_gradient.xml,decompiled/sources/com/oneguystudio/ytyper/databinding/DialogInteractiveGradientBinding.java;decompiled/sources/com/oneguystudio/ytyper/ui/editor/dialog/InteractiveGradientDialog.java,مورد موجود؛ الوصول والسلوك يحتاجان تحققًا عند غياب لقطة أو اختبار
dialog_interactive_gradient,btnEditColorNode,ImageView,زر محتمل,,,,48.0dp,48.0dp,visible,decoded/res/layout/dialog_interactive_gradient.xml,decompiled/sources/com/oneguystudio/ytyper/databinding/DialogInteractiveGradientBinding.java;decompiled/sources/com/oneguystudio/ytyper/ui/editor/dialog/InteractiveGradientDialog.java,مورد موجود؛ الوصول والسلوك يحتاجان تحققًا عند غياب لقطة أو اختبار
dialog_interactive_gradient,btnDeleteColorNode,ImageView,زر محتمل,,,,48.0dp,48.0dp,visible,decoded/res/layout/dialog_interactive_gradient.xml,decompiled/sources/com/oneguystudio/ytyper/databinding/DialogInteractiveGradientBinding.java;decompiled/sources/com/oneguystudio/ytyper/ui/editor/dialog/InteractiveGradientDialog.java,مورد موجود؛ الوصول والسلوك يحتاجان تحققًا عند غياب لقطة أو اختبار
dialog_language,btn_lang_en,TextView,زر محتمل,English,,,match_parent,wrap_content,visible,decoded/res/layout/dialog_language.xml,decompiled/sources/com/oneguystudio/ytyper/databinding/DialogLanguageBinding.java,مورد موجود؛ الوصول والسلوك يحتاجان تحققًا عند غياب لقطة أو اختبار
dialog_language,btn_lang_ar,TextView,زر محتمل,العربية,,,match_parent,wrap_content,visible,decoded/res/layout/dialog_language.xml,decompiled/sources/com/oneguystudio/ytyper/databinding/DialogLanguageBinding.java,مورد موجود؛ الوصول والسلوك يحتاجان تحققًا عند غياب لقطة أو اختبار
dialog_language,btn_cancel,TextView,زر محتمل,إلغاء,,,wrap_content,wrap_content,visible,decoded/res/layout/dialog_language.xml,decompiled/sources/com/oneguystudio/ytyper/databinding/DialogAddTextBinding.java;decompiled/sources/com/oneguystudio/ytyper/databinding/DialogLanguageBinding.java;decompiled/sources/com/oneguystudio/ytyper/databinding/DialogSaveBinding.java,مورد موجود؛ الوصول والسلوك يحتاجان تحققًا عند غياب لقطة أو اختبار
dialog_layers_glass,btnQuickMergeToggle,ImageView,زر محتمل,,,Quick Merge,@dimen/dimen_40dp,@dimen/dimen_40dp,visible,decoded/res/layout/dialog_layers_glass.xml,decompiled/sources/com/oneguystudio/ytyper/databinding/DialogLayersGlassBinding.java;decompiled/sources/com/oneguystudio/ytyper/ui/editor/dialog/LayersBottomSheet.java,مورد موجود؛ الوصول والسلوك يحتاجان تحققًا عند غياب لقطة أو اختبار
dialog_layers_glass,llLayerFilters,LinearLayout,عنصر عرض/حاوية,,,,wrap_content,wrap_content,visible,decoded/res/layout/dialog_layers_glass.xml,decompiled/sources/com/oneguystudio/ytyper/databinding/DialogLayersGlassBinding.java,مورد موجود؛ الوصول والسلوك يحتاجان تحققًا عند غياب لقطة أو اختبار
dialog_layers_glass,chipAll,TextView,زر محتمل,الكل,,,,,visible,decoded/res/layout/dialog_layers_glass.xml,decompiled/sources/com/oneguystudio/ytyper/databinding/DialogLayersGlassBinding.java;decompiled/sources/com/oneguystudio/ytyper/ui/editor/dialog/LayersBottomSheet.java,مورد موجود؛ الوصول والسلوك يحتاجان تحققًا عند غياب لقطة أو اختبار
dialog_layers_glass,chipText,TextView,زر محتمل,نص,,,,,visible,decoded/res/layout/dialog_layers_glass.xml,decompiled/sources/com/oneguystudio/ytyper/databinding/DialogLayersGlassBinding.java;decompiled/sources/com/oneguystudio/ytyper/ui/editor/dialog/LayersBottomSheet.java,مورد موجود؛ الوصول والسلوك يحتاجان تحققًا عند غياب لقطة أو اختبار
dialog_layers_glass,chipImage,TextView,زر محتمل,صورة,,,,,visible,decoded/res/layout/dialog_layers_glass.xml,decompiled/sources/com/oneguystudio/ytyper/databinding/DialogLayersGlassBinding.java;decompiled/sources/com/oneguystudio/ytyper/ui/editor/dialog/LayersBottomSheet.java,مورد موجود؛ الوصول والسلوك يحتاجان تحققًا عند غياب لقطة أو اختبار
dialog_layers_glass,chipShape,TextView,زر محتمل,شكل,,,,,visible,decoded/res/layout/dialog_layers_glass.xml,decompiled/sources/com/oneguystudio/ytyper/databinding/DialogLayersGlassBinding.java;decompiled/sources/com/oneguystudio/ytyper/ui/editor/dialog/LayersBottomSheet.java,مورد موجود؛ الوصول والسلوك يحتاجان تحققًا عند غياب لقطة أو اختبار
dialog_layers_glass,chipDraw,TextView,زر محتمل,رسم,,,,,visible,decoded/res/layout/dialog_layers_glass.xml,decompiled/sources/com/oneguystudio/ytyper/databinding/DialogLayersGlassBinding.java;decompiled/sources/com/oneguystudio/ytyper/ui/editor/dialog/LayersBottomSheet.java,مورد موجود؛ الوصول والسلوك يحتاجان تحققًا عند غياب لقطة أو اختبار
dialog_layers_glass,rvLayers,RecyclerView,عنصر عرض/حاوية,,,,match_parent,@dimen/dimen_0dp,visible,decoded/res/layout/dialog_layers_glass.xml,decompiled/sources/com/oneguystudio/ytyper/databinding/DialogLayersGlassBinding.java;decompiled/sources/com/oneguystudio/ytyper/ui/editor/dialog/LayersBottomSheet.java,مورد موجود؛ الوصول والسلوك يحتاجان تحققًا عند غياب لقطة أو اختبار
dialog_layers_glass,llMergeActionBar,LinearLayout,عنصر عرض/حاوية,,,,match_parent,wrap_content,gone,decoded/res/layout/dialog_layers_glass.xml,decompiled/sources/com/oneguystudio/ytyper/databinding/DialogLayersGlassBinding.java;decompiled/sources/com/oneguystudio/ytyper/ui/editor/dialog/LayersBottomSheet.java,مورد موجود؛ الوصول والسلوك يحتاجان تحققًا عند غياب لقطة أو اختبار
dialog_layers_glass,btnMergeSelectAll,TextView,زر محتمل,تحديد الكل,,,wrap_content,40.0dp,visible,decoded/res/layout/dialog_layers_glass.xml,decompiled/sources/com/oneguystudio/ytyper/databinding/DialogLayersGlassBinding.java;decompiled/sources/com/oneguystudio/ytyper/ui/editor/dialog/LayersBottomSheet.java,مورد موجود؛ الوصول والسلوك يحتاجان تحققًا عند غياب لقطة أو اختبار
dialog_layers_glass,btnMultiMerge,ImageView,زر محتمل,,,,40.0dp,40.0dp,visible,decoded/res/layout/dialog_layers_glass.xml,decompiled/sources/com/oneguystudio/ytyper/databinding/DialogLayersGlassBinding.java;decompiled/sources/com/oneguystudio/ytyper/ui/editor/dialog/LayersBottomSheet.java,مورد موجود؛ الوصول والسلوك يحتاجان تحققًا عند غياب لقطة أو اختبار
dialog_layers_glass,btnMultiLock,ImageView,زر محتمل,,,,40.0dp,40.0dp,visible,decoded/res/layout/dialog_layers_glass.xml,decompiled/sources/com/oneguystudio/ytyper/databinding/DialogLayersGlassBinding.java;decompiled/sources/com/oneguystudio/ytyper/ui/editor/dialog/LayersBottomSheet.java,مورد موجود؛ الوصول والسلوك يحتاجان تحققًا عند غياب لقطة أو اختبار
dialog_layers_glass,btnMultiHide,ImageView,زر محتمل,,,,40.0dp,40.0dp,visible,decoded/res/layout/dialog_layers_glass.xml,decompiled/sources/com/oneguystudio/ytyper/databinding/DialogLayersGlassBinding.java;decompiled/sources/com/oneguystudio/ytyper/ui/editor/dialog/LayersBottomSheet.java,مورد موجود؛ الوصول والسلوك يحتاجان تحققًا عند غياب لقطة أو اختبار
dialog_layers_glass,btnMultiDelete,ImageView,زر محتمل,,,,40.0dp,40.0dp,visible,decoded/res/layout/dialog_layers_glass.xml,decompiled/sources/com/oneguystudio/ytyper/databinding/DialogLayersGlassBinding.java;decompiled/sources/com/oneguystudio/ytyper/ui/editor/dialog/LayersBottomSheet.java,مورد موجود؛ الوصول والسلوك يحتاجان تحققًا عند غياب لقطة أو اختبار
dialog_layers_glass,btnMergeCancel,TextView,زر محتمل,إلغاء,,,wrap_content,40.0dp,visible,decoded/res/layout/dialog_layers_glass.xml,decompiled/sources/com/oneguystudio/ytyper/databinding/DialogLayersGlassBinding.java;decompiled/sources/com/oneguystudio/ytyper/ui/editor/dialog/LayersBottomSheet.java,مورد موجود؛ الوصول والسلوك يحتاجان تحققًا عند غياب لقطة أو اختبار
dialog_new_blank_project,etProjectName,EditText,إدخال/اختيار,,اسم المشروع,,match_parent,wrap_content,visible,decoded/res/layout/dialog_new_blank_project.xml,decompiled/sources/com/oneguystudio/ytyper/databinding/DialogNewBlankProjectBinding.java,مورد موجود؛ الوصول والسلوك يحتاجان تحققًا عند غياب لقطة أو اختبار
dialog_new_blank_project,etWidth,EditText,إدخال/اختيار,1080,العرض,,@dimen/dimen_0dp,wrap_content,visible,decoded/res/layout/dialog_new_blank_project.xml,decompiled/sources/com/oneguystudio/ytyper/databinding/DialogNewBlankProjectBinding.java;decompiled/sources/com/oneguystudio/ytyper/databinding/DialogResizeCanvasBinding.java;decompiled/sources/com/oneguystudio/ytyper/databinding/DialogTextFormatBinding.java;decompiled/sources/com/oneguystudio/ytyper/ui/editor/EditorActivity.java,مورد موجود؛ الوصول والسلوك يحتاجان تحققًا عند غياب لقطة أو اختبار
dialog_new_blank_project,etHeight,EditText,إدخال/اختيار,1920,الالرتفاع,,@dimen/dimen_0dp,wrap_content,visible,decoded/res/layout/dialog_new_blank_project.xml,decompiled/sources/com/oneguystudio/ytyper/databinding/DialogNewBlankProjectBinding.java;decompiled/sources/com/oneguystudio/ytyper/databinding/DialogResizeCanvasBinding.java;decompiled/sources/com/oneguystudio/ytyper/ui/editor/EditorActivity.java,مورد موجود؛ الوصول والسلوك يحتاجان تحققًا عند غياب لقطة أو اختبار
dialog_new_blank_project,btn1x1,TextView,زر محتمل,1:1,,,wrap_content,wrap_content,visible,decoded/res/layout/dialog_new_blank_project.xml,decompiled/sources/com/oneguystudio/ytyper/databinding/DialogNewBlankProjectBinding.java,مورد موجود؛ الوصول والسلوك يحتاجان تحققًا عند غياب لقطة أو اختبار
dialog_new_blank_project,layoutColorStrip,LinearLayout,عنصر عرض/حاوية,,,,wrap_content,wrap_content,visible,decoded/res/layout/dialog_new_blank_project.xml,decompiled/sources/com/oneguystudio/ytyper/databinding/DialogNewBlankProjectBinding.java,مورد موجود؛ الوصول والسلوك يحتاجان تحققًا عند غياب لقطة أو اختبار
dialog_new_blank_project,btnCancel,TextView,زر محتمل,إلغاء,,,@dimen/dimen_0dp,wrap_content,visible,decoded/res/layout/dialog_new_blank_project.xml,decompiled/sources/com/oneguystudio/ytyper/databinding/DialogColorPickerBinding.java;decompiled/sources/com/oneguystudio/ytyper/databinding/DialogNewBlankProjectBinding.java;decompiled/sources/com/oneguystudio/ytyper/databinding/DialogProcessPagesBinding.java;decompiled/sources/com/oneguystudio/ytyper/databinding/DialogResizeCanvasBinding.java;decompiled/sources/com/oneguystudio/ytyper/ui/editor/EditorActivity.java,مورد موجود؛ الوصول والسلوك يحتاجان تحققًا عند غياب لقطة أو اختبار
dialog_new_blank_project,btnCreate,TextView,زر محتمل,إنشاء,,,@dimen/dimen_0dp,wrap_content,visible,decoded/res/layout/dialog_new_blank_project.xml,decompiled/sources/com/oneguystudio/ytyper/databinding/DialogNewBlankProjectBinding.java,مورد موجود؛ الوصول والسلوك يحتاجان تحققًا عند غياب لقطة أو اختبار
dialog_page_options,btnOpRename,LinearLayout,زر محتمل,,,,match_parent,wrap_content,visible,decoded/res/layout/dialog_page_options.xml,decompiled/sources/com/oneguystudio/ytyper/databinding/DialogPageOptionsBinding.java;decompiled/sources/com/oneguystudio/ytyper/databinding/DialogProjectOptionsBinding.java,مورد موجود؛ الوصول والسلوك يحتاجان تحققًا عند غياب لقطة أو اختبار
dialog_page_options,btnOpCover,LinearLayout,زر محتمل,,,,match_parent,wrap_content,visible,decoded/res/layout/dialog_page_options.xml,decompiled/sources/com/oneguystudio/ytyper/databinding/DialogPageOptionsBinding.java,مورد موجود؛ الوصول والسلوك يحتاجان تحققًا عند غياب لقطة أو اختبار
dialog_page_options,btnOpSplit,LinearLayout,زر محتمل,,,,match_parent,wrap_content,visible,decoded/res/layout/dialog_page_options.xml,decompiled/sources/com/oneguystudio/ytyper/databinding/DialogPageOptionsBinding.java,مورد موجود؛ الوصول والسلوك يحتاجان تحققًا عند غياب لقطة أو اختبار
dialog_page_options,btnOpDelete,LinearLayout,زر محتمل,,,,match_parent,wrap_content,visible,decoded/res/layout/dialog_page_options.xml,decompiled/sources/com/oneguystudio/ytyper/databinding/DialogPageOptionsBinding.java;decompiled/sources/com/oneguystudio/ytyper/databinding/DialogProjectOptionsBinding.java,مورد موجود؛ الوصول والسلوك يحتاجان تحققًا عند غياب لقطة أو اختبار
dialog_preview_layer,tvPreviewTitle,TextView,عنصر عرض/حاوية,معاينة الطبقة,,,wrap_content,wrap_content,visible,decoded/res/layout/dialog_preview_layer.xml,decompiled/sources/com/oneguystudio/ytyper/databinding/DialogPreviewLayerBinding.java;decompiled/sources/com/oneguystudio/ytyper/ui/editor/dialog/LayersBottomSheet.java,مورد موجود؛ الوصول والسلوك يحتاجان تحققًا عند غياب لقطة أو اختبار
dialog_preview_layer,tvPreviewInfo,TextView,عنصر عرض/حاوية,نوع الطبقة: TEXT,,,wrap_content,wrap_content,visible,decoded/res/layout/dialog_preview_layer.xml,decompiled/sources/com/oneguystudio/ytyper/databinding/DialogPreviewLayerBinding.java;decompiled/sources/com/oneguystudio/ytyper/ui/editor/dialog/LayersBottomSheet.java,مورد موجود؛ الوصول والسلوك يحتاجان تحققًا عند غياب لقطة أو اختبار
dialog_preview_layer,ivPreview,ImageView,عنصر عرض/حاوية,,,,match_parent,match_parent,visible,decoded/res/layout/dialog_preview_layer.xml,decompiled/sources/com/oneguystudio/ytyper/databinding/DialogPreviewLayerBinding.java;decompiled/sources/com/oneguystudio/ytyper/ui/editor/dialog/LayersBottomSheet.java,مورد موجود؛ الوصول والسلوك يحتاجان تحققًا عند غياب لقطة أو اختبار
dialog_preview_layer,btnDismissPreview,TextView,زر محتمل,إغلاق المعاينة,,,160.0dp,40.0dp,visible,decoded/res/layout/dialog_preview_layer.xml,decompiled/sources/com/oneguystudio/ytyper/databinding/DialogPreviewLayerBinding.java;decompiled/sources/com/oneguystudio/ytyper/ui/editor/dialog/LayersBottomSheet.java,مورد موجود؛ الوصول والسلوك يحتاجان تحققًا عند غياب لقطة أو اختبار
dialog_process_pages,tvDialogTitle,TextView,عنصر عرض/حاوية,إعدادات الدمج,,,match_parent,wrap_content,visible,decoded/res/layout/dialog_process_pages.xml,decompiled/sources/com/oneguystudio/ytyper/databinding/DialogCloudManagerBinding.java;decompiled/sources/com/oneguystudio/ytyper/databinding/DialogGlassInputBinding.java;decompiled/sources/com/oneguystudio/ytyper/databinding/DialogProcessPagesBinding.java;decompiled/sources/com/oneguystudio/ytyper/ui/dashboard/e3.java;decompiled/sources/com/oneguystudio/ytyper/ui/dashboard/h3.java;decompiled/sources/com/oneguystudio/ytyper/ui/dashboard/t0.java;decompiled/sources/com/oneguystudio/ytyper/ui/editor/dialog/LayersBottomSheet.java,مورد موجود؛ الوصول والسلوك يحتاجان تحققًا عند غياب لقطة أو اختبار
dialog_process_pages,rgCriteria,RadioGroup,إدخال/اختيار,,,,match_parent,wrap_content,visible,decoded/res/layout/dialog_process_pages.xml,decompiled/sources/com/oneguystudio/ytyper/databinding/DialogProcessPagesBinding.java,مورد موجود؛ الوصول والسلوك يحتاجان تحققًا عند غياب لقطة أو اختبار
dialog_process_pages,rbByLength,RadioButton,زر محتمل,بالطول,,,@dimen/dimen_0dp,wrap_content,visible,decoded/res/layout/dialog_process_pages.xml,decompiled/sources/com/oneguystudio/ytyper/databinding/DialogProcessPagesBinding.java,مورد موجود؛ الوصول والسلوك يحتاجان تحققًا عند غياب لقطة أو اختبار
dialog_process_pages,rbByCount,RadioButton,زر محتمل,بالعدد,,,@dimen/dimen_0dp,wrap_content,visible,decoded/res/layout/dialog_process_pages.xml,decompiled/sources/com/oneguystudio/ytyper/databinding/DialogProcessPagesBinding.java,مورد موجود؛ الوصول والسلوك يحتاجان تحققًا عند غياب لقطة أو اختبار
dialog_process_pages,tvInputHint,TextView,عنصر عرض/حاوية,الحد الأقصى (بكسل):,,,wrap_content,wrap_content,visible,decoded/res/layout/dialog_process_pages.xml,decompiled/sources/com/oneguystudio/ytyper/databinding/DialogProcessPagesBinding.java,مورد موجود؛ الوصول والسلوك يحتاجان تحققًا عند غياب لقطة أو اختبار
dialog_process_pages,etTargetValue,EditText,إدخال/اختيار,10000,,,match_parent,wrap_content,visible,decoded/res/layout/dialog_process_pages.xml,decompiled/sources/com/oneguystudio/ytyper/databinding/DialogProcessPagesBinding.java,مورد موجود؛ الوصول والسلوك يحتاجان تحققًا عند غياب لقطة أو اختبار
dialog_process_pages,rgSpeedMode,RadioGroup,إدخال/اختيار,,,,match_parent,wrap_content,visible,decoded/res/layout/dialog_process_pages.xml,decompiled/sources/com/oneguystudio/ytyper/databinding/DialogProcessPagesBinding.java,مورد موجود؛ الوصول والسلوك يحتاجان تحققًا عند غياب لقطة أو اختبار
dialog_process_pages,rbStable,RadioButton,زر محتمل,مستقر (آمن للذاكرة),,,match_parent,wrap_content,visible,decoded/res/layout/dialog_process_pages.xml,decompiled/sources/com/oneguystudio/ytyper/databinding/DialogProcessPagesBinding.java,مورد موجود؛ الوصول والسلوك يحتاجان تحققًا عند غياب لقطة أو اختبار
dialog_process_pages,rbFast,RadioButton,زر محتمل,سريع (مدعوم بإعلان),,,match_parent,wrap_content,visible,decoded/res/layout/dialog_process_pages.xml,decompiled/sources/com/oneguystudio/ytyper/databinding/DialogProcessPagesBinding.java,مورد موجود؛ الوصول والسلوك يحتاجان تحققًا عند غياب لقطة أو اختبار
dialog_process_pages,btnCancel,TextView,زر محتمل,إلغاء,,,@dimen/dimen_0dp,wrap_content,visible,decoded/res/layout/dialog_process_pages.xml,decompiled/sources/com/oneguystudio/ytyper/databinding/DialogColorPickerBinding.java;decompiled/sources/com/oneguystudio/ytyper/databinding/DialogNewBlankProjectBinding.java;decompiled/sources/com/oneguystudio/ytyper/databinding/DialogProcessPagesBinding.java;decompiled/sources/com/oneguystudio/ytyper/databinding/DialogResizeCanvasBinding.java;decompiled/sources/com/oneguystudio/ytyper/ui/editor/EditorActivity.java,مورد موجود؛ الوصول والسلوك يحتاجان تحققًا عند غياب لقطة أو اختبار
dialog_process_pages,btnStart,TextView,زر محتمل,البدء,,,@dimen/dimen_0dp,wrap_content,visible,decoded/res/layout/dialog_process_pages.xml,decompiled/sources/com/oneguystudio/ytyper/databinding/DialogProcessPagesBinding.java,مورد موجود؛ الوصول والسلوك يحتاجان تحققًا عند غياب لقطة أو اختبار
dialog_progress,tvProgressTitle,TextView,عنصر عرض/حاوية,جاري المعالجة…,,,match_parent,wrap_content,visible,decoded/res/layout/dialog_progress.xml,decompiled/sources/com/oneguystudio/ytyper/databinding/DialogProgressBinding.java,مورد موجود؛ الوصول والسلوك يحتاجان تحققًا عند غياب لقطة أو اختبار
dialog_progress,progressBar,ProgressBar,عنصر عرض/حاوية,,,,match_parent,wrap_content,visible,decoded/res/layout/dialog_progress.xml,decompiled/sources/com/oneguystudio/ytyper/databinding/DialogProgressBinding.java,مورد موجود؛ الوصول والسلوك يحتاجان تحققًا عند غياب لقطة أو اختبار
dialog_progress,tvProgressPercent,TextView,عنصر عرض/حاوية,0%,,,match_parent,wrap_content,visible,decoded/res/layout/dialog_progress.xml,decompiled/sources/com/oneguystudio/ytyper/databinding/DialogProgressBinding.java,مورد موجود؛ الوصول والسلوك يحتاجان تحققًا عند غياب لقطة أو اختبار
dialog_project_options,btnOpRename,LinearLayout,زر محتمل,,,,match_parent,wrap_content,visible,decoded/res/layout/dialog_project_options.xml,decompiled/sources/com/oneguystudio/ytyper/databinding/DialogPageOptionsBinding.java;decompiled/sources/com/oneguystudio/ytyper/databinding/DialogProjectOptionsBinding.java,مورد موجود؛ الوصول والسلوك يحتاجان تحققًا عند غياب لقطة أو اختبار
dialog_project_options,btnOpExport,LinearLayout,زر محتمل,,,,match_parent,wrap_content,visible,decoded/res/layout/dialog_project_options.xml,decompiled/sources/com/oneguystudio/ytyper/databinding/DialogProjectOptionsBinding.java,مورد موجود؛ الوصول والسلوك يحتاجان تحققًا عند غياب لقطة أو اختبار
dialog_project_options,btnOpBackup,LinearLayout,زر محتمل,,,,match_parent,wrap_content,visible,decoded/res/layout/dialog_project_options.xml,decompiled/sources/com/oneguystudio/ytyper/databinding/DialogProjectOptionsBinding.java,مورد موجود؛ الوصول والسلوك يحتاجان تحققًا عند غياب لقطة أو اختبار
dialog_project_options,btnOpDelete,LinearLayout,زر محتمل,,,,match_parent,wrap_content,visible,decoded/res/layout/dialog_project_options.xml,decompiled/sources/com/oneguystudio/ytyper/databinding/DialogPageOptionsBinding.java;decompiled/sources/com/oneguystudio/ytyper/databinding/DialogProjectOptionsBinding.java,مورد موجود؛ الوصول والسلوك يحتاجان تحققًا عند غياب لقطة أو اختبار
dialog_resize_canvas,etWidth,EditText,إدخال/اختيار,,العرض,,@dimen/dimen_0dp,wrap_content,visible,decoded/res/layout/dialog_resize_canvas.xml,decompiled/sources/com/oneguystudio/ytyper/databinding/DialogNewBlankProjectBinding.java;decompiled/sources/com/oneguystudio/ytyper/databinding/DialogResizeCanvasBinding.java;decompiled/sources/com/oneguystudio/ytyper/databinding/DialogTextFormatBinding.java;decompiled/sources/com/oneguystudio/ytyper/ui/editor/EditorActivity.java,مورد موجود؛ الوصول والسلوك يحتاجان تحققًا عند غياب لقطة أو اختبار
dialog_resize_canvas,etHeight,EditText,إدخال/اختيار,,الارتفاع,,@dimen/dimen_0dp,wrap_content,visible,decoded/res/layout/dialog_resize_canvas.xml,decompiled/sources/com/oneguystudio/ytyper/databinding/DialogNewBlankProjectBinding.java;decompiled/sources/com/oneguystudio/ytyper/databinding/DialogResizeCanvasBinding.java;decompiled/sources/com/oneguystudio/ytyper/ui/editor/EditorActivity.java,مورد موجود؛ الوصول والسلوك يحتاجان تحققًا عند غياب لقطة أو اختبار
dialog_resize_canvas,cbLockRatio,CheckBox,إدخال/اختيار,قفل النسبة,,,wrap_content,wrap_content,visible,decoded/res/layout/dialog_resize_canvas.xml,decompiled/sources/com/oneguystudio/ytyper/databinding/DialogResizeCanvasBinding.java;decompiled/sources/com/oneguystudio/ytyper/ui/editor/EditorActivity.java,مورد موجود؛ الوصول والسلوك يحتاجان تحققًا عند غياب لقطة أو اختبار
dialog_resize_canvas,btnCancel,TextView,زر محتمل,إلغاء,,,@dimen/dimen_0dp,wrap_content,visible,decoded/res/layout/dialog_resize_canvas.xml,decompiled/sources/com/oneguystudio/ytyper/databinding/DialogColorPickerBinding.java;decompiled/sources/com/oneguystudio/ytyper/databinding/DialogNewBlankProjectBinding.java;decompiled/sources/com/oneguystudio/ytyper/databinding/DialogProcessPagesBinding.java;decompiled/sources/com/oneguystudio/ytyper/databinding/DialogResizeCanvasBinding.java;decompiled/sources/com/oneguystudio/ytyper/ui/editor/EditorActivity.java,مورد موجود؛ الوصول والسلوك يحتاجان تحققًا عند غياب لقطة أو اختبار
dialog_resize_canvas,btnApply,TextView,زر محتمل,تطبيق,,,@dimen/dimen_0dp,wrap_content,visible,decoded/res/layout/dialog_resize_canvas.xml,decompiled/sources/com/oneguystudio/ytyper/databinding/DialogResizeCanvasBinding.java;decompiled/sources/com/oneguystudio/ytyper/ui/editor/EditorActivity.java,مورد موجود؛ الوصول والسلوك يحتاجان تحققًا عند غياب لقطة أو اختبار
dialog_save,et_draft_name,EditText,إدخال/اختيار,,إضافة علامة,,match_parent,wrap_content,visible,decoded/res/layout/dialog_save.xml,decompiled/sources/com/oneguystudio/ytyper/databinding/DialogSaveBinding.java,مورد موجود؛ الوصول والسلوك يحتاجان تحققًا عند غياب لقطة أو اختبار
dialog_save,btn_cancel,TextView,زر محتمل,إلغاء,,,@dimen/dimen_0dp,wrap_content,visible,decoded/res/layout/dialog_save.xml,decompiled/sources/com/oneguystudio/ytyper/databinding/DialogAddTextBinding.java;decompiled/sources/com/oneguystudio/ytyper/databinding/DialogLanguageBinding.java;decompiled/sources/com/oneguystudio/ytyper/databinding/DialogSaveBinding.java,مورد موجود؛ الوصول والسلوك يحتاجان تحققًا عند غياب لقطة أو اختبار
dialog_save,btn_save,TextView,زر محتمل,الأرشيف,,,@dimen/dimen_0dp,wrap_content,visible,decoded/res/layout/dialog_save.xml,decompiled/sources/com/oneguystudio/ytyper/databinding/DialogSaveBinding.java,مورد موجود؛ الوصول والسلوك يحتاجان تحققًا عند غياب لقطة أو اختبار
dialog_shape_picker,tvTitle,TextView,عنصر عرض/حاوية,اختر الشكل,,,wrap_content,wrap_content,visible,decoded/res/layout/dialog_shape_picker.xml,decompiled/sources/com/oneguystudio/ytyper/databinding/DialogCanvasBackgroundBinding.java;decompiled/sources/com/oneguystudio/ytyper/databinding/DialogShapePickerBinding.java;decompiled/sources/com/oneguystudio/ytyper/databinding/LayoutImageAdjustmentsPanelBinding.java;decompiled/sources/com/oneguystudio/ytyper/databinding/LayoutImageEffectsPanelBinding.java;decompiled/sources/com/oneguystudio/ytyper/databinding/LayoutImageFiltersPanelBinding.java;decompiled/sources/com/oneguystudio/ytyper/databinding/LayoutMagicBrushPanelBinding.java;decompiled/sources/com/oneguystudio/ytyper/databinding/LayoutPositionPanelBinding.java;decompiled/sources/com/oneguystudio/ytyper/databinding/LayoutRulerPanelBinding.java;decompiled/sources/com/oneguystudio/ytyper/databinding/LayoutTexturePanelBinding.java;decompiled/sources/com/oneguystudio/ytyper/ui/editor/dialog/CanvasBackgroundBottomSheet.java;decompiled/sources/com/oneguystudio/ytyper/ui/editor/dialog/ShapePickerBottomSheet.java,مورد موجود؛ الوصول والسلوك يحتاجان تحققًا عند غياب لقطة أو اختبار
dialog_shape_picker,recyclerShapes,RecyclerView,عنصر عرض/حاوية,,,,match_parent,@dimen/dimen_300dp,visible,decoded/res/layout/dialog_shape_picker.xml,decompiled/sources/com/oneguystudio/ytyper/databinding/DialogShapePickerBinding.java;decompiled/sources/com/oneguystudio/ytyper/ui/editor/dialog/ShapePickerBottomSheet.java,مورد موجود؛ الوصول والسلوك يحتاجان تحققًا عند غياب لقطة أو اختبار
dialog_smart_resize,etTargetWidth,EditText,إدخال/اختيار,,مثال: 800,,match_parent,wrap_content,visible,decoded/res/layout/dialog_smart_resize.xml,decompiled/sources/com/oneguystudio/ytyper/databinding/DialogSmartResizeBinding.java,مورد موجود؛ الوصول والسلوك يحتاجان تحققًا عند غياب لقطة أو اختبار
dialog_smart_resize,tvResizePreview,TextView,عنصر عرض/حاوية,أدخل العرض لرؤية التفاصيل…,,,match_parent,wrap_content,visible,decoded/res/layout/dialog_smart_resize.xml,decompiled/sources/com/oneguystudio/ytyper/databinding/DialogSmartResizeBinding.java,مورد موجود؛ الوصول والسلوك يحتاجان تحققًا عند غياب لقطة أو اختبار
dialog_smart_resize,btnCancelResize,TextView,زر محتمل,إلغاء,,,0.0dp,wrap_content,visible,decoded/res/layout/dialog_smart_resize.xml,decompiled/sources/com/oneguystudio/ytyper/databinding/DialogSmartResizeBinding.java,مورد موجود؛ الوصول والسلوك يحتاجان تحققًا عند غياب لقطة أو اختبار
dialog_smart_resize,btnStartResize,TextView,زر محتمل,البدء,,,0.0dp,wrap_content,visible,decoded/res/layout/dialog_smart_resize.xml,decompiled/sources/com/oneguystudio/ytyper/databinding/DialogSmartResizeBinding.java,مورد موجود؛ الوصول والسلوك يحتاجان تحققًا عند غياب لقطة أو اختبار
dialog_style_options,tvOptionsTitle,TextView,عنصر عرض/حاوية,خيارات النمط,,,match_parent,wrap_content,visible,decoded/res/layout/dialog_style_options.xml,decompiled/sources/com/oneguystudio/ytyper/databinding/DialogStyleOptionsBinding.java,مورد موجود؛ الوصول والسلوك يحتاجان تحققًا عند غياب لقطة أو اختبار
dialog_style_options,btnOptRename,TextView,زر محتمل,إعادة تسمية,,,match_parent,wrap_content,visible,decoded/res/layout/dialog_style_options.xml,decompiled/sources/com/oneguystudio/ytyper/databinding/DialogStyleOptionsBinding.java;decompiled/sources/com/oneguystudio/ytyper/ui/editor/dialog/TextStylesPanel.java,مورد موجود؛ الوصول والسلوك يحتاجان تحققًا عند غياب لقطة أو اختبار
dialog_style_options,btnOptUpdateFromLayer,TextView,زر محتمل,تحديث بخصائص الطبقة الحالية,,,match_parent,wrap_content,visible,decoded/res/layout/dialog_style_options.xml,decompiled/sources/com/oneguystudio/ytyper/databinding/DialogStyleOptionsBinding.java;decompiled/sources/com/oneguystudio/ytyper/ui/editor/dialog/TextStylesPanel.java,مورد موجود؛ الوصول والسلوك يحتاجان تحققًا عند غياب لقطة أو اختبار
dialog_style_options,btnOptExport,TextView,زر محتمل,تصدير هذا النمط,,,match_parent,wrap_content,visible,decoded/res/layout/dialog_style_options.xml,decompiled/sources/com/oneguystudio/ytyper/databinding/DialogStyleOptionsBinding.java;decompiled/sources/com/oneguystudio/ytyper/ui/editor/dialog/TextStylesPanel.java,مورد موجود؛ الوصول والسلوك يحتاجان تحققًا عند غياب لقطة أو اختبار
dialog_style_options,btnOptMoveFolder,TextView,زر محتمل,نقل إلى مجلد,,,match_parent,wrap_content,visible,decoded/res/layout/dialog_style_options.xml,decompiled/sources/com/oneguystudio/ytyper/databinding/DialogStyleOptionsBinding.java;decompiled/sources/com/oneguystudio/ytyper/ui/editor/dialog/TextStylesPanel.java,مورد موجود؛ الوصول والسلوك يحتاجان تحققًا عند غياب لقطة أو اختبار
dialog_style_options,btnOptDelete,TextView,زر محتمل,حذف نهائي,,,match_parent,wrap_content,visible,decoded/res/layout/dialog_style_options.xml,decompiled/sources/com/oneguystudio/ytyper/databinding/DialogStyleOptionsBinding.java;decompiled/sources/com/oneguystudio/ytyper/ui/editor/dialog/TextStylesPanel.java,مورد موجود؛ الوصول والسلوك يحتاجان تحققًا عند غياب لقطة أو اختبار
dialog_tag_font_picker,btnTabArabic,TextView,زر محتمل,عربي,,,0.0dp,wrap_content,visible,decoded/res/layout/dialog_tag_font_picker.xml,decompiled/sources/com/oneguystudio/ytyper/databinding/DialogTagFontPickerBinding.java,مورد موجود؛ الوصول والسلوك يحتاجان تحققًا عند غياب لقطة أو اختبار
dialog_tag_font_picker,btnTabEnglish,TextView,زر محتمل,إنجليزي,,,0.0dp,wrap_content,visible,decoded/res/layout/dialog_tag_font_picker.xml,decompiled/sources/com/oneguystudio/ytyper/databinding/DialogTagFontPickerBinding.java,مورد موجود؛ الوصول والسلوك يحتاجان تحققًا عند غياب لقطة أو اختبار
dialog_tag_font_picker,btnTabCustom,TextView,زر محتمل,مخصص,,,0.0dp,wrap_content,visible,decoded/res/layout/dialog_tag_font_picker.xml,decompiled/sources/com/oneguystudio/ytyper/databinding/DialogTagFontPickerBinding.java,مورد موجود؛ الوصول والسلوك يحتاجان تحققًا عند غياب لقطة أو اختبار
dialog_tag_font_picker,scrollTagsBar,HorizontalScrollView,عنصر عرض/حاوية,,,,match_parent,wrap_content,gone,decoded/res/layout/dialog_tag_font_picker.xml,decompiled/sources/com/oneguystudio/ytyper/databinding/DialogFontPickerBinding.java;decompiled/sources/com/oneguystudio/ytyper/databinding/DialogTagFontPickerBinding.java;decompiled/sources/com/oneguystudio/ytyper/ui/editor/dialog/FontPickerPanel.java,مورد موجود؛ الوصول والسلوك يحتاجان تحققًا عند غياب لقطة أو اختبار
dialog_tag_font_picker,layoutFontTags,LinearLayout,عنصر عرض/حاوية,,,,wrap_content,wrap_content,visible,decoded/res/layout/dialog_tag_font_picker.xml,decompiled/sources/com/oneguystudio/ytyper/databinding/DialogFontPickerBinding.java;decompiled/sources/com/oneguystudio/ytyper/databinding/DialogTagFontPickerBinding.java;decompiled/sources/com/oneguystudio/ytyper/ui/editor/dialog/FontPickerPanel.java,مورد موجود؛ الوصول والسلوك يحتاجان تحققًا عند غياب لقطة أو اختبار
dialog_tag_font_picker,layoutFontContainer,LinearLayout,عنصر عرض/حاوية,,,,match_parent,wrap_content,visible,decoded/res/layout/dialog_tag_font_picker.xml,decompiled/sources/com/oneguystudio/ytyper/databinding/DialogTagFontPickerBinding.java,مورد موجود؛ الوصول والسلوك يحتاجان تحققًا عند غياب لقطة أو اختبار
dialog_tag_font_picker,btnCancelFont,TextView,زر محتمل,إغلاق,,,match_parent,wrap_content,visible,decoded/res/layout/dialog_tag_font_picker.xml,decompiled/sources/com/oneguystudio/ytyper/databinding/DialogTagFontPickerBinding.java,مورد موجود؛ الوصول والسلوك يحتاجان تحققًا عند غياب لقطة أو اختبار
dialog_tag_quick_link,ivRealPreview,ImageView,عنصر عرض/حاوية,,,,match_parent,match_parent,visible,decoded/res/layout/dialog_tag_quick_link.xml,decompiled/sources/com/oneguystudio/ytyper/databinding/DialogTagQuickLinkBinding.java;decompiled/sources/com/oneguystudio/ytyper/ui/editor/dialog/TagQuickLinkDialog.java,مورد موجود؛ الوصول والسلوك يحتاجان تحققًا عند غياب لقطة أو اختبار
dialog_tag_quick_link,tabSavedStyles,TextView,عنصر عرض/حاوية,نمط جاهز,,,0.0dp,wrap_content,visible,decoded/res/layout/dialog_tag_quick_link.xml,decompiled/sources/com/oneguystudio/ytyper/databinding/DialogTagQuickLinkBinding.java;decompiled/sources/com/oneguystudio/ytyper/ui/editor/dialog/TagQuickLinkDialog.java,مورد موجود؛ الوصول والسلوك يحتاجان تحققًا عند غياب لقطة أو اختبار
dialog_tag_quick_link,tabManualEdit,TextView,عنصر عرض/حاوية,تخصيص يدوي,,,0.0dp,wrap_content,visible,decoded/res/layout/dialog_tag_quick_link.xml,decompiled/sources/com/oneguystudio/ytyper/databinding/DialogTagQuickLinkBinding.java;decompiled/sources/com/oneguystudio/ytyper/ui/editor/dialog/TagQuickLinkDialog.java,مورد موجود؛ الوصول والسلوك يحتاجان تحققًا عند غياب لقطة أو اختبار
dialog_tag_quick_link,layoutSavedStylesContainer,LinearLayout,عنصر عرض/حاوية,,,,match_parent,match_parent,visible,decoded/res/layout/dialog_tag_quick_link.xml,decompiled/sources/com/oneguystudio/ytyper/databinding/DialogTagQuickLinkBinding.java;decompiled/sources/com/oneguystudio/ytyper/ui/editor/dialog/TagQuickLinkDialog.java,مورد موجود؛ الوصول والسلوك يحتاجان تحققًا عند غياب لقطة أو اختبار
dialog_tag_quick_link,layoutTagsFilter,LinearLayout,عنصر عرض/حاوية,,,,wrap_content,wrap_content,visible,decoded/res/layout/dialog_tag_quick_link.xml,decompiled/sources/com/oneguystudio/ytyper/databinding/DialogTagQuickLinkBinding.java;decompiled/sources/com/oneguystudio/ytyper/databinding/LayoutStylesPanelBinding.java;decompiled/sources/com/oneguystudio/ytyper/ui/editor/dialog/TagQuickLinkDialog.java;decompiled/sources/com/oneguystudio/ytyper/ui/editor/dialog/TextStylesPanel.java,مورد موجود؛ الوصول والسلوك يحتاجان تحققًا عند غياب لقطة أو اختبار
dialog_tag_quick_link,rvSavedStyles,RecyclerView,عنصر عرض/حاوية,,,,match_parent,match_parent,visible,decoded/res/layout/dialog_tag_quick_link.xml,decompiled/sources/com/oneguystudio/ytyper/databinding/DialogTagQuickLinkBinding.java;decompiled/sources/com/oneguystudio/ytyper/ui/editor/dialog/TagQuickLinkDialog.java,مورد موجود؛ الوصول والسلوك يحتاجان تحققًا عند غياب لقطة أو اختبار
dialog_tag_quick_link,layoutManualEditContainer,LinearLayout,عنصر عرض/حاوية,,,,match_parent,match_parent,gone,decoded/res/layout/dialog_tag_quick_link.xml,decompiled/sources/com/oneguystudio/ytyper/databinding/DialogTagQuickLinkBinding.java;decompiled/sources/com/oneguystudio/ytyper/ui/editor/dialog/TagQuickLinkDialog.java,مورد موجود؛ الوصول والسلوك يحتاجان تحققًا عند غياب لقطة أو اختبار
dialog_tag_quick_link,btnLaunchMiniEditor,TextView,زر محتمل,فتح المحرر المصغر,,,wrap_content,wrap_content,visible,decoded/res/layout/dialog_tag_quick_link.xml,decompiled/sources/com/oneguystudio/ytyper/databinding/DialogTagQuickLinkBinding.java;decompiled/sources/com/oneguystudio/ytyper/ui/editor/dialog/TagQuickLinkDialog.java,مورد موجود؛ الوصول والسلوك يحتاجان تحققًا عند غياب لقطة أو اختبار
dialog_tag_quick_link,btnCancelStudio,TextView,زر محتمل,إلغاء,,,0.0dp,wrap_content,visible,decoded/res/layout/dialog_tag_quick_link.xml,decompiled/sources/com/oneguystudio/ytyper/databinding/DialogTagQuickLinkBinding.java;decompiled/sources/com/oneguystudio/ytyper/ui/editor/dialog/TagQuickLinkDialog.java,مورد موجود؛ الوصول والسلوك يحتاجان تحققًا عند غياب لقطة أو اختبار
dialog_tag_quick_link,btnSaveStudio,TextView,زر محتمل,حفظ التاق,,,0.0dp,wrap_content,visible,decoded/res/layout/dialog_tag_quick_link.xml,decompiled/sources/com/oneguystudio/ytyper/databinding/DialogTagQuickLinkBinding.java;decompiled/sources/com/oneguystudio/ytyper/ui/editor/dialog/TagQuickLinkDialog.java,مورد موجود؛ الوصول والسلوك يحتاجان تحققًا عند غياب لقطة أو اختبار
dialog_text_format,btnSizeMinus,ImageView,زر محتمل,,,Decrease Size,@dimen/dimen_40dp,@dimen/dimen_40dp,visible,decoded/res/layout/dialog_text_format.xml,decompiled/sources/com/oneguystudio/ytyper/databinding/DialogTextFormatBinding.java,مورد موجود؛ الوصول والسلوك يحتاجان تحققًا عند غياب لقطة أو اختبار
dialog_text_format,etSize,EditText,إدخال/اختيار,,,,0.0dp,match_parent,visible,decoded/res/layout/dialog_text_format.xml,decompiled/sources/com/oneguystudio/ytyper/databinding/DialogTextFormatBinding.java,مورد موجود؛ الوصول والسلوك يحتاجان تحققًا عند غياب لقطة أو اختبار
dialog_text_format,btnSizePlus,ImageView,زر محتمل,,,Increase Size,@dimen/dimen_40dp,@dimen/dimen_40dp,visible,decoded/res/layout/dialog_text_format.xml,decompiled/sources/com/oneguystudio/ytyper/databinding/DialogTextFormatBinding.java,مورد موجود؛ الوصول والسلوك يحتاجان تحققًا عند غياب لقطة أو اختبار
dialog_text_format,btnZoomMinus,ImageView,زر محتمل,,,Decrease Zoom,@dimen/dimen_40dp,@dimen/dimen_40dp,visible,decoded/res/layout/dialog_text_format.xml,decompiled/sources/com/oneguystudio/ytyper/databinding/DialogTextFormatBinding.java,مورد موجود؛ الوصول والسلوك يحتاجان تحققًا عند غياب لقطة أو اختبار
dialog_text_format,etZoom,EditText,إدخال/اختيار,,,,0.0dp,match_parent,visible,decoded/res/layout/dialog_text_format.xml,decompiled/sources/com/oneguystudio/ytyper/databinding/DialogTextFormatBinding.java,مورد موجود؛ الوصول والسلوك يحتاجان تحققًا عند غياب لقطة أو اختبار
dialog_text_format,btnZoomPlus,ImageView,زر محتمل,,,Increase Zoom,@dimen/dimen_40dp,@dimen/dimen_40dp,visible,decoded/res/layout/dialog_text_format.xml,decompiled/sources/com/oneguystudio/ytyper/databinding/DialogTextFormatBinding.java,مورد موجود؛ الوصول والسلوك يحتاجان تحققًا عند غياب لقطة أو اختبار
dialog_text_format,btnWidthMinus,ImageView,زر محتمل,,,Decrease Width,@dimen/dimen_40dp,@dimen/dimen_40dp,visible,decoded/res/layout/dialog_text_format.xml,decompiled/sources/com/oneguystudio/ytyper/databinding/DialogTextFormatBinding.java,مورد موجود؛ الوصول والسلوك يحتاجان تحققًا عند غياب لقطة أو اختبار
dialog_text_format,etWidth,EditText,إدخال/اختيار,,,,0.0dp,match_parent,visible,decoded/res/layout/dialog_text_format.xml,decompiled/sources/com/oneguystudio/ytyper/databinding/DialogNewBlankProjectBinding.java;decompiled/sources/com/oneguystudio/ytyper/databinding/DialogResizeCanvasBinding.java;decompiled/sources/com/oneguystudio/ytyper/databinding/DialogTextFormatBinding.java;decompiled/sources/com/oneguystudio/ytyper/ui/editor/EditorActivity.java,مورد موجود؛ الوصول والسلوك يحتاجان تحققًا عند غياب لقطة أو اختبار
dialog_text_format,btnWidthPlus,ImageView,زر محتمل,,,Increase Width,@dimen/dimen_40dp,@dimen/dimen_40dp,visible,decoded/res/layout/dialog_text_format.xml,decompiled/sources/com/oneguystudio/ytyper/databinding/DialogTextFormatBinding.java,مورد موجود؛ الوصول والسلوك يحتاجان تحققًا عند غياب لقطة أو اختبار
dialog_text_format,gridAlign,GridLayout,عنصر عرض/حاوية,,,,wrap_content,wrap_content,visible,decoded/res/layout/dialog_text_format.xml,decompiled/sources/com/oneguystudio/ytyper/databinding/DialogTextFormatBinding.java,مورد موجود؛ الوصول والسلوك يحتاجان تحققًا عند غياب لقطة أو اختبار
dialog_text_format,btnAlignLeft,ImageView,زر محتمل,,,,@dimen/dimen_40dp,@dimen/dimen_40dp,visible,decoded/res/layout/dialog_text_format.xml,decompiled/sources/com/oneguystudio/ytyper/databinding/DialogTextFormatBinding.java;decompiled/sources/com/oneguystudio/ytyper/databinding/LayoutPositionPanelBinding.java,مورد موجود؛ الوصول والسلوك يحتاجان تحققًا عند غياب لقطة أو اختبار
dialog_text_format,btnAlignCenter,ImageView,زر محتمل,,,,@dimen/dimen_40dp,@dimen/dimen_40dp,visible,decoded/res/layout/dialog_text_format.xml,decompiled/sources/com/oneguystudio/ytyper/databinding/DialogTextFormatBinding.java,مورد موجود؛ الوصول والسلوك يحتاجان تحققًا عند غياب لقطة أو اختبار
dialog_text_format,btnAlignRight,ImageView,زر محتمل,,,,@dimen/dimen_40dp,@dimen/dimen_40dp,visible,decoded/res/layout/dialog_text_format.xml,decompiled/sources/com/oneguystudio/ytyper/databinding/DialogTextFormatBinding.java;decompiled/sources/com/oneguystudio/ytyper/databinding/LayoutPositionPanelBinding.java,مورد موجود؛ الوصول والسلوك يحتاجان تحققًا عند غياب لقطة أو اختبار
dialog_text_format,btnAlignJustify,ImageView,زر محتمل,,,,@dimen/dimen_40dp,@dimen/dimen_40dp,visible,decoded/res/layout/dialog_text_format.xml,decompiled/sources/com/oneguystudio/ytyper/databinding/DialogTextFormatBinding.java,مورد موجود؛ الوصول والسلوك يحتاجان تحققًا عند غياب لقطة أو اختبار
dialog_text_format,gridStyle,GridLayout,عنصر عرض/حاوية,,,,wrap_content,wrap_content,visible,decoded/res/layout/dialog_text_format.xml,decompiled/sources/com/oneguystudio/ytyper/databinding/DialogTextFormatBinding.java,مورد موجود؛ الوصول والسلوك يحتاجان تحققًا عند غياب لقطة أو اختبار
dialog_text_format,btnBold,ImageView,زر محتمل,,,,@dimen/dimen_40dp,@dimen/dimen_40dp,visible,decoded/res/layout/dialog_text_format.xml,decompiled/sources/com/oneguystudio/ytyper/databinding/DialogTextFormatBinding.java,مورد موجود؛ الوصول والسلوك يحتاجان تحققًا عند غياب لقطة أو اختبار
dialog_text_format,btnItalic,ImageView,زر محتمل,,,,@dimen/dimen_40dp,@dimen/dimen_40dp,visible,decoded/res/layout/dialog_text_format.xml,decompiled/sources/com/oneguystudio/ytyper/databinding/DialogTextFormatBinding.java,مورد موجود؛ الوصول والسلوك يحتاجان تحققًا عند غياب لقطة أو اختبار
dialog_text_format,btnUnderline,ImageView,زر محتمل,,,,@dimen/dimen_40dp,@dimen/dimen_40dp,visible,decoded/res/layout/dialog_text_format.xml,decompiled/sources/com/oneguystudio/ytyper/databinding/DialogTextFormatBinding.java,مورد موجود؛ الوصول والسلوك يحتاجان تحققًا عند غياب لقطة أو اختبار
dialog_text_format,btnStrike,ImageView,زر محتمل,,,,@dimen/dimen_40dp,@dimen/dimen_40dp,visible,decoded/res/layout/dialog_text_format.xml,decompiled/sources/com/oneguystudio/ytyper/databinding/DialogTextFormatBinding.java,مورد موجود؛ الوصول والسلوك يحتاجان تحققًا عند غياب لقطة أو اختبار
dialog_text_format,layoutFakeBold,LinearLayout,عنصر عرض/حاوية,,,,match_parent,wrap_content,gone,decoded/res/layout/dialog_text_format.xml,decompiled/sources/com/oneguystudio/ytyper/databinding/DialogTextFormatBinding.java,مورد موجود؛ الوصول والسلوك يحتاجان تحققًا عند غياب لقطة أو اختبار
dialog_text_format,seekFakeBold,SeekBar,إدخال/اختيار,,,,0.0dp,wrap_content,visible,decoded/res/layout/dialog_text_format.xml,decompiled/sources/com/oneguystudio/ytyper/databinding/DialogTextFormatBinding.java,مورد موجود؛ الوصول والسلوك يحتاجان تحققًا عند غياب لقطة أو اختبار
dialog_text_format,tvFakeBoldVal,TextView,عنصر عرض/حاوية,0,,,40.0dp,wrap_content,visible,decoded/res/layout/dialog_text_format.xml,decompiled/sources/com/oneguystudio/ytyper/databinding/DialogTextFormatBinding.java,مورد موجود؛ الوصول والسلوك يحتاجان تحققًا عند غياب لقطة أو اختبار
dialog_text_line_format,tvPanelTitle,TextView,عنصر عرض/حاوية,تنسيق أطوال السطور,,,0.0dp,wrap_content,visible,decoded/res/layout/dialog_text_line_format.xml,decompiled/sources/com/oneguystudio/ytyper/databinding/DialogTextLineFormatBinding.java,مورد موجود؛ الوصول والسلوك يحتاجان تحققًا عند غياب لقطة أو اختبار
dialog_text_line_format,btnResetLengths,TextView,زر محتمل,إعادة ضبط الأطوال,,,wrap_content,wrap_content,visible,decoded/res/layout/dialog_text_line_format.xml,decompiled/sources/com/oneguystudio/ytyper/databinding/DialogTextLineFormatBinding.java,مورد موجود؛ الوصول والسلوك يحتاجان تحققًا عند غياب لقطة أو اختبار
dialog_text_line_format,layoutKashidaToggle,LinearLayout,عنصر عرض/حاوية,,,,match_parent,wrap_content,visible,decoded/res/layout/dialog_text_line_format.xml,decompiled/sources/com/oneguystudio/ytyper/databinding/DialogTextLineFormatBinding.java,مورد موجود؛ الوصول والسلوك يحتاجان تحققًا عند غياب لقطة أو اختبار
dialog_text_line_format,switchKashida,SwitchCompat,إدخال/اختيار,,,,wrap_content,wrap_content,visible,decoded/res/layout/dialog_text_line_format.xml,decompiled/sources/com/oneguystudio/ytyper/databinding/DialogTextLineFormatBinding.java,مورد موجود؛ الوصول والسلوك يحتاجان تحققًا عند غياب لقطة أو اختبار
dialog_text_line_format,linesContainer,LinearLayout,عنصر عرض/حاوية,,,,match_parent,wrap_content,visible,decoded/res/layout/dialog_text_line_format.xml,decompiled/sources/com/oneguystudio/ytyper/databinding/DialogTextLineFormatBinding.java,مورد موجود؛ الوصول والسلوك يحتاجان تحققًا عند غياب لقطة أو اختبار
dialog_watermark,ivWatermarkPreview,ImageView,عنصر عرض/حاوية,,,,match_parent,@dimen/dimen_120dp,visible,decoded/res/layout/dialog_watermark.xml,decompiled/sources/com/oneguystudio/ytyper/databinding/DialogWatermarkBinding.java,مورد موجود؛ الوصول والسلوك يحتاجان تحققًا عند غياب لقطة أو اختبار
dialog_watermark,btnPickGallery,TextView,زر محتمل,من المعرض,,,@dimen/dimen_0dp,wrap_content,visible,decoded/res/layout/dialog_watermark.xml,decompiled/sources/com/oneguystudio/ytyper/databinding/DialogWatermarkBinding.java,مورد موجود؛ الوصول والسلوك يحتاجان تحققًا عند غياب لقطة أو اختبار
dialog_watermark,btnPickDraft,TextView,زر محتمل,من المسودات,,,@dimen/dimen_0dp,wrap_content,visible,decoded/res/layout/dialog_watermark.xml,decompiled/sources/com/oneguystudio/ytyper/databinding/DialogWatermarkBinding.java,مورد موجود؛ الوصول والسلوك يحتاجان تحققًا عند غياب لقطة أو اختبار
dialog_watermark,etWatermarkCount,EditText,إدخال/اختيار,2,,,@dimen/dimen_60dp,wrap_content,visible,decoded/res/layout/dialog_watermark.xml,decompiled/sources/com/oneguystudio/ytyper/databinding/DialogWatermarkBinding.java,مورد موجود؛ الوصول والسلوك يحتاجان تحققًا عند غياب لقطة أو اختبار
dialog_watermark,etWatermarkSize,EditText,إدخال/اختيار,35,,,@dimen/dimen_60dp,wrap_content,visible,decoded/res/layout/dialog_watermark.xml,decompiled/sources/com/oneguystudio/ytyper/databinding/DialogWatermarkBinding.java,مورد موجود؛ الوصول والسلوك يحتاجان تحققًا عند غياب لقطة أو اختبار
dialog_watermark,tvOpacityLabel,TextView,عنصر عرض/حاوية,الشفافية: %1$d%%,,,wrap_content,wrap_content,visible,decoded/res/layout/dialog_watermark.xml,decompiled/sources/com/oneguystudio/ytyper/databinding/DialogWatermarkBinding.java,مورد موجود؛ الوصول والسلوك يحتاجان تحققًا عند غياب لقطة أو اختبار
dialog_watermark,sbWatermarkOpacity,SeekBar,إدخال/اختيار,,,,match_parent,wrap_content,visible,decoded/res/layout/dialog_watermark.xml,decompiled/sources/com/oneguystudio/ytyper/databinding/DialogWatermarkBinding.java,مورد موجود؛ الوصول والسلوك يحتاجان تحققًا عند غياب لقطة أو اختبار
dialog_watermark,rgWatermarkPosition,RadioGroup,إدخال/اختيار,,,,match_parent,wrap_content,visible,decoded/res/layout/dialog_watermark.xml,decompiled/sources/com/oneguystudio/ytyper/databinding/DialogWatermarkBinding.java,مورد موجود؛ الوصول والسلوك يحتاجان تحققًا عند غياب لقطة أو اختبار
dialog_watermark,rbPosLeft,RadioButton,زر محتمل,يسار,,,@dimen/dimen_0dp,wrap_content,visible,decoded/res/layout/dialog_watermark.xml,decompiled/sources/com/oneguystudio/ytyper/databinding/DialogWatermarkBinding.java,مورد موجود؛ الوصول والسلوك يحتاجان تحققًا عند غياب لقطة أو اختبار
dialog_watermark,rbPosRight,RadioButton,زر محتمل,يمين,,,@dimen/dimen_0dp,wrap_content,visible,decoded/res/layout/dialog_watermark.xml,decompiled/sources/com/oneguystudio/ytyper/databinding/DialogWatermarkBinding.java,مورد موجود؛ الوصول والسلوك يحتاجان تحققًا عند غياب لقطة أو اختبار
dialog_watermark,btnCancelWm,TextView,زر محتمل,إلغاء,,,@dimen/dimen_0dp,wrap_content,visible,decoded/res/layout/dialog_watermark.xml,decompiled/sources/com/oneguystudio/ytyper/databinding/DialogWatermarkBinding.java,مورد موجود؛ الوصول والسلوك يحتاجان تحققًا عند غياب لقطة أو اختبار
dialog_watermark,btnStartWm,TextView,زر محتمل,تطبيق,,,@dimen/dimen_0dp,wrap_content,visible,decoded/res/layout/dialog_watermark.xml,decompiled/sources/com/oneguystudio/ytyper/databinding/DialogWatermarkBinding.java,مورد موجود؛ الوصول والسلوك يحتاجان تحققًا عند غياب لقطة أو اختبار
dialog_youtube_player,btnCloseDialog,ImageView,زر محتمل,,,,48.0dp,48.0dp,visible,decoded/res/layout/dialog_youtube_player.xml,decompiled/sources/com/oneguystudio/ytyper/databinding/DialogInteractiveGradientBinding.java;decompiled/sources/com/oneguystudio/ytyper/databinding/DialogYoutubePlayerBinding.java;decompiled/sources/com/oneguystudio/ytyper/ui/community/y.java;decompiled/sources/com/oneguystudio/ytyper/ui/editor/dialog/InteractiveGradientDialog.java,مورد موجود؛ الوصول والسلوك يحتاجان تحققًا عند غياب لقطة أو اختبار
dialog_youtube_player,youtubePlayerViewDialog,YouTubePlayerView,عنصر عرض/حاوية,,,,match_parent,match_parent,visible,decoded/res/layout/dialog_youtube_player.xml,decompiled/sources/com/oneguystudio/ytyper/databinding/DialogYoutubePlayerBinding.java;decompiled/sources/com/oneguystudio/ytyper/ui/community/y.java,مورد موجود؛ الوصول والسلوك يحتاجان تحققًا عند غياب لقطة أو اختبار
dialog_youtube_player,tvSpeed,TextView,عنصر عرض/حاوية,1.0x,,,44.0dp,44.0dp,visible,decoded/res/layout/dialog_youtube_player.xml,decompiled/sources/com/oneguystudio/ytyper/databinding/DialogYoutubePlayerBinding.java;decompiled/sources/com/oneguystudio/ytyper/ui/community/y.java,مورد موجود؛ الوصول والسلوك يحتاجان تحققًا عند غياب لقطة أو اختبار
dialog_youtube_player,btnRewind,ImageView,زر محتمل,,,,48.0dp,48.0dp,visible,decoded/res/layout/dialog_youtube_player.xml,decompiled/sources/com/oneguystudio/ytyper/databinding/DialogYoutubePlayerBinding.java;decompiled/sources/com/oneguystudio/ytyper/ui/community/y.java,مورد موجود؛ الوصول والسلوك يحتاجان تحققًا عند غياب لقطة أو اختبار
dialog_youtube_player,btnForward,ImageView,زر محتمل,,,,48.0dp,48.0dp,visible,decoded/res/layout/dialog_youtube_player.xml,decompiled/sources/com/oneguystudio/ytyper/databinding/DialogYoutubePlayerBinding.java;decompiled/sources/com/oneguystudio/ytyper/ui/community/y.java,مورد موجود؛ الوصول والسلوك يحتاجان تحققًا عند غياب لقطة أو اختبار
dialog_youtube_player,btnShare,ImageView,زر محتمل,,,,40.0dp,40.0dp,visible,decoded/res/layout/dialog_youtube_player.xml,decompiled/sources/com/oneguystudio/ytyper/databinding/DialogYoutubePlayerBinding.java;decompiled/sources/com/oneguystudio/ytyper/ui/community/y.java,مورد موجود؛ الوصول والسلوك يحتاجان تحققًا عند غياب لقطة أو اختبار
dialog_youtube_player,btnOpenYoutube,ImageView,زر محتمل,,,,40.0dp,40.0dp,visible,decoded/res/layout/dialog_youtube_player.xml,decompiled/sources/com/oneguystudio/ytyper/databinding/DialogYoutubePlayerBinding.java;decompiled/sources/com/oneguystudio/ytyper/ui/community/y.java,مورد موجود؛ الوصول والسلوك يحتاجان تحققًا عند غياب لقطة أو اختبار
item_active_effect,viewEffectStrip,View,عنصر عرض/حاوية,,,,4.0dp,match_parent,visible,decoded/res/layout/item_active_effect.xml,decompiled/sources/com/oneguystudio/ytyper/databinding/ItemActiveEffectBinding.java;decompiled/sources/com/oneguystudio/ytyper/ui/editor/dialog/ImageEffectsPanel.java,مورد موجود؛ الوصول والسلوك يحتاجان تحققًا عند غياب لقطة أو اختبار
item_active_effect,tvActiveEffectOrder,TextView,عنصر عرض/حاوية,,,,24.0dp,24.0dp,visible,decoded/res/layout/item_active_effect.xml,decompiled/sources/com/oneguystudio/ytyper/databinding/ItemActiveEffectBinding.java;decompiled/sources/com/oneguystudio/ytyper/ui/editor/dialog/ImageEffectsPanel.java,مورد موجود؛ الوصول والسلوك يحتاجان تحققًا عند غياب لقطة أو اختبار
item_active_effect,tvActiveEffectName,TextView,عنصر عرض/حاوية,,,,0.0dp,wrap_content,visible,decoded/res/layout/item_active_effect.xml,decompiled/sources/com/oneguystudio/ytyper/databinding/ItemActiveEffectBinding.java;decompiled/sources/com/oneguystudio/ytyper/ui/editor/dialog/ImageEffectsPanel.java,مورد موجود؛ الوصول والسلوك يحتاجان تحققًا عند غياب لقطة أو اختبار
item_active_effect,switchEffectEnabled,Switch,إدخال/اختيار,,,,wrap_content,wrap_content,visible,decoded/res/layout/item_active_effect.xml,decompiled/sources/com/oneguystudio/ytyper/databinding/ItemActiveEffectBinding.java;decompiled/sources/com/oneguystudio/ytyper/ui/editor/dialog/ImageEffectsPanel.java,مورد موجود؛ الوصول والسلوك يحتاجان تحققًا عند غياب لقطة أو اختبار
item_active_effect,btnDeleteEffect,ImageView,زر محتمل,,,,24.0dp,24.0dp,visible,decoded/res/layout/item_active_effect.xml,decompiled/sources/com/oneguystudio/ytyper/databinding/ItemActiveEffectBinding.java;decompiled/sources/com/oneguystudio/ytyper/ui/editor/dialog/ImageEffectsPanel.java,مورد موجود؛ الوصول والسلوك يحتاجان تحققًا عند غياب لقطة أو اختبار
item_active_effect,containerEffectParams,LinearLayout,عنصر عرض/حاوية,,,,match_parent,wrap_content,visible,decoded/res/layout/item_active_effect.xml,decompiled/sources/com/oneguystudio/ytyper/databinding/ItemActiveEffectBinding.java;decompiled/sources/com/oneguystudio/ytyper/ui/editor/dialog/ImageEffectsPanel.java,مورد موجود؛ الوصول والسلوك يحتاجان تحققًا عند غياب لقطة أو اختبار
item_cloud_row,ivItemThumbnail,ImageView,عنصر عرض/حاوية,,,,40.0dp,40.0dp,visible,decoded/res/layout/item_cloud_row.xml,decompiled/sources/com/oneguystudio/ytyper/databinding/ItemCloudRowBinding.java,مورد موجود؛ الوصول والسلوك يحتاجان تحققًا عند غياب لقطة أو اختبار
item_cloud_row,tvItemName,TextView,عنصر عرض/حاوية,,,,match_parent,wrap_content,visible,decoded/res/layout/item_cloud_row.xml,decompiled/sources/com/oneguystudio/ytyper/databinding/ItemCloudRowBinding.java;decompiled/sources/com/oneguystudio/ytyper/ui/dashboard/ProjectsActivity$showElegantCloudProjectsDialog$2.java,مورد موجود؛ الوصول والسلوك يحتاجان تحققًا عند غياب لقطة أو اختبار
item_cloud_row,tvItemDate,TextView,عنصر عرض/حاوية,,,,match_parent,wrap_content,visible,decoded/res/layout/item_cloud_row.xml,decompiled/sources/com/oneguystudio/ytyper/databinding/ItemCloudRowBinding.java;decompiled/sources/com/oneguystudio/ytyper/ui/dashboard/ProjectsActivity$showElegantCloudProjectsDialog$2.java,مورد موجود؛ الوصول والسلوك يحتاجان تحققًا عند غياب لقطة أو اختبار
item_cloud_row,btnDeleteCloudItem,ImageView,زر محتمل,,,,32.0dp,32.0dp,visible,decoded/res/layout/item_cloud_row.xml,decompiled/sources/com/oneguystudio/ytyper/databinding/ItemCloudRowBinding.java;decompiled/sources/com/oneguystudio/ytyper/ui/dashboard/ProjectsActivity$showElegantCloudProjectsDialog$2.java,مورد موجود؛ الوصول والسلوك يحتاجان تحققًا عند غياب لقطة أو اختبار
item_color_circle,viewColor,View,عنصر عرض/حاوية,,,,match_parent,match_parent,visible,decoded/res/layout/item_color_circle.xml,decompiled/sources/com/oneguystudio/ytyper/databinding/ItemColorCircleBinding.java,مورد موجود؛ الوصول والسلوك يحتاجان تحققًا عند غياب لقطة أو اختبار
item_comment,tvCommentAuthor,TextView,عنصر عرض/حاوية,,,,0.0dp,wrap_content,visible,decoded/res/layout/item_comment.xml,decompiled/sources/com/oneguystudio/ytyper/databinding/ItemCommentBinding.java,مورد موجود؛ الوصول والسلوك يحتاجان تحققًا عند غياب لقطة أو اختبار
item_comment,btnTranslateComment,ImageView,زر محتمل,,,,20.0dp,20.0dp,visible,decoded/res/layout/item_comment.xml,decompiled/sources/com/oneguystudio/ytyper/databinding/ItemCommentBinding.java,مورد موجود؛ الوصول والسلوك يحتاجان تحققًا عند غياب لقطة أو اختبار
item_comment,btnReportComment,ImageView,زر محتمل,,,,20.0dp,20.0dp,visible,decoded/res/layout/item_comment.xml,decompiled/sources/com/oneguystudio/ytyper/databinding/ItemCommentBinding.java,مورد موجود؛ الوصول والسلوك يحتاجان تحققًا عند غياب لقطة أو اختبار
item_comment,tvCommentContent,TextView,عنصر عرض/حاوية,,,,match_parent,wrap_content,visible,decoded/res/layout/item_comment.xml,decompiled/sources/com/oneguystudio/ytyper/databinding/ItemCommentBinding.java,مورد موجود؛ الوصول والسلوك يحتاجان تحققًا عند غياب لقطة أو اختبار
item_community_post,tvAuthorName,TextView,عنصر عرض/حاوية,,,,wrap_content,wrap_content,visible,decoded/res/layout/item_community_post.xml,decompiled/sources/com/oneguystudio/ytyper/databinding/ItemCommunityPostBinding.java,مورد موجود؛ الوصول والسلوك يحتاجان تحققًا عند غياب لقطة أو اختبار
item_community_post,tvAdBadge,TextView,عنصر عرض/حاوية,⭐ إعلان ممول,,,wrap_content,wrap_content,gone,decoded/res/layout/item_community_post.xml,decompiled/sources/com/oneguystudio/ytyper/databinding/ItemCommunityPostBinding.java,مورد موجود؛ الوصول والسلوك يحتاجان تحققًا عند غياب لقطة أو اختبار
item_community_post,btnTranslate,ImageView,زر محتمل,,,,32.0dp,32.0dp,visible,decoded/res/layout/item_community_post.xml,decompiled/sources/com/oneguystudio/ytyper/databinding/ItemCommunityPostBinding.java,مورد موجود؛ الوصول والسلوك يحتاجان تحققًا عند غياب لقطة أو اختبار
item_community_post,btnPromote,ImageView,زر محتمل,,,,32.0dp,32.0dp,visible,decoded/res/layout/item_community_post.xml,decompiled/sources/com/oneguystudio/ytyper/databinding/ItemCommunityPostBinding.java,مورد موجود؛ الوصول والسلوك يحتاجان تحققًا عند غياب لقطة أو اختبار
item_community_post,btnBump,ImageView,زر محتمل,,,,32.0dp,32.0dp,visible,decoded/res/layout/item_community_post.xml,decompiled/sources/com/oneguystudio/ytyper/databinding/ItemCommunityPostBinding.java,مورد موجود؛ الوصول والسلوك يحتاجان تحققًا عند غياب لقطة أو اختبار
item_community_post,btnReport,ImageView,زر محتمل,,,,32.0dp,32.0dp,visible,decoded/res/layout/item_community_post.xml,decompiled/sources/com/oneguystudio/ytyper/databinding/ItemCommunityPostBinding.java,مورد موجود؛ الوصول والسلوك يحتاجان تحققًا عند غياب لقطة أو اختبار
item_community_post,tvPostTitle,TextView,عنصر عرض/حاوية,,,,wrap_content,wrap_content,visible,decoded/res/layout/item_community_post.xml,decompiled/sources/com/oneguystudio/ytyper/databinding/ItemCommunityPostBinding.java,مورد موجود؛ الوصول والسلوك يحتاجان تحققًا عند غياب لقطة أو اختبار
item_community_post,tvPostDescription,TextView,عنصر عرض/حاوية,,,,match_parent,wrap_content,visible,decoded/res/layout/item_community_post.xml,decompiled/sources/com/oneguystudio/ytyper/databinding/ItemCommunityPostBinding.java,مورد موجود؛ الوصول والسلوك يحتاجان تحققًا عند غياب لقطة أو اختبار
item_community_post,imageSliderContainer,FrameLayout,عنصر عرض/حاوية,,,,match_parent,250.0dp,gone,decoded/res/layout/item_community_post.xml,decompiled/sources/com/oneguystudio/ytyper/databinding/ItemCommunityPostBinding.java,مورد موجود؛ الوصول والسلوك يحتاجان تحققًا عند غياب لقطة أو اختبار
item_community_post,viewPagerImages,ViewPager2,عنصر عرض/حاوية,,,,match_parent,match_parent,visible,decoded/res/layout/item_community_post.xml,decompiled/sources/com/oneguystudio/ytyper/databinding/ItemCommunityPostBinding.java,مورد موجود؛ الوصول والسلوك يحتاجان تحققًا عند غياب لقطة أو اختبار
item_community_post,tvImageIndicator,TextView,عنصر عرض/حاوية,,,,wrap_content,wrap_content,visible,decoded/res/layout/item_community_post.xml,decompiled/sources/com/oneguystudio/ytyper/databinding/ItemCommunityPostBinding.java,مورد موجود؛ الوصول والسلوك يحتاجان تحققًا عند غياب لقطة أو اختبار
item_community_post,youtubeContainer,FrameLayout,عنصر عرض/حاوية,,,,match_parent,220.0dp,gone,decoded/res/layout/item_community_post.xml,decompiled/sources/com/oneguystudio/ytyper/databinding/ItemCommunityPostBinding.java,مورد موجود؛ الوصول والسلوك يحتاجان تحققًا عند غياب لقطة أو اختبار
item_community_post,ivYoutubeThumbnail,ImageView,عنصر عرض/حاوية,,,,match_parent,match_parent,visible,decoded/res/layout/item_community_post.xml,decompiled/sources/com/oneguystudio/ytyper/databinding/ItemCommunityPostBinding.java,مورد موجود؛ الوصول والسلوك يحتاجان تحققًا عند غياب لقطة أو اختبار
item_community_post,btnYoutubePlay,ImageView,زر محتمل,,,,56.0dp,56.0dp,visible,decoded/res/layout/item_community_post.xml,decompiled/sources/com/oneguystudio/ytyper/databinding/ItemCommunityPostBinding.java,مورد موجود؛ الوصول والسلوك يحتاجان تحققًا عند غياب لقطة أو اختبار
item_community_post,inlineYoutubePlayer,YouTubePlayerView,عنصر عرض/حاوية,,,,match_parent,match_parent,gone,decoded/res/layout/item_community_post.xml,decompiled/sources/com/oneguystudio/ytyper/databinding/ItemCommunityPostBinding.java,مورد موجود؛ الوصول والسلوك يحتاجان تحققًا عند غياب لقطة أو اختبار
item_community_post,tvPostTag,TextView,عنصر عرض/حاوية,,,,wrap_content,wrap_content,visible,decoded/res/layout/item_community_post.xml,decompiled/sources/com/oneguystudio/ytyper/databinding/ItemCommunityPostBinding.java,مورد موجود؛ الوصول والسلوك يحتاجان تحققًا عند غياب لقطة أو اختبار
item_community_post,btnComments,ImageView,زر محتمل,,,,100.0dp,24.0dp,visible,decoded/res/layout/item_community_post.xml,decompiled/sources/com/oneguystudio/ytyper/databinding/ItemCommunityPostBinding.java,مورد موجود؛ الوصول والسلوك يحتاجان تحققًا عند غياب لقطة أو اختبار
item_community_post,btnUpvote,ImageView,زر محتمل,,,,24.0dp,24.0dp,visible,decoded/res/layout/item_community_post.xml,decompiled/sources/com/oneguystudio/ytyper/databinding/ItemCommunityPostBinding.java,مورد موجود؛ الوصول والسلوك يحتاجان تحققًا عند غياب لقطة أو اختبار
item_community_post,tvUpvoteCount,TextView,عنصر عرض/حاوية,,,,wrap_content,wrap_content,visible,decoded/res/layout/item_community_post.xml,decompiled/sources/com/oneguystudio/ytyper/databinding/ItemCommunityPostBinding.java,مورد موجود؛ الوصول والسلوك يحتاجان تحققًا عند غياب لقطة أو اختبار
item_community_post,btnDownvote,ImageView,زر محتمل,,,,24.0dp,24.0dp,visible,decoded/res/layout/item_community_post.xml,decompiled/sources/com/oneguystudio/ytyper/databinding/ItemCommunityPostBinding.java,مورد موجود؛ الوصول والسلوك يحتاجان تحققًا عند غياب لقطة أو اختبار
item_custom_font,tv_font_preview,TextView,عنصر عرض/حاوية,أبجد هوز - 123 - Abjad Hawaz,,,match_parent,@dimen/dimen_80dp,visible,decoded/res/layout/item_custom_font.xml,decompiled/sources/com/oneguystudio/ytyper/databinding/ItemCustomFontBinding.java;decompiled/sources/com/oneguystudio/ytyper/databinding/ItemFontGridCardBinding.java;decompiled/sources/com/oneguystudio/ytyper/databinding/ItemFontPickerCardBinding.java;decompiled/sources/com/oneguystudio/ytyper/ui/editor/dialog/FontPickerPanel.java;decompiled/sources/com/oneguystudio/ytyper/ui/library/f.java;decompiled/sources/com/oneguystudio/ytyper/ui/settings/SettingsFontsController$loadCustomFontsIntoDialog$1.java;decompiled/sources/com/oneguystudio/ytyper/ui/settings/j0.java,مورد موجود؛ الوصول والسلوك يحتاجان تحققًا عند غياب لقطة أو اختبار
item_custom_font,tv_font_name,TextView,عنصر عرض/حاوية,FontName.ttf,,,wrap_content,wrap_content,visible,decoded/res/layout/item_custom_font.xml,decompiled/sources/com/oneguystudio/ytyper/databinding/ItemCustomFontBinding.java;decompiled/sources/com/oneguystudio/ytyper/databinding/ItemFontGridCardBinding.java;decompiled/sources/com/oneguystudio/ytyper/databinding/ItemFontPickerCardBinding.java;decompiled/sources/com/oneguystudio/ytyper/ui/editor/dialog/FontPickerPanel.java;decompiled/sources/com/oneguystudio/ytyper/ui/library/f.java;decompiled/sources/com/oneguystudio/ytyper/ui/settings/SettingsFontsController$loadCustomFontsIntoDialog$1.java;decompiled/sources/com/oneguystudio/ytyper/ui/settings/j0.java,مورد موجود؛ الوصول والسلوك يحتاجان تحققًا عند غياب لقطة أو اختبار
item_custom_font,tv_font_tags,TextView,عنصر عرض/حاوية,,,,wrap_content,wrap_content,gone,decoded/res/layout/item_custom_font.xml,decompiled/sources/com/oneguystudio/ytyper/databinding/ItemCustomFontBinding.java,مورد موجود؛ الوصول والسلوك يحتاجان تحققًا عند غياب لقطة أو اختبار
item_custom_font,btn_font_options,ImageView,زر محتمل,,,خيارات الخط,@dimen/dimen_35dp,@dimen/dimen_35dp,visible,decoded/res/layout/item_custom_font.xml,decompiled/sources/com/oneguystudio/ytyper/databinding/ItemCustomFontBinding.java,مورد موجود؛ الوصول والسلوك يحتاجان تحققًا عند غياب لقطة أو اختبار
item_draft_chip,tv_draft_name,TextView,عنصر عرض/حاوية,,,,wrap_content,wrap_content,visible,decoded/res/layout/item_draft_chip.xml,decompiled/sources/com/oneguystudio/ytyper/databinding/ItemDraftChipBinding.java,مورد موجود؛ الوصول والسلوك يحتاجان تحققًا عند غياب لقطة أو اختبار
item_draft_chip,btn_delete_draft,ImageView,زر محتمل,,,حذف المسودة,@dimen/dimen_16dp,@dimen/dimen_16dp,visible,decoded/res/layout/item_draft_chip.xml,decompiled/sources/com/oneguystudio/ytyper/databinding/ItemDraftChipBinding.java,مورد موجود؛ الوصول والسلوك يحتاجان تحققًا عند غياب لقطة أو اختبار
item_editor_saved_style,ivStylePreview,ImageView,عنصر عرض/حاوية,,,,0.0dp,0.0dp,visible,decoded/res/layout/item_editor_saved_style.xml,decompiled/sources/com/oneguystudio/ytyper/databinding/ItemEditorSavedStyleBinding.java;decompiled/sources/com/oneguystudio/ytyper/databinding/ItemSavedStyleBinding.java;decompiled/sources/com/oneguystudio/ytyper/ui/editor/dialog/TagQuickLinkDialog.java;decompiled/sources/com/oneguystudio/ytyper/ui/editor/dialog/TextStylesPanel.java,مورد موجود؛ الوصول والسلوك يحتاجان تحققًا عند غياب لقطة أو اختبار
item_editor_saved_style,view_name_bg,View,عنصر عرض/حاوية,,,,0.0dp,26.0dp,visible,decoded/res/layout/item_editor_saved_style.xml,decompiled/sources/com/oneguystudio/ytyper/databinding/ItemEditorSavedStyleBinding.java,مورد موجود؛ الوصول والسلوك يحتاجان تحققًا عند غياب لقطة أو اختبار
item_editor_saved_style,tvStyleName,TextView,عنصر عرض/حاوية,نمط 1,,,0.0dp,26.0dp,visible,decoded/res/layout/item_editor_saved_style.xml,decompiled/sources/com/oneguystudio/ytyper/databinding/ItemEditorSavedStyleBinding.java;decompiled/sources/com/oneguystudio/ytyper/databinding/ItemSavedStyleBinding.java;decompiled/sources/com/oneguystudio/ytyper/ui/editor/dialog/TagQuickLinkDialog.java;decompiled/sources/com/oneguystudio/ytyper/ui/editor/dialog/TextStylesPanel.java,مورد موجود؛ الوصول والسلوك يحتاجان تحققًا عند غياب لقطة أو اختبار
item_editor_saved_style,btn_favorite_style,ImageView,زر محتمل,,,,24.0dp,24.0dp,visible,decoded/res/layout/item_editor_saved_style.xml,decompiled/sources/com/oneguystudio/ytyper/databinding/ItemEditorSavedStyleBinding.java;decompiled/sources/com/oneguystudio/ytyper/databinding/ItemSavedStyleBinding.java;decompiled/sources/com/oneguystudio/ytyper/ui/editor/dialog/TagQuickLinkDialog.java;decompiled/sources/com/oneguystudio/ytyper/ui/editor/dialog/TextStylesPanel.java,مورد موجود؛ الوصول والسلوك يحتاجان تحققًا عند غياب لقطة أو اختبار
item_effect_catalog,tvEffectCatalogIcon,TextView,عنصر عرض/حاوية,,,,0.0dp,0.0dp,gone,decoded/res/layout/item_effect_catalog.xml,decompiled/sources/com/oneguystudio/ytyper/databinding/ItemEffectCatalogBinding.java;decompiled/sources/com/oneguystudio/ytyper/ui/editor/dialog/ImageEffectsPanel.java,مورد موجود؛ الوصول والسلوك يحتاجان تحققًا عند غياب لقطة أو اختبار
item_effect_catalog,tvEffectCatalogName,TextView,عنصر عرض/حاوية,,,,wrap_content,wrap_content,visible,decoded/res/layout/item_effect_catalog.xml,decompiled/sources/com/oneguystudio/ytyper/databinding/ItemEffectCatalogBinding.java;decompiled/sources/com/oneguystudio/ytyper/ui/editor/dialog/ImageEffectsPanel.java,مورد موجود؛ الوصول والسلوك يحتاجان تحققًا عند غياب لقطة أو اختبار
item_effect_catalog,viewEffectCatalogAdd,View,عنصر عرض/حاوية,,,,0.0dp,0.0dp,gone,decoded/res/layout/item_effect_catalog.xml,decompiled/sources/com/oneguystudio/ytyper/databinding/ItemEffectCatalogBinding.java,مورد موجود؛ الوصول والسلوك يحتاجان تحققًا عند غياب لقطة أو اختبار
item_export_page,ivPageThumbnail,ImageView,عنصر عرض/حاوية,,,,match_parent,match_parent,visible,decoded/res/layout/item_export_page.xml,decompiled/sources/com/oneguystudio/ytyper/databinding/ItemExportPageBinding.java,مورد موجود؛ الوصول والسلوك يحتاجان تحققًا عند غياب لقطة أو اختبار
item_export_page,selectionOverlay,View,عنصر عرض/حاوية,,,,match_parent,match_parent,gone,decoded/res/layout/item_export_page.xml,decompiled/sources/com/oneguystudio/ytyper/databinding/ItemExportPageBinding.java,مورد موجود؛ الوصول والسلوك يحتاجان تحققًا عند غياب لقطة أو اختبار
item_export_page,ivCheck,ImageView,عنصر عرض/حاوية,,,,24.0dp,24.0dp,gone,decoded/res/layout/item_export_page.xml,decompiled/sources/com/oneguystudio/ytyper/databinding/ItemExportPageBinding.java;decompiled/sources/com/oneguystudio/ytyper/databinding/ItemScraperImageBinding.java,مورد موجود؛ الوصول والسلوك يحتاجان تحققًا عند غياب لقطة أو اختبار
item_export_page,tvPageNumber,TextView,عنصر عرض/حاوية,1,,,wrap_content,wrap_content,visible,decoded/res/layout/item_export_page.xml,decompiled/sources/com/oneguystudio/ytyper/databinding/ItemExportPageBinding.java,مورد موجود؛ الوصول والسلوك يحتاجان تحققًا عند غياب لقطة أو اختبار
item_filter_preset,cardThumbnail,CardView,عنصر عرض/حاوية,,,,56.0dp,56.0dp,visible,decoded/res/layout/item_filter_preset.xml,decompiled/sources/com/oneguystudio/ytyper/databinding/ItemFilterPresetBinding.java;decompiled/sources/com/oneguystudio/ytyper/ui/editor/dialog/ImageFiltersPanel.java,مورد موجود؛ الوصول والسلوك يحتاجان تحققًا عند غياب لقطة أو اختبار
item_filter_preset,imgThumbnail,ImageView,عنصر عرض/حاوية,,,,match_parent,match_parent,visible,decoded/res/layout/item_filter_preset.xml,decompiled/sources/com/oneguystudio/ytyper/databinding/ItemFilterPresetBinding.java;decompiled/sources/com/oneguystudio/ytyper/ui/editor/dialog/ImageFiltersPanel.java,مورد موجود؛ الوصول والسلوك يحتاجان تحققًا عند غياب لقطة أو اختبار
item_filter_preset,viewBorder,View,عنصر عرض/حاوية,,,,match_parent,match_parent,gone,decoded/res/layout/item_filter_preset.xml,decompiled/sources/com/oneguystudio/ytyper/databinding/ItemFilterPresetBinding.java;decompiled/sources/com/oneguystudio/ytyper/ui/editor/dialog/ImageFiltersPanel.java,مورد موجود؛ الوصول والسلوك يحتاجان تحققًا عند غياب لقطة أو اختبار
item_filter_preset,tvFilterName,TextView,عنصر عرض/حاوية,Original,,,wrap_content,wrap_content,visible,decoded/res/layout/item_filter_preset.xml,decompiled/sources/com/oneguystudio/ytyper/databinding/ItemFilterPresetBinding.java;decompiled/sources/com/oneguystudio/ytyper/ui/editor/dialog/ImageFiltersPanel.java,مورد موجود؛ الوصول والسلوك يحتاجان تحققًا عند غياب لقطة أو اختبار
item_folder,iv_folder_icon,ImageView,عنصر عرض/حاوية,,,,@dimen/dimen_24dp,@dimen/dimen_24dp,visible,decoded/res/layout/item_folder.xml,decompiled/sources/com/oneguystudio/ytyper/databinding/ItemFolderBinding.java;decompiled/sources/com/oneguystudio/ytyper/ui/editor/dialog/FontPickerPanel.java,مورد موجود؛ الوصول والسلوك يحتاجان تحققًا عند غياب لقطة أو اختبار
item_folder,tv_folder_name,TextView,عنصر عرض/حاوية,اسم المجلد,,,wrap_content,wrap_content,visible,decoded/res/layout/item_folder.xml,decompiled/sources/com/oneguystudio/ytyper/databinding/ItemFolderBinding.java;decompiled/sources/com/oneguystudio/ytyper/databinding/ItemFolderCardBinding.java;decompiled/sources/com/oneguystudio/ytyper/ui/editor/dialog/FontPickerPanel.java,مورد موجود؛ الوصول والسلوك يحتاجان تحققًا عند غياب لقطة أو اختبار
item_folder,tv_folder_count,TextView,عنصر عرض/حاوية,0 خطوط,,,wrap_content,wrap_content,visible,decoded/res/layout/item_folder.xml,decompiled/sources/com/oneguystudio/ytyper/databinding/ItemFolderBinding.java;decompiled/sources/com/oneguystudio/ytyper/databinding/ItemFolderCardBinding.java;decompiled/sources/com/oneguystudio/ytyper/ui/editor/dialog/FontPickerPanel.java,مورد موجود؛ الوصول والسلوك يحتاجان تحققًا عند غياب لقطة أو اختبار
item_folder_card,tv_folder_name,TextView,عنصر عرض/حاوية,اسم المجلد,,,wrap_content,wrap_content,visible,decoded/res/layout/item_folder_card.xml,decompiled/sources/com/oneguystudio/ytyper/databinding/ItemFolderBinding.java;decompiled/sources/com/oneguystudio/ytyper/databinding/ItemFolderCardBinding.java;decompiled/sources/com/oneguystudio/ytyper/ui/editor/dialog/FontPickerPanel.java,مورد موجود؛ الوصول والسلوك يحتاجان تحققًا عند غياب لقطة أو اختبار
item_folder_card,tv_folder_count,TextView,عنصر عرض/حاوية,0 خطوط,,,wrap_content,wrap_content,visible,decoded/res/layout/item_folder_card.xml,decompiled/sources/com/oneguystudio/ytyper/databinding/ItemFolderBinding.java;decompiled/sources/com/oneguystudio/ytyper/databinding/ItemFolderCardBinding.java;decompiled/sources/com/oneguystudio/ytyper/ui/editor/dialog/FontPickerPanel.java,مورد موجود؛ الوصول والسلوك يحتاجان تحققًا عند غياب لقطة أو اختبار
item_font_grid_card,tv_font_preview,TextView,عنصر عرض/حاوية,,,,match_parent,80.0dp,visible,decoded/res/layout/item_font_grid_card.xml,decompiled/sources/com/oneguystudio/ytyper/databinding/ItemCustomFontBinding.java;decompiled/sources/com/oneguystudio/ytyper/databinding/ItemFontGridCardBinding.java;decompiled/sources/com/oneguystudio/ytyper/databinding/ItemFontPickerCardBinding.java;decompiled/sources/com/oneguystudio/ytyper/ui/editor/dialog/FontPickerPanel.java;decompiled/sources/com/oneguystudio/ytyper/ui/library/f.java;decompiled/sources/com/oneguystudio/ytyper/ui/settings/SettingsFontsController$loadCustomFontsIntoDialog$1.java;decompiled/sources/com/oneguystudio/ytyper/ui/settings/j0.java,مورد موجود؛ الوصول والسلوك يحتاجان تحققًا عند غياب لقطة أو اختبار
item_font_grid_card,tv_font_name,TextView,عنصر عرض/حاوية,,,,match_parent,wrap_content,visible,decoded/res/layout/item_font_grid_card.xml,decompiled/sources/com/oneguystudio/ytyper/databinding/ItemCustomFontBinding.java;decompiled/sources/com/oneguystudio/ytyper/databinding/ItemFontGridCardBinding.java;decompiled/sources/com/oneguystudio/ytyper/databinding/ItemFontPickerCardBinding.java;decompiled/sources/com/oneguystudio/ytyper/ui/editor/dialog/FontPickerPanel.java;decompiled/sources/com/oneguystudio/ytyper/ui/library/f.java;decompiled/sources/com/oneguystudio/ytyper/ui/settings/SettingsFontsController$loadCustomFontsIntoDialog$1.java;decompiled/sources/com/oneguystudio/ytyper/ui/settings/j0.java,مورد موجود؛ الوصول والسلوك يحتاجان تحققًا عند غياب لقطة أو اختبار
item_font_picker_card,tv_font_preview,TextView,عنصر عرض/حاوية,,,,wrap_content,wrap_content,gone,decoded/res/layout/item_font_picker_card.xml,decompiled/sources/com/oneguystudio/ytyper/databinding/ItemCustomFontBinding.java;decompiled/sources/com/oneguystudio/ytyper/databinding/ItemFontGridCardBinding.java;decompiled/sources/com/oneguystudio/ytyper/databinding/ItemFontPickerCardBinding.java;decompiled/sources/com/oneguystudio/ytyper/ui/editor/dialog/FontPickerPanel.java;decompiled/sources/com/oneguystudio/ytyper/ui/library/f.java;decompiled/sources/com/oneguystudio/ytyper/ui/settings/SettingsFontsController$loadCustomFontsIntoDialog$1.java;decompiled/sources/com/oneguystudio/ytyper/ui/settings/j0.java,مورد موجود؛ الوصول والسلوك يحتاجان تحققًا عند غياب لقطة أو اختبار
item_font_picker_card,tv_font_name,TextView,عنصر عرض/حاوية,FontName.ttf,,,wrap_content,wrap_content,visible,decoded/res/layout/item_font_picker_card.xml,decompiled/sources/com/oneguystudio/ytyper/databinding/ItemCustomFontBinding.java;decompiled/sources/com/oneguystudio/ytyper/databinding/ItemFontGridCardBinding.java;decompiled/sources/com/oneguystudio/ytyper/databinding/ItemFontPickerCardBinding.java;decompiled/sources/com/oneguystudio/ytyper/ui/editor/dialog/FontPickerPanel.java;decompiled/sources/com/oneguystudio/ytyper/ui/library/f.java;decompiled/sources/com/oneguystudio/ytyper/ui/settings/SettingsFontsController$loadCustomFontsIntoDialog$1.java;decompiled/sources/com/oneguystudio/ytyper/ui/settings/j0.java,مورد موجود؛ الوصول والسلوك يحتاجان تحققًا عند غياب لقطة أو اختبار
item_font_picker_card,btn_favorite_font,ImageView,زر محتمل,,,,@dimen/dimen_28dp,@dimen/dimen_28dp,gone,decoded/res/layout/item_font_picker_card.xml,decompiled/sources/com/oneguystudio/ytyper/databinding/ItemFontPickerCardBinding.java;decompiled/sources/com/oneguystudio/ytyper/ui/editor/dialog/FontPickerPanel.java,مورد موجود؛ الوصول والسلوك يحتاجان تحققًا عند غياب لقطة أو اختبار
item_layer,ivDragHandle,ImageView,عنصر عرض/حاوية,,,,@dimen/dimen_40dp,match_parent,visible,decoded/res/layout/item_layer.xml,decompiled/sources/com/oneguystudio/ytyper/databinding/ItemLayerBinding.java;decompiled/sources/com/oneguystudio/ytyper/ui/editor/dialog/LayersBottomSheet.java,مورد موجود؛ الوصول والسلوك يحتاجان تحققًا عند غياب لقطة أو اختبار
item_layer,ivSelectMerge,ImageView,عنصر عرض/حاوية,,,,@dimen/dimen_40dp,match_parent,gone,decoded/res/layout/item_layer.xml,decompiled/sources/com/oneguystudio/ytyper/databinding/ItemLayerBinding.java;decompiled/sources/com/oneguystudio/ytyper/ui/editor/dialog/LayersBottomSheet.java,مورد موجود؛ الوصول والسلوك يحتاجان تحققًا عند غياب لقطة أو اختبار
item_layer,divider1,View,عنصر عرض/حاوية,,,,@dimen/dimen_1dp,@dimen/dimen_30dp,visible,decoded/res/layout/item_layer.xml,decompiled/sources/com/oneguystudio/ytyper/databinding/ItemLayerBinding.java,مورد موجود؛ الوصول والسلوك يحتاجان تحققًا عند غياب لقطة أو اختبار
item_layer,tvZIndex,TextView,عنصر عرض/حاوية,1,,,wrap_content,wrap_content,visible,decoded/res/layout/item_layer.xml,decompiled/sources/com/oneguystudio/ytyper/databinding/ItemLayerBinding.java;decompiled/sources/com/oneguystudio/ytyper/ui/editor/dialog/LayersBottomSheet.java,مورد موجود؛ الوصول والسلوك يحتاجان تحققًا عند غياب لقطة أو اختبار
item_layer,ivThumbnail,ShapeableImageView,عنصر عرض/حاوية,,,,@dimen/dimen_32dp,@dimen/dimen_32dp,visible,decoded/res/layout/item_layer.xml,decompiled/sources/com/oneguystudio/ytyper/databinding/ItemLayerBinding.java;decompiled/sources/com/oneguystudio/ytyper/ui/editor/dialog/LayersBottomSheet.java,مورد موجود؛ الوصول والسلوك يحتاجان تحققًا عند غياب لقطة أو اختبار
item_layer,ivLayerType,ImageView,عنصر عرض/حاوية,,,,@dimen/dimen_24dp,@dimen/dimen_24dp,visible,decoded/res/layout/item_layer.xml,decompiled/sources/com/oneguystudio/ytyper/databinding/ItemLayerBinding.java;decompiled/sources/com/oneguystudio/ytyper/ui/editor/dialog/LayersBottomSheet.java,مورد موجود؛ الوصول والسلوك يحتاجان تحققًا عند غياب لقطة أو اختبار
item_layer,tvLayerName,TextView,عنصر عرض/حاوية,,,,@dimen/dimen_0dp,wrap_content,visible,decoded/res/layout/item_layer.xml,decompiled/sources/com/oneguystudio/ytyper/databinding/ItemLayerBinding.java;decompiled/sources/com/oneguystudio/ytyper/ui/editor/dialog/LayersBottomSheet.java,مورد موجود؛ الوصول والسلوك يحتاجان تحققًا عند غياب لقطة أو اختبار
item_layer,btnDelete,ImageView,زر محتمل,,,,@dimen/dimen_40dp,match_parent,visible,decoded/res/layout/item_layer.xml,decompiled/sources/com/oneguystudio/ytyper/databinding/ItemLayerBinding.java;decompiled/sources/com/oneguystudio/ytyper/ui/editor/dialog/LayersBottomSheet.java,مورد موجود؛ الوصول والسلوك يحتاجان تحققًا عند غياب لقطة أو اختبار
item_layer,btnLock,ImageView,زر محتمل,,,,@dimen/dimen_40dp,match_parent,visible,decoded/res/layout/item_layer.xml,decompiled/sources/com/oneguystudio/ytyper/databinding/ActivityEditorBinding.java;decompiled/sources/com/oneguystudio/ytyper/databinding/ItemLayerBinding.java;decompiled/sources/com/oneguystudio/ytyper/ui/editor/dialog/LayersBottomSheet.java,مورد موجود؛ الوصول والسلوك يحتاجان تحققًا عند غياب لقطة أو اختبار
item_layer,btnVisibility,ImageView,زر محتمل,,,,@dimen/dimen_40dp,match_parent,visible,decoded/res/layout/item_layer.xml,decompiled/sources/com/oneguystudio/ytyper/databinding/ItemLayerBinding.java;decompiled/sources/com/oneguystudio/ytyper/ui/editor/dialog/LayersBottomSheet.java,مورد موجود؛ الوصول والسلوك يحتاجان تحققًا عند غياب لقطة أو اختبار
item_line_format_row,wordsContainer,LinearLayout,عنصر عرض/حاوية,,,,wrap_content,wrap_content,visible,decoded/res/layout/item_line_format_row.xml,decompiled/sources/com/oneguystudio/ytyper/databinding/ItemLineFormatRowBinding.java,مورد موجود؛ الوصول والسلوك يحتاجان تحققًا عند غياب لقطة أو اختبار
item_line_format_row,btnMinus,ImageView,زر محتمل,,,Decrease Length,32.0dp,32.0dp,visible,decoded/res/layout/item_line_format_row.xml,decompiled/sources/com/oneguystudio/ytyper/databinding/ItemLineFormatRowBinding.java,مورد موجود؛ الوصول والسلوك يحتاجان تحققًا عند غياب لقطة أو اختبار
item_line_format_row,seekBarLength,SeekBar,إدخال/اختيار,,,,0.0dp,wrap_content,visible,decoded/res/layout/item_line_format_row.xml,decompiled/sources/com/oneguystudio/ytyper/databinding/ItemLineFormatRowBinding.java,مورد موجود؛ الوصول والسلوك يحتاجان تحققًا عند غياب لقطة أو اختبار
item_line_format_row,btnPlus,ImageView,زر محتمل,,,Increase Length,32.0dp,32.0dp,visible,decoded/res/layout/item_line_format_row.xml,decompiled/sources/com/oneguystudio/ytyper/databinding/ItemLineFormatRowBinding.java,مورد موجود؛ الوصول والسلوك يحتاجان تحققًا عند غياب لقطة أو اختبار
item_page_glass,iv_page_thumb,ImageView,عنصر عرض/حاوية,,,,match_parent,wrap_content,visible,decoded/res/layout/item_page_glass.xml,decompiled/sources/com/oneguystudio/ytyper/databinding/ItemPageGlassBinding.java,مورد موجود؛ الوصول والسلوك يحتاجان تحققًا عند غياب لقطة أو اختبار
item_page_glass,tv_page_dimensions,TextView,عنصر عرض/حاوية,,,,wrap_content,wrap_content,visible,decoded/res/layout/item_page_glass.xml,decompiled/sources/com/oneguystudio/ytyper/databinding/ItemPageGlassBinding.java,مورد موجود؛ الوصول والسلوك يحتاجان تحققًا عند غياب لقطة أو اختبار
item_page_glass,tv_page_num,TextView,عنصر عرض/حاوية,,,,wrap_content,wrap_content,visible,decoded/res/layout/item_page_glass.xml,decompiled/sources/com/oneguystudio/ytyper/databinding/ItemPageGlassBinding.java,مورد موجود؛ الوصول والسلوك يحتاجان تحققًا عند غياب لقطة أو اختبار
item_page_glass,btn_page_options,ImageView,زر محتمل,,,,32.0dp,32.0dp,visible,decoded/res/layout/item_page_glass.xml,decompiled/sources/com/oneguystudio/ytyper/databinding/ItemPageGlassBinding.java,مورد موجود؛ الوصول والسلوك يحتاجان تحققًا عند غياب لقطة أو اختبار
item_project_glass,iv_project_thumb,ImageView,عنصر عرض/حاوية,,,,@dimen/dimen_0dp,@dimen/dimen_200dp,visible,decoded/res/layout/item_project_glass.xml,decompiled/sources/com/oneguystudio/ytyper/databinding/ItemProjectGlassBinding.java,مورد موجود؛ الوصول والسلوك يحتاجان تحققًا عند غياب لقطة أو اختبار
item_project_glass,glass_overlay,View,عنصر عرض/حاوية,,,,@dimen/dimen_0dp,@dimen/dimen_80dp,visible,decoded/res/layout/item_project_glass.xml,decompiled/sources/com/oneguystudio/ytyper/databinding/ItemProjectGlassBinding.java,مورد موجود؛ الوصول والسلوك يحتاجان تحققًا عند غياب لقطة أو اختبار
item_project_glass,tv_project_name,TextView,عنصر عرض/حاوية,مشروع جديد 01,,,@dimen/dimen_0dp,wrap_content,visible,decoded/res/layout/item_project_glass.xml,decompiled/sources/com/oneguystudio/ytyper/databinding/ItemProjectGlassBinding.java,مورد موجود؛ الوصول والسلوك يحتاجان تحققًا عند غياب لقطة أو اختبار
item_project_glass,tv_last_modified,TextView,عنصر عرض/حاوية,منذ دقيقتين,,,wrap_content,wrap_content,visible,decoded/res/layout/item_project_glass.xml,decompiled/sources/com/oneguystudio/ytyper/databinding/ItemProjectGlassBinding.java,مورد موجود؛ الوصول والسلوك يحتاجان تحققًا عند غياب لقطة أو اختبار
item_project_glass,btn_more_options,ImageView,زر محتمل,,,,@dimen/dimen_32dp,@dimen/dimen_32dp,visible,decoded/res/layout/item_project_glass.xml,decompiled/sources/com/oneguystudio/ytyper/databinding/ItemProjectGlassBinding.java,مورد موجود؛ الوصول والسلوك يحتاجان تحققًا عند غياب لقطة أو اختبار
item_saved_style,ivStylePreview,ImageView,عنصر عرض/حاوية,,,,0.0dp,0.0dp,visible,decoded/res/layout/item_saved_style.xml,decompiled/sources/com/oneguystudio/ytyper/databinding/ItemEditorSavedStyleBinding.java;decompiled/sources/com/oneguystudio/ytyper/databinding/ItemSavedStyleBinding.java;decompiled/sources/com/oneguystudio/ytyper/ui/editor/dialog/TagQuickLinkDialog.java;decompiled/sources/com/oneguystudio/ytyper/ui/editor/dialog/TextStylesPanel.java,مورد موجود؛ الوصول والسلوك يحتاجان تحققًا عند غياب لقطة أو اختبار
item_saved_style,view,View,عنصر عرض/حاوية,,,,0.0dp,32.0dp,visible,decoded/res/layout/item_saved_style.xml,decompiled/sources/com/oneguystudio/ytyper/databinding/ItemSavedStyleBinding.java,مورد موجود؛ الوصول والسلوك يحتاجان تحققًا عند غياب لقطة أو اختبار
item_saved_style,tvStyleName,TextView,عنصر عرض/حاوية,نمط 1,,,0.0dp,wrap_content,visible,decoded/res/layout/item_saved_style.xml,decompiled/sources/com/oneguystudio/ytyper/databinding/ItemEditorSavedStyleBinding.java;decompiled/sources/com/oneguystudio/ytyper/databinding/ItemSavedStyleBinding.java;decompiled/sources/com/oneguystudio/ytyper/ui/editor/dialog/TagQuickLinkDialog.java;decompiled/sources/com/oneguystudio/ytyper/ui/editor/dialog/TextStylesPanel.java,مورد موجود؛ الوصول والسلوك يحتاجان تحققًا عند غياب لقطة أو اختبار
item_saved_style,btn_favorite_style,ImageView,زر محتمل,,,,26.0dp,26.0dp,visible,decoded/res/layout/item_saved_style.xml,decompiled/sources/com/oneguystudio/ytyper/databinding/ItemEditorSavedStyleBinding.java;decompiled/sources/com/oneguystudio/ytyper/databinding/ItemSavedStyleBinding.java;decompiled/sources/com/oneguystudio/ytyper/ui/editor/dialog/TagQuickLinkDialog.java;decompiled/sources/com/oneguystudio/ytyper/ui/editor/dialog/TextStylesPanel.java,مورد موجود؛ الوصول والسلوك يحتاجان تحققًا عند غياب لقطة أو اختبار
item_scraper_image,ivImage,ImageView,عنصر عرض/حاوية,,,,match_parent,wrap_content,visible,decoded/res/layout/item_scraper_image.xml,decompiled/sources/com/oneguystudio/ytyper/databinding/ItemScraperImageBinding.java,مورد موجود؛ الوصول والسلوك يحتاجان تحققًا عند غياب لقطة أو اختبار
item_scraper_image,tvIndex,TextView,عنصر عرض/حاوية,#1,,,wrap_content,wrap_content,visible,decoded/res/layout/item_scraper_image.xml,decompiled/sources/com/oneguystudio/ytyper/databinding/ItemScraperImageBinding.java,مورد موجود؛ الوصول والسلوك يحتاجان تحققًا عند غياب لقطة أو اختبار
item_scraper_image,tvFormat,TextView,عنصر عرض/حاوية,JPG,,,0.0dp,wrap_content,visible,decoded/res/layout/item_scraper_image.xml,decompiled/sources/com/oneguystudio/ytyper/databinding/ItemScraperImageBinding.java,مورد موجود؛ الوصول والسلوك يحتاجان تحققًا عند غياب لقطة أو اختبار
item_scraper_image,tvDimensions,TextView,عنصر عرض/حاوية,800x2000,,,0.0dp,wrap_content,visible,decoded/res/layout/item_scraper_image.xml,decompiled/sources/com/oneguystudio/ytyper/databinding/ItemScraperImageBinding.java,مورد موجود؛ الوصول والسلوك يحتاجان تحققًا عند غياب لقطة أو اختبار
item_scraper_image,vSelectionOverlay,View,عنصر عرض/حاوية,,,,match_parent,match_parent,gone,decoded/res/layout/item_scraper_image.xml,decompiled/sources/com/oneguystudio/ytyper/databinding/ItemScraperImageBinding.java,مورد موجود؛ الوصول والسلوك يحتاجان تحققًا عند غياب لقطة أو اختبار
item_scraper_image,ivCheck,ImageView,عنصر عرض/حاوية,,,,32.0dp,32.0dp,gone,decoded/res/layout/item_scraper_image.xml,decompiled/sources/com/oneguystudio/ytyper/databinding/ItemExportPageBinding.java;decompiled/sources/com/oneguystudio/ytyper/databinding/ItemScraperImageBinding.java,مورد موجود؛ الوصول والسلوك يحتاجان تحققًا عند غياب لقطة أو اختبار
item_store_theme_wheel,iv_theme_preview,ImageView,عنصر عرض/حاوية,,,@null,match_parent,match_parent,visible,decoded/res/layout/item_store_theme_wheel.xml,decompiled/sources/com/oneguystudio/ytyper/databinding/ItemStoreThemeWheelBinding.java,مورد موجود؛ الوصول والسلوك يحتاجان تحققًا عند غياب لقطة أو اختبار
item_store_theme_wheel,view_theme_selected_border,View,عنصر عرض/حاوية,,,,match_parent,match_parent,gone,decoded/res/layout/item_store_theme_wheel.xml,decompiled/sources/com/oneguystudio/ytyper/databinding/ItemStoreThemeWheelBinding.java,مورد موجود؛ الوصول والسلوك يحتاجان تحققًا عند غياب لقطة أو اختبار
item_store_theme_wheel,container_theme_lock,LinearLayout,عنصر عرض/حاوية,,,,wrap_content,wrap_content,gone,decoded/res/layout/item_store_theme_wheel.xml,decompiled/sources/com/oneguystudio/ytyper/databinding/ItemStoreThemeWheelBinding.java,مورد موجود؛ الوصول والسلوك يحتاجان تحققًا عند غياب لقطة أو اختبار
item_store_theme_wheel,tv_theme_index,TextView,عنصر عرض/حاوية,,,,wrap_content,wrap_content,visible,decoded/res/layout/item_store_theme_wheel.xml,decompiled/sources/com/oneguystudio/ytyper/databinding/ItemStoreThemeWheelBinding.java,مورد موجود؛ الوصول والسلوك يحتاجان تحققًا عند غياب لقطة أو اختبار
item_store_theme_wheel,tv_theme_action_label,TextView,عنصر عرض/حاوية,,,,wrap_content,wrap_content,gone,decoded/res/layout/item_store_theme_wheel.xml,decompiled/sources/com/oneguystudio/ytyper/databinding/ItemStoreThemeWheelBinding.java,مورد موجود؛ الوصول والسلوك يحتاجان تحققًا عند غياب لقطة أو اختبار
item_tag_row,btn_pick_color,ImageView,زر محتمل,,,,@dimen/dimen_35dp,@dimen/dimen_35dp,visible,decoded/res/layout/item_tag_row.xml,decompiled/sources/com/oneguystudio/ytyper/databinding/ItemTagRowBinding.java,مورد موجود؛ الوصول والسلوك يحتاجان تحققًا عند غياب لقطة أو اختبار
item_tag_row,btn_pick_font,ImageView,زر محتمل,,,,@dimen/dimen_35dp,@dimen/dimen_35dp,visible,decoded/res/layout/item_tag_row.xml,decompiled/sources/com/oneguystudio/ytyper/databinding/ItemTagRowBinding.java,مورد موجود؛ الوصول والسلوك يحتاجان تحققًا عند غياب لقطة أو اختبار
item_tag_row,btn_text_style,ImageView,زر محتمل,,,,@dimen/dimen_35dp,@dimen/dimen_35dp,visible,decoded/res/layout/item_tag_row.xml,decompiled/sources/com/oneguystudio/ytyper/databinding/ItemTagRowBinding.java,مورد موجود؛ الوصول والسلوك يحتاجان تحققًا عند غياب لقطة أو اختبار
item_tag_row,row_label,EditText,إدخال/اختيار,,تسمية,,@dimen/dimen_0dp,wrap_content,visible,decoded/res/layout/item_tag_row.xml,decompiled/sources/com/oneguystudio/ytyper/databinding/ItemTagRowBinding.java,مورد موجود؛ الوصول والسلوك يحتاجان تحققًا عند غياب لقطة أو اختبار
item_tag_row,row_tag,EditText,إدخال/اختيار,,علامة,,@dimen/dimen_60dp,wrap_content,visible,decoded/res/layout/item_tag_row.xml,decompiled/sources/com/oneguystudio/ytyper/databinding/ItemTagRowBinding.java,مورد موجود؛ الوصول والسلوك يحتاجان تحققًا عند غياب لقطة أو اختبار
item_tag_row,btn_delete,ImageView,زر محتمل,,,,@dimen/dimen_30dp,@dimen/dimen_30dp,visible,decoded/res/layout/item_tag_row.xml,decompiled/sources/com/oneguystudio/ytyper/databinding/ItemTagRowBinding.java,مورد موجود؛ الوصول والسلوك يحتاجان تحققًا عند غياب لقطة أو اختبار
item_tool_button,toolIcon,ImageView,عنصر عرض/حاوية,,,Tool Icon,@dimen/dimen_28dp,@dimen/dimen_28dp,visible,decoded/res/layout/item_tool_button.xml,decompiled/sources/com/oneguystudio/ytyper/databinding/ItemToolButtonBinding.java;decompiled/sources/com/oneguystudio/ytyper/ui/editor/TagMiniEditorActivity.java;decompiled/sources/com/oneguystudio/ytyper/ui/editor/b2.java;decompiled/sources/com/oneguystudio/ytyper/ui/editor/c1.java;decompiled/sources/com/oneguystudio/ytyper/ui/editor/i0.java,مورد موجود؛ الوصول والسلوك يحتاجان تحققًا عند غياب لقطة أو اختبار
item_tool_button,toolText,TextView,عنصر عرض/حاوية,أداة,,,wrap_content,wrap_content,visible,decoded/res/layout/item_tool_button.xml,decompiled/sources/com/oneguystudio/ytyper/databinding/ItemToolButtonBinding.java;decompiled/sources/com/oneguystudio/ytyper/ui/editor/TagMiniEditorActivity.java;decompiled/sources/com/oneguystudio/ytyper/ui/editor/b2.java;decompiled/sources/com/oneguystudio/ytyper/ui/editor/c1.java;decompiled/sources/com/oneguystudio/ytyper/ui/editor/i0.java,مورد موجود؛ الوصول والسلوك يحتاجان تحققًا عند غياب لقطة أو اختبار
item_typer_bubble,tvBubbleNum,TextView,عنصر عرض/حاوية,#1,,,wrap_content,wrap_content,visible,decoded/res/layout/item_typer_bubble.xml,decompiled/sources/com/oneguystudio/ytyper/databinding/ItemTyperBubbleBinding.java;decompiled/sources/com/oneguystudio/ytyper/ui/editor/typer/z.java,مورد موجود؛ الوصول والسلوك يحتاجان تحققًا عند غياب لقطة أو اختبار
item_typer_bubble,tvBubbleTag,TextView,عنصر عرض/حاوية,حوار,,,wrap_content,wrap_content,visible,decoded/res/layout/item_typer_bubble.xml,decompiled/sources/com/oneguystudio/ytyper/databinding/ItemTyperBubbleBinding.java;decompiled/sources/com/oneguystudio/ytyper/ui/editor/typer/z.java,مورد موجود؛ الوصول والسلوك يحتاجان تحققًا عند غياب لقطة أو اختبار
item_typer_bubble,tvBubbleText,TextView,عنصر عرض/حاوية,نص تجريبي,,,match_parent,wrap_content,visible,decoded/res/layout/item_typer_bubble.xml,decompiled/sources/com/oneguystudio/ytyper/databinding/ItemTyperBubbleBinding.java;decompiled/sources/com/oneguystudio/ytyper/ui/editor/typer/z.java,مورد موجود؛ الوصول والسلوك يحتاجان تحققًا عند غياب لقطة أو اختبار
layout_3d_panel,tvTitle3D,TextView,عنصر عرض/حاوية,تحويل 3D,,,@dimen/dimen_0dp,wrap_content,visible,decoded/res/layout/layout_3d_panel.xml,decompiled/sources/com/oneguystudio/ytyper/databinding/Layout3dPanelBinding.java,مورد موجود؛ الوصول والسلوك يحتاجان تحققًا عند غياب لقطة أو اختبار
layout_3d_panel,btnReset3D,TextView,زر محتمل,إعادة ضبط,,,wrap_content,wrap_content,visible,decoded/res/layout/layout_3d_panel.xml,decompiled/sources/com/oneguystudio/ytyper/databinding/Layout3dPanelBinding.java,مورد موجود؛ الوصول والسلوك يحتاجان تحققًا عند غياب لقطة أو اختبار
layout_3d_panel,tabLayout3D,TabLayout,عنصر عرض/حاوية,,,,match_parent,@dimen/dimen_40dp,visible,decoded/res/layout/layout_3d_panel.xml,decompiled/sources/com/oneguystudio/ytyper/databinding/Layout3dPanelBinding.java,مورد موجود؛ الوصول والسلوك يحتاجان تحققًا عند غياب لقطة أو اختبار
layout_3d_panel,layoutRotate,LinearLayout,عنصر عرض/حاوية,,,,match_parent,wrap_content,visible,decoded/res/layout/layout_3d_panel.xml,decompiled/sources/com/oneguystudio/ytyper/databinding/Layout3dPanelBinding.java,مورد موجود؛ الوصول والسلوك يحتاجان تحققًا عند غياب لقطة أو اختبار
layout_3d_panel,tvLabelRotX,TextView,عنصر عرض/حاوية,تدوير X,,,,,visible,decoded/res/layout/layout_3d_panel.xml,decompiled/sources/com/oneguystudio/ytyper/databinding/Layout3dPanelBinding.java,مورد موجود؛ الوصول والسلوك يحتاجان تحققًا عند غياب لقطة أو اختبار
layout_3d_panel,btnMinusRotateX,ImageView,زر محتمل,,,,32.0dp,32.0dp,visible,decoded/res/layout/layout_3d_panel.xml,decompiled/sources/com/oneguystudio/ytyper/databinding/Layout3dPanelBinding.java,مورد موجود؛ الوصول والسلوك يحتاجان تحققًا عند غياب لقطة أو اختبار
layout_3d_panel,seekRotateX,SeekBar,إدخال/اختيار,,,,,,visible,decoded/res/layout/layout_3d_panel.xml,decompiled/sources/com/oneguystudio/ytyper/databinding/Layout3dPanelBinding.java,مورد موجود؛ الوصول والسلوك يحتاجان تحققًا عند غياب لقطة أو اختبار
layout_3d_panel,btnPlusRotateX,ImageView,زر محتمل,,,,32.0dp,32.0dp,visible,decoded/res/layout/layout_3d_panel.xml,decompiled/sources/com/oneguystudio/ytyper/databinding/Layout3dPanelBinding.java,مورد موجود؛ الوصول والسلوك يحتاجان تحققًا عند غياب لقطة أو اختبار
layout_3d_panel,tvRotateX,TextView,عنصر عرض/حاوية,0°,,,,,visible,decoded/res/layout/layout_3d_panel.xml,decompiled/sources/com/oneguystudio/ytyper/databinding/Layout3dPanelBinding.java,مورد موجود؛ الوصول والسلوك يحتاجان تحققًا عند غياب لقطة أو اختبار
layout_3d_panel,tvLabelRotY,TextView,عنصر عرض/حاوية,تدوير Y,,,,,visible,decoded/res/layout/layout_3d_panel.xml,decompiled/sources/com/oneguystudio/ytyper/databinding/Layout3dPanelBinding.java,مورد موجود؛ الوصول والسلوك يحتاجان تحققًا عند غياب لقطة أو اختبار
layout_3d_panel,btnMinusRotateY,ImageView,زر محتمل,,,,32.0dp,32.0dp,visible,decoded/res/layout/layout_3d_panel.xml,decompiled/sources/com/oneguystudio/ytyper/databinding/Layout3dPanelBinding.java,مورد موجود؛ الوصول والسلوك يحتاجان تحققًا عند غياب لقطة أو اختبار
layout_3d_panel,seekRotateY,SeekBar,إدخال/اختيار,,,,,,visible,decoded/res/layout/layout_3d_panel.xml,decompiled/sources/com/oneguystudio/ytyper/databinding/Layout3dPanelBinding.java,مورد موجود؛ الوصول والسلوك يحتاجان تحققًا عند غياب لقطة أو اختبار
layout_3d_panel,btnPlusRotateY,ImageView,زر محتمل,,,,32.0dp,32.0dp,visible,decoded/res/layout/layout_3d_panel.xml,decompiled/sources/com/oneguystudio/ytyper/databinding/Layout3dPanelBinding.java,مورد موجود؛ الوصول والسلوك يحتاجان تحققًا عند غياب لقطة أو اختبار
layout_3d_panel,tvRotateY,TextView,عنصر عرض/حاوية,0°,,,,,visible,decoded/res/layout/layout_3d_panel.xml,decompiled/sources/com/oneguystudio/ytyper/databinding/Layout3dPanelBinding.java,مورد موجود؛ الوصول والسلوك يحتاجان تحققًا عند غياب لقطة أو اختبار
layout_3d_panel,tvLabelRotZ,TextView,عنصر عرض/حاوية,تدوير Z,,,,,visible,decoded/res/layout/layout_3d_panel.xml,decompiled/sources/com/oneguystudio/ytyper/databinding/Layout3dPanelBinding.java,مورد موجود؛ الوصول والسلوك يحتاجان تحققًا عند غياب لقطة أو اختبار
layout_3d_panel,btnMinusRotateZ,ImageView,زر محتمل,,,,32.0dp,32.0dp,visible,decoded/res/layout/layout_3d_panel.xml,decompiled/sources/com/oneguystudio/ytyper/databinding/Layout3dPanelBinding.java,مورد موجود؛ الوصول والسلوك يحتاجان تحققًا عند غياب لقطة أو اختبار
layout_3d_panel,seekRotateZ,SeekBar,إدخال/اختيار,,,,,,visible,decoded/res/layout/layout_3d_panel.xml,decompiled/sources/com/oneguystudio/ytyper/databinding/Layout3dPanelBinding.java,مورد موجود؛ الوصول والسلوك يحتاجان تحققًا عند غياب لقطة أو اختبار
layout_3d_panel,btnPlusRotateZ,ImageView,زر محتمل,,,,32.0dp,32.0dp,visible,decoded/res/layout/layout_3d_panel.xml,decompiled/sources/com/oneguystudio/ytyper/databinding/Layout3dPanelBinding.java,مورد موجود؛ الوصول والسلوك يحتاجان تحققًا عند غياب لقطة أو اختبار
layout_3d_panel,tvRotateZ,TextView,عنصر عرض/حاوية,0°,,,,,visible,decoded/res/layout/layout_3d_panel.xml,decompiled/sources/com/oneguystudio/ytyper/databinding/Layout3dPanelBinding.java,مورد موجود؛ الوصول والسلوك يحتاجان تحققًا عند غياب لقطة أو اختبار
layout_3d_panel,layoutDepth,LinearLayout,عنصر عرض/حاوية,,,,match_parent,wrap_content,gone,decoded/res/layout/layout_3d_panel.xml,decompiled/sources/com/oneguystudio/ytyper/databinding/Layout3dPanelBinding.java,مورد موجود؛ الوصول والسلوك يحتاجان تحققًا عند غياب لقطة أو اختبار
layout_3d_panel,btnEyedropperDepth,ImageView,زر محتمل,,,,@dimen/dimen_45dp,@dimen/dimen_45dp,visible,decoded/res/layout/layout_3d_panel.xml,decompiled/sources/com/oneguystudio/ytyper/databinding/Layout3dPanelBinding.java,مورد موجود؛ الوصول والسلوك يحتاجان تحققًا عند غياب لقطة أو اختبار
layout_3d_panel,btnOpenPaletteDepth,ImageView,زر محتمل,,,,@dimen/dimen_45dp,@dimen/dimen_45dp,visible,decoded/res/layout/layout_3d_panel.xml,decompiled/sources/com/oneguystudio/ytyper/databinding/Layout3dPanelBinding.java,مورد موجود؛ الوصول والسلوك يحتاجان تحققًا عند غياب لقطة أو اختبار
layout_3d_panel,recyclerDepthColors,RecyclerView,عنصر عرض/حاوية,,,,match_parent,match_parent,visible,decoded/res/layout/layout_3d_panel.xml,decompiled/sources/com/oneguystudio/ytyper/databinding/Layout3dPanelBinding.java,مورد موجود؛ الوصول والسلوك يحتاجان تحققًا عند غياب لقطة أو اختبار
layout_3d_panel,tvLabelDepth,TextView,عنصر عرض/حاوية,العمق,,,,,visible,decoded/res/layout/layout_3d_panel.xml,decompiled/sources/com/oneguystudio/ytyper/databinding/Layout3dPanelBinding.java,مورد موجود؛ الوصول والسلوك يحتاجان تحققًا عند غياب لقطة أو اختبار
layout_3d_panel,btnMinusDepth,ImageView,زر محتمل,,,,28.0dp,28.0dp,visible,decoded/res/layout/layout_3d_panel.xml,decompiled/sources/com/oneguystudio/ytyper/databinding/Layout3dPanelBinding.java,مورد موجود؛ الوصول والسلوك يحتاجان تحققًا عند غياب لقطة أو اختبار
layout_3d_panel,seekDepth,SeekBar,إدخال/اختيار,,,,,,visible,decoded/res/layout/layout_3d_panel.xml,decompiled/sources/com/oneguystudio/ytyper/databinding/Layout3dPanelBinding.java,مورد موجود؛ الوصول والسلوك يحتاجان تحققًا عند غياب لقطة أو اختبار
layout_3d_panel,btnPlusDepth,ImageView,زر محتمل,,,,28.0dp,28.0dp,visible,decoded/res/layout/layout_3d_panel.xml,decompiled/sources/com/oneguystudio/ytyper/databinding/Layout3dPanelBinding.java,مورد موجود؛ الوصول والسلوك يحتاجان تحققًا عند غياب لقطة أو اختبار
layout_3d_panel,tvDepth,TextView,عنصر عرض/حاوية,0,,,,,visible,decoded/res/layout/layout_3d_panel.xml,decompiled/sources/com/oneguystudio/ytyper/databinding/Layout3dPanelBinding.java,مورد موجود؛ الوصول والسلوك يحتاجان تحققًا عند غياب لقطة أو اختبار
layout_3d_panel,tvLabelAngle,TextView,عنصر عرض/حاوية,الاتجاه,,,,,visible,decoded/res/layout/layout_3d_panel.xml,decompiled/sources/com/oneguystudio/ytyper/databinding/Layout3dPanelBinding.java,مورد موجود؛ الوصول والسلوك يحتاجان تحققًا عند غياب لقطة أو اختبار
layout_3d_panel,btnMinusAngle,ImageView,زر محتمل,,,,28.0dp,28.0dp,visible,decoded/res/layout/layout_3d_panel.xml,decompiled/sources/com/oneguystudio/ytyper/databinding/Layout3dPanelBinding.java;decompiled/sources/com/oneguystudio/ytyper/databinding/LayoutGradientMapPanelBinding.java,مورد موجود؛ الوصول والسلوك يحتاجان تحققًا عند غياب لقطة أو اختبار
layout_3d_panel,seekAngle,SeekBar,إدخال/اختيار,,,,,,visible,decoded/res/layout/layout_3d_panel.xml,decompiled/sources/com/oneguystudio/ytyper/databinding/Layout3dPanelBinding.java,مورد موجود؛ الوصول والسلوك يحتاجان تحققًا عند غياب لقطة أو اختبار
layout_3d_panel,btnPlusAngle,ImageView,زر محتمل,,,,28.0dp,28.0dp,visible,decoded/res/layout/layout_3d_panel.xml,decompiled/sources/com/oneguystudio/ytyper/databinding/Layout3dPanelBinding.java;decompiled/sources/com/oneguystudio/ytyper/databinding/LayoutGradientMapPanelBinding.java,مورد موجود؛ الوصول والسلوك يحتاجان تحققًا عند غياب لقطة أو اختبار
layout_3d_panel,tvAngle,TextView,عنصر عرض/حاوية,45°,,,,,visible,decoded/res/layout/layout_3d_panel.xml,decompiled/sources/com/oneguystudio/ytyper/databinding/Layout3dPanelBinding.java,مورد موجود؛ الوصول والسلوك يحتاجان تحققًا عند غياب لقطة أو اختبار
layout_3d_panel,tvLabelDarken,TextView,عنصر عرض/حاوية,تعتيم,,,,,visible,decoded/res/layout/layout_3d_panel.xml,decompiled/sources/com/oneguystudio/ytyper/databinding/Layout3dPanelBinding.java,مورد موجود؛ الوصول والسلوك يحتاجان تحققًا عند غياب لقطة أو اختبار
layout_3d_panel,btnMinusDarken,ImageView,زر محتمل,,,,28.0dp,28.0dp,visible,decoded/res/layout/layout_3d_panel.xml,decompiled/sources/com/oneguystudio/ytyper/databinding/Layout3dPanelBinding.java,مورد موجود؛ الوصول والسلوك يحتاجان تحققًا عند غياب لقطة أو اختبار
layout_3d_panel,seekDarken,SeekBar,إدخال/اختيار,,,,,,visible,decoded/res/layout/layout_3d_panel.xml,decompiled/sources/com/oneguystudio/ytyper/databinding/Layout3dPanelBinding.java,مورد موجود؛ الوصول والسلوك يحتاجان تحققًا عند غياب لقطة أو اختبار
layout_3d_panel,btnPlusDarken,ImageView,زر محتمل,,,,28.0dp,28.0dp,visible,decoded/res/layout/layout_3d_panel.xml,decompiled/sources/com/oneguystudio/ytyper/databinding/Layout3dPanelBinding.java,مورد موجود؛ الوصول والسلوك يحتاجان تحققًا عند غياب لقطة أو اختبار
layout_3d_panel,tvDarken,TextView,عنصر عرض/حاوية,0%,,,,,visible,decoded/res/layout/layout_3d_panel.xml,decompiled/sources/com/oneguystudio/ytyper/databinding/Layout3dPanelBinding.java,مورد موجود؛ الوصول والسلوك يحتاجان تحققًا عند غياب لقطة أو اختبار
layout_background_panel,btnRemoveBg,TextView,زر محتمل,إزالة,,,wrap_content,wrap_content,visible,decoded/res/layout/layout_background_panel.xml,decompiled/sources/com/oneguystudio/ytyper/databinding/LayoutBackgroundPanelBinding.java,مورد موجود؛ الوصول والسلوك يحتاجان تحققًا عند غياب لقطة أو اختبار
layout_background_panel,layoutSolidMode,LinearLayout,عنصر عرض/حاوية,,,,match_parent,60.0dp,visible,decoded/res/layout/layout_background_panel.xml,decompiled/sources/com/oneguystudio/ytyper/databinding/LayoutBackgroundPanelBinding.java;decompiled/sources/com/oneguystudio/ytyper/databinding/LayoutStrokePanelBinding.java,مورد موجود؛ الوصول والسلوك يحتاجان تحققًا عند غياب لقطة أو اختبار
layout_background_panel,btnEyedropper,ImageView,زر محتمل,,,,45.0dp,45.0dp,visible,decoded/res/layout/layout_background_panel.xml,decompiled/sources/com/oneguystudio/ytyper/databinding/DialogColorPickerBinding.java;decompiled/sources/com/oneguystudio/ytyper/databinding/LayoutBackgroundPanelBinding.java;decompiled/sources/com/oneguystudio/ytyper/databinding/LayoutColorPanelBinding.java;decompiled/sources/com/oneguystudio/ytyper/databinding/LayoutShadowPanelBinding.java;decompiled/sources/com/oneguystudio/ytyper/databinding/LayoutStrokePanelBinding.java,مورد موجود؛ الوصول والسلوك يحتاجان تحققًا عند غياب لقطة أو اختبار
layout_background_panel,btnOpenPalette,ImageView,زر محتمل,,,,45.0dp,45.0dp,visible,decoded/res/layout/layout_background_panel.xml,decompiled/sources/com/oneguystudio/ytyper/databinding/LayoutBackgroundPanelBinding.java;decompiled/sources/com/oneguystudio/ytyper/databinding/LayoutColorPanelBinding.java;decompiled/sources/com/oneguystudio/ytyper/databinding/LayoutShadowPanelBinding.java;decompiled/sources/com/oneguystudio/ytyper/databinding/LayoutStrokePanelBinding.java,مورد موجود؛ الوصول والسلوك يحتاجان تحققًا عند غياب لقطة أو اختبار
layout_background_panel,recyclerRecentColors,RecyclerView,عنصر عرض/حاوية,,,,match_parent,match_parent,visible,decoded/res/layout/layout_background_panel.xml,decompiled/sources/com/oneguystudio/ytyper/databinding/LayoutBackgroundPanelBinding.java;decompiled/sources/com/oneguystudio/ytyper/databinding/LayoutColorPanelBinding.java;decompiled/sources/com/oneguystudio/ytyper/databinding/LayoutShadowPanelBinding.java;decompiled/sources/com/oneguystudio/ytyper/databinding/LayoutStrokePanelBinding.java,مورد موجود؛ الوصول والسلوك يحتاجان تحققًا عند غياب لقطة أو اختبار
layout_background_panel,btnMinusBgRadius,ImageView,زر محتمل,,,,32.0dp,32.0dp,visible,decoded/res/layout/layout_background_panel.xml,decompiled/sources/com/oneguystudio/ytyper/databinding/LayoutBackgroundPanelBinding.java;decompiled/sources/com/oneguystudio/ytyper/ui/editor/dialog/BackgroundEditorPanel.java,مورد موجود؛ الوصول والسلوك يحتاجان تحققًا عند غياب لقطة أو اختبار
layout_background_panel,seekRadius,SeekBar,إدخال/اختيار,,,,0.0dp,wrap_content,visible,decoded/res/layout/layout_background_panel.xml,decompiled/sources/com/oneguystudio/ytyper/databinding/LayoutBackgroundPanelBinding.java;decompiled/sources/com/oneguystudio/ytyper/databinding/LayoutShadowPanelBinding.java,مورد موجود؛ الوصول والسلوك يحتاجان تحققًا عند غياب لقطة أو اختبار
layout_background_panel,btnPlusBgRadius,ImageView,زر محتمل,,,,32.0dp,32.0dp,visible,decoded/res/layout/layout_background_panel.xml,decompiled/sources/com/oneguystudio/ytyper/databinding/LayoutBackgroundPanelBinding.java;decompiled/sources/com/oneguystudio/ytyper/ui/editor/dialog/BackgroundEditorPanel.java,مورد موجود؛ الوصول والسلوك يحتاجان تحققًا عند غياب لقطة أو اختبار
layout_background_panel,tvRadius,TextView,عنصر عرض/حاوية,,,,40.0dp,wrap_content,visible,decoded/res/layout/layout_background_panel.xml,decompiled/sources/com/oneguystudio/ytyper/databinding/LayoutBackgroundPanelBinding.java;decompiled/sources/com/oneguystudio/ytyper/databinding/LayoutShadowPanelBinding.java,مورد موجود؛ الوصول والسلوك يحتاجان تحققًا عند غياب لقطة أو اختبار
layout_background_panel,btnMinusBgWidth,ImageView,زر محتمل,,,,32.0dp,32.0dp,visible,decoded/res/layout/layout_background_panel.xml,decompiled/sources/com/oneguystudio/ytyper/databinding/LayoutBackgroundPanelBinding.java;decompiled/sources/com/oneguystudio/ytyper/ui/editor/dialog/BackgroundEditorPanel.java,مورد موجود؛ الوصول والسلوك يحتاجان تحققًا عند غياب لقطة أو اختبار
layout_background_panel,seekWidth,SeekBar,إدخال/اختيار,,,,0.0dp,wrap_content,visible,decoded/res/layout/layout_background_panel.xml,decompiled/sources/com/oneguystudio/ytyper/databinding/LayoutBackgroundPanelBinding.java,مورد موجود؛ الوصول والسلوك يحتاجان تحققًا عند غياب لقطة أو اختبار
layout_background_panel,btnPlusBgWidth,ImageView,زر محتمل,,,,32.0dp,32.0dp,visible,decoded/res/layout/layout_background_panel.xml,decompiled/sources/com/oneguystudio/ytyper/databinding/LayoutBackgroundPanelBinding.java;decompiled/sources/com/oneguystudio/ytyper/ui/editor/dialog/BackgroundEditorPanel.java,مورد موجود؛ الوصول والسلوك يحتاجان تحققًا عند غياب لقطة أو اختبار
layout_background_panel,tvWidth,TextView,عنصر عرض/حاوية,,,,40.0dp,wrap_content,visible,decoded/res/layout/layout_background_panel.xml,decompiled/sources/com/oneguystudio/ytyper/databinding/LayoutBackgroundPanelBinding.java,مورد موجود؛ الوصول والسلوك يحتاجان تحققًا عند غياب لقطة أو اختبار
layout_background_panel,btnMinusBgHeight,ImageView,زر محتمل,,,,32.0dp,32.0dp,visible,decoded/res/layout/layout_background_panel.xml,decompiled/sources/com/oneguystudio/ytyper/databinding/LayoutBackgroundPanelBinding.java;decompiled/sources/com/oneguystudio/ytyper/ui/editor/dialog/BackgroundEditorPanel.java,مورد موجود؛ الوصول والسلوك يحتاجان تحققًا عند غياب لقطة أو اختبار
layout_background_panel,seekHeight,SeekBar,إدخال/اختيار,,,,0.0dp,wrap_content,visible,decoded/res/layout/layout_background_panel.xml,decompiled/sources/com/oneguystudio/ytyper/databinding/LayoutBackgroundPanelBinding.java,مورد موجود؛ الوصول والسلوك يحتاجان تحققًا عند غياب لقطة أو اختبار
layout_background_panel,btnPlusBgHeight,ImageView,زر محتمل,,,,32.0dp,32.0dp,visible,decoded/res/layout/layout_background_panel.xml,decompiled/sources/com/oneguystudio/ytyper/databinding/LayoutBackgroundPanelBinding.java;decompiled/sources/com/oneguystudio/ytyper/ui/editor/dialog/BackgroundEditorPanel.java,مورد موجود؛ الوصول والسلوك يحتاجان تحققًا عند غياب لقطة أو اختبار
layout_background_panel,tvHeight,TextView,عنصر عرض/حاوية,,,,40.0dp,wrap_content,visible,decoded/res/layout/layout_background_panel.xml,decompiled/sources/com/oneguystudio/ytyper/databinding/LayoutBackgroundPanelBinding.java,مورد موجود؛ الوصول والسلوك يحتاجان تحققًا عند غياب لقطة أو اختبار
layout_background_panel,btnMinusBgOpacity,ImageView,زر محتمل,,,,32.0dp,32.0dp,visible,decoded/res/layout/layout_background_panel.xml,decompiled/sources/com/oneguystudio/ytyper/databinding/LayoutBackgroundPanelBinding.java;decompiled/sources/com/oneguystudio/ytyper/ui/editor/dialog/BackgroundEditorPanel.java,مورد موجود؛ الوصول والسلوك يحتاجان تحققًا عند غياب لقطة أو اختبار
layout_background_panel,seekOpacity,SeekBar,إدخال/اختيار,,,,0.0dp,wrap_content,visible,decoded/res/layout/layout_background_panel.xml,decompiled/sources/com/oneguystudio/ytyper/databinding/LayoutBackgroundPanelBinding.java;decompiled/sources/com/oneguystudio/ytyper/databinding/LayoutOpacityPanelBinding.java;decompiled/sources/com/oneguystudio/ytyper/databinding/LayoutShadowPanelBinding.java,مورد موجود؛ الوصول والسلوك يحتاجان تحققًا عند غياب لقطة أو اختبار
layout_background_panel,btnPlusBgOpacity,ImageView,زر محتمل,,,,32.0dp,32.0dp,visible,decoded/res/layout/layout_background_panel.xml,decompiled/sources/com/oneguystudio/ytyper/databinding/LayoutBackgroundPanelBinding.java;decompiled/sources/com/oneguystudio/ytyper/ui/editor/dialog/BackgroundEditorPanel.java,مورد موجود؛ الوصول والسلوك يحتاجان تحققًا عند غياب لقطة أو اختبار
layout_background_panel,tvOpacity,TextView,عنصر عرض/حاوية,,,,40.0dp,wrap_content,visible,decoded/res/layout/layout_background_panel.xml,decompiled/sources/com/oneguystudio/ytyper/databinding/LayoutBackgroundPanelBinding.java;decompiled/sources/com/oneguystudio/ytyper/databinding/LayoutOpacityPanelBinding.java;decompiled/sources/com/oneguystudio/ytyper/databinding/LayoutShadowPanelBinding.java,مورد موجود؛ الوصول والسلوك يحتاجان تحققًا عند غياب لقطة أو اختبار
layout_cleaner_pill,cleanerPillRoot,FrameLayout,عنصر عرض/حاوية,,,,wrap_content,wrap_content,visible,decoded/res/layout/layout_cleaner_pill.xml,,مورد موجود؛ الوصول والسلوك يحتاجان تحققًا عند غياب لقطة أو اختبار
layout_cleaner_pill,cleanerPillHandle,View,عنصر عرض/حاوية,,,,36.0dp,5.0dp,visible,decoded/res/layout/layout_cleaner_pill.xml,decompiled/sources/com/oneguystudio/ytyper/databinding/LayoutCleanerPillBinding.java;decompiled/sources/com/oneguystudio/ytyper/ui/editor/k1.java,مورد موجود؛ الوصول والسلوك يحتاجان تحققًا عند غياب لقطة أو اختبار
layout_cleaner_pill,cleanerPill,LinearLayout,عنصر عرض/حاوية,,,,wrap_content,wrap_content,visible,decoded/res/layout/layout_cleaner_pill.xml,decompiled/sources/com/oneguystudio/ytyper/databinding/LayoutCleanerPillBinding.java,مورد موجود؛ الوصول والسلوك يحتاجان تحققًا عند غياب لقطة أو اختبار
layout_cleaner_pill,btnCleanerBrushMinus,ImageView,زر محتمل,,,Decrease brush size,28.0dp,28.0dp,visible,decoded/res/layout/layout_cleaner_pill.xml,decompiled/sources/com/oneguystudio/ytyper/databinding/LayoutCleanerPillBinding.java;decompiled/sources/com/oneguystudio/ytyper/ui/editor/k1.java,مورد موجود؛ الوصول والسلوك يحتاجان تحققًا عند غياب لقطة أو اختبار
layout_cleaner_pill,sbCleanerBrushSize,SeekBar,إدخال/اختيار,,,,95.0dp,wrap_content,visible,decoded/res/layout/layout_cleaner_pill.xml,decompiled/sources/com/oneguystudio/ytyper/databinding/LayoutCleanerPillBinding.java;decompiled/sources/com/oneguystudio/ytyper/ui/editor/k1.java,مورد موجود؛ الوصول والسلوك يحتاجان تحققًا عند غياب لقطة أو اختبار
layout_cleaner_pill,tvCleanerBrushSize,TextView,عنصر عرض/حاوية,60,,,26.0dp,wrap_content,visible,decoded/res/layout/layout_cleaner_pill.xml,decompiled/sources/com/oneguystudio/ytyper/databinding/LayoutCleanerPillBinding.java;decompiled/sources/com/oneguystudio/ytyper/ui/editor/k1.java,مورد موجود؛ الوصول والسلوك يحتاجان تحققًا عند غياب لقطة أو اختبار
layout_cleaner_pill,btnCleanerBrushPlus,ImageView,زر محتمل,,,Increase brush size,28.0dp,28.0dp,visible,decoded/res/layout/layout_cleaner_pill.xml,decompiled/sources/com/oneguystudio/ytyper/databinding/LayoutCleanerPillBinding.java;decompiled/sources/com/oneguystudio/ytyper/ui/editor/k1.java,مورد موجود؛ الوصول والسلوك يحتاجان تحققًا عند غياب لقطة أو اختبار
layout_cleaner_pill,btnCleanerUndo,ImageView,زر محتمل,,,Undo stroke,,,visible,decoded/res/layout/layout_cleaner_pill.xml,decompiled/sources/com/oneguystudio/ytyper/databinding/LayoutCleanerPillBinding.java;decompiled/sources/com/oneguystudio/ytyper/ui/editor/k1.java,مورد موجود؛ الوصول والسلوك يحتاجان تحققًا عند غياب لقطة أو اختبار
layout_cleaner_pill,btnCleanerApply,ImageView,زر محتمل,,,Apply inpaint,,,visible,decoded/res/layout/layout_cleaner_pill.xml,decompiled/sources/com/oneguystudio/ytyper/databinding/LayoutCleanerPillBinding.java;decompiled/sources/com/oneguystudio/ytyper/ui/editor/k1.java,مورد موجود؛ الوصول والسلوك يحتاجان تحققًا عند غياب لقطة أو اختبار
layout_cleaner_pill,btnCleanerCancel,ImageView,زر محتمل,,,Cancel,,,visible,decoded/res/layout/layout_cleaner_pill.xml,decompiled/sources/com/oneguystudio/ytyper/databinding/LayoutCleanerPillBinding.java;decompiled/sources/com/oneguystudio/ytyper/ui/editor/k1.java,مورد موجود؛ الوصول والسلوك يحتاجان تحققًا عند غياب لقطة أو اختبار
layout_color_panel,tabColorMode,TabLayout,عنصر عرض/حاوية,,,,match_parent,40.0dp,visible,decoded/res/layout/layout_color_panel.xml,decompiled/sources/com/oneguystudio/ytyper/databinding/LayoutColorPanelBinding.java,مورد موجود؛ الوصول والسلوك يحتاجان تحققًا عند غياب لقطة أو اختبار
layout_color_panel,layoutSolidColor,LinearLayout,عنصر عرض/حاوية,,,,match_parent,60.0dp,visible,decoded/res/layout/layout_color_panel.xml,decompiled/sources/com/oneguystudio/ytyper/databinding/LayoutColorPanelBinding.java;decompiled/sources/com/oneguystudio/ytyper/databinding/LayoutShadowPanelBinding.java,مورد موجود؛ الوصول والسلوك يحتاجان تحققًا عند غياب لقطة أو اختبار
layout_color_panel,btnEyedropper,ImageView,زر محتمل,,,,45.0dp,45.0dp,visible,decoded/res/layout/layout_color_panel.xml,decompiled/sources/com/oneguystudio/ytyper/databinding/DialogColorPickerBinding.java;decompiled/sources/com/oneguystudio/ytyper/databinding/LayoutBackgroundPanelBinding.java;decompiled/sources/com/oneguystudio/ytyper/databinding/LayoutColorPanelBinding.java;decompiled/sources/com/oneguystudio/ytyper/databinding/LayoutShadowPanelBinding.java;decompiled/sources/com/oneguystudio/ytyper/databinding/LayoutStrokePanelBinding.java,مورد موجود؛ الوصول والسلوك يحتاجان تحققًا عند غياب لقطة أو اختبار
layout_color_panel,btnOpenPalette,ImageView,زر محتمل,,,,45.0dp,45.0dp,visible,decoded/res/layout/layout_color_panel.xml,decompiled/sources/com/oneguystudio/ytyper/databinding/LayoutBackgroundPanelBinding.java;decompiled/sources/com/oneguystudio/ytyper/databinding/LayoutColorPanelBinding.java;decompiled/sources/com/oneguystudio/ytyper/databinding/LayoutShadowPanelBinding.java;decompiled/sources/com/oneguystudio/ytyper/databinding/LayoutStrokePanelBinding.java,مورد موجود؛ الوصول والسلوك يحتاجان تحققًا عند غياب لقطة أو اختبار
layout_color_panel,recyclerRecentColors,RecyclerView,عنصر عرض/حاوية,,,,match_parent,match_parent,visible,decoded/res/layout/layout_color_panel.xml,decompiled/sources/com/oneguystudio/ytyper/databinding/LayoutBackgroundPanelBinding.java;decompiled/sources/com/oneguystudio/ytyper/databinding/LayoutColorPanelBinding.java;decompiled/sources/com/oneguystudio/ytyper/databinding/LayoutShadowPanelBinding.java;decompiled/sources/com/oneguystudio/ytyper/databinding/LayoutStrokePanelBinding.java,مورد موجود؛ الوصول والسلوك يحتاجان تحققًا عند غياب لقطة أو اختبار
layout_color_panel,layoutGradientMode,LinearLayout,عنصر عرض/حاوية,,,,match_parent,wrap_content,gone,decoded/res/layout/layout_color_panel.xml,decompiled/sources/com/oneguystudio/ytyper/databinding/LayoutColorPanelBinding.java;decompiled/sources/com/oneguystudio/ytyper/databinding/LayoutShadowPanelBinding.java;decompiled/sources/com/oneguystudio/ytyper/databinding/LayoutStrokePanelBinding.java,مورد موجود؛ الوصول والسلوك يحتاجان تحققًا عند غياب لقطة أو اختبار
layout_color_panel,gradientSliderView,GradientSliderView,إدخال/اختيار,,,,match_parent,54.0dp,visible,decoded/res/layout/layout_color_panel.xml,decompiled/sources/com/oneguystudio/ytyper/databinding/DialogInteractiveGradientBinding.java;decompiled/sources/com/oneguystudio/ytyper/databinding/LayoutColorPanelBinding.java;decompiled/sources/com/oneguystudio/ytyper/databinding/LayoutShadowPanelBinding.java;decompiled/sources/com/oneguystudio/ytyper/databinding/LayoutStrokePanelBinding.java;decompiled/sources/com/oneguystudio/ytyper/ui/editor/dialog/InteractiveGradientDialog.java,مورد موجود؛ الوصول والسلوك يحتاجان تحققًا عند غياب لقطة أو اختبار
layout_color_panel,seekGradientAngle,SeekBar,إدخال/اختيار,,,,0.0dp,wrap_content,visible,decoded/res/layout/layout_color_panel.xml,decompiled/sources/com/oneguystudio/ytyper/databinding/LayoutColorPanelBinding.java;decompiled/sources/com/oneguystudio/ytyper/databinding/LayoutShadowPanelBinding.java;decompiled/sources/com/oneguystudio/ytyper/databinding/LayoutStrokePanelBinding.java,مورد موجود؛ الوصول والسلوك يحتاجان تحققًا عند غياب لقطة أو اختبار
layout_color_panel,tvGradientAngle,TextView,عنصر عرض/حاوية,0°,,,40.0dp,wrap_content,visible,decoded/res/layout/layout_color_panel.xml,decompiled/sources/com/oneguystudio/ytyper/databinding/LayoutColorPanelBinding.java;decompiled/sources/com/oneguystudio/ytyper/databinding/LayoutShadowPanelBinding.java;decompiled/sources/com/oneguystudio/ytyper/databinding/LayoutStrokePanelBinding.java,مورد موجود؛ الوصول والسلوك يحتاجان تحققًا عند غياب لقطة أو اختبار
layout_color_panel,btnAdvancedGradient,ImageView,زر محتمل,,,,35.0dp,35.0dp,visible,decoded/res/layout/layout_color_panel.xml,decompiled/sources/com/oneguystudio/ytyper/databinding/LayoutColorPanelBinding.java;decompiled/sources/com/oneguystudio/ytyper/databinding/LayoutShadowPanelBinding.java;decompiled/sources/com/oneguystudio/ytyper/databinding/LayoutStrokePanelBinding.java,مورد موجود؛ الوصول والسلوك يحتاجان تحققًا عند غياب لقطة أو اختبار
layout_color_panel,btnInteractiveGradient,ImageView,زر محتمل,,,,35.0dp,35.0dp,visible,decoded/res/layout/layout_color_panel.xml,decompiled/sources/com/oneguystudio/ytyper/databinding/LayoutColorPanelBinding.java;decompiled/sources/com/oneguystudio/ytyper/databinding/LayoutShadowPanelBinding.java;decompiled/sources/com/oneguystudio/ytyper/databinding/LayoutStrokePanelBinding.java,مورد موجود؛ الوصول والسلوك يحتاجان تحققًا عند غياب لقطة أو اختبار
layout_drawing_brush_panel,groupDrawingBrushStyle,RadioGroup,إدخال/اختيار,,,,wrap_content,wrap_content,visible,decoded/res/layout/layout_drawing_brush_panel.xml,decompiled/sources/com/oneguystudio/ytyper/databinding/LayoutDrawingBrushPanelBinding.java;decompiled/sources/com/oneguystudio/ytyper/ui/editor/dialog/DrawingBrushPanel.java,مورد موجود؛ الوصول والسلوك يحتاجان تحققًا عند غياب لقطة أو اختبار
layout_drawing_brush_panel,rbBrushNormal,RadioButton,زر محتمل,,,,,,visible,decoded/res/layout/layout_drawing_brush_panel.xml,decompiled/sources/com/oneguystudio/ytyper/databinding/LayoutDrawingBrushPanelBinding.java;decompiled/sources/com/oneguystudio/ytyper/ui/editor/dialog/DrawingBrushPanel.java,مورد موجود؛ الوصول والسلوك يحتاجان تحققًا عند غياب لقطة أو اختبار
layout_drawing_brush_panel,rbBrushSoft,RadioButton,زر محتمل,,,,,,visible,decoded/res/layout/layout_drawing_brush_panel.xml,decompiled/sources/com/oneguystudio/ytyper/databinding/LayoutDrawingBrushPanelBinding.java;decompiled/sources/com/oneguystudio/ytyper/ui/editor/dialog/DrawingBrushPanel.java,مورد موجود؛ الوصول والسلوك يحتاجان تحققًا عند غياب لقطة أو اختبار
layout_drawing_brush_panel,rbBrushNeon,RadioButton,زر محتمل,,,,,,visible,decoded/res/layout/layout_drawing_brush_panel.xml,decompiled/sources/com/oneguystudio/ytyper/databinding/LayoutDrawingBrushPanelBinding.java;decompiled/sources/com/oneguystudio/ytyper/ui/editor/dialog/DrawingBrushPanel.java,مورد موجود؛ الوصول والسلوك يحتاجان تحققًا عند غياب لقطة أو اختبار
layout_drawing_brush_panel,rbBrushWater,RadioButton,زر محتمل,,,,,,visible,decoded/res/layout/layout_drawing_brush_panel.xml,decompiled/sources/com/oneguystudio/ytyper/databinding/LayoutDrawingBrushPanelBinding.java;decompiled/sources/com/oneguystudio/ytyper/ui/editor/dialog/DrawingBrushPanel.java,مورد موجود؛ الوصول والسلوك يحتاجان تحققًا عند غياب لقطة أو اختبار
layout_drawing_brush_panel,rbBrushMarker,RadioButton,زر محتمل,,,,,,visible,decoded/res/layout/layout_drawing_brush_panel.xml,decompiled/sources/com/oneguystudio/ytyper/databinding/LayoutDrawingBrushPanelBinding.java;decompiled/sources/com/oneguystudio/ytyper/ui/editor/dialog/DrawingBrushPanel.java,مورد موجود؛ الوصول والسلوك يحتاجان تحققًا عند غياب لقطة أو اختبار
layout_drawing_brush_panel,btnMinusBrushSize,ImageView,زر محتمل,,,,32.0dp,32.0dp,visible,decoded/res/layout/layout_drawing_brush_panel.xml,decompiled/sources/com/oneguystudio/ytyper/databinding/LayoutDrawingBrushPanelBinding.java;decompiled/sources/com/oneguystudio/ytyper/databinding/LayoutEraserPanelBinding.java;decompiled/sources/com/oneguystudio/ytyper/databinding/LayoutInpaintPanelBinding.java;decompiled/sources/com/oneguystudio/ytyper/databinding/LayoutMagicBrushPanelBinding.java;decompiled/sources/com/oneguystudio/ytyper/ui/editor/dialog/DrawingBrushPanel.java;decompiled/sources/com/oneguystudio/ytyper/ui/editor/dialog/EraserEditorPanel.java,مورد موجود؛ الوصول والسلوك يحتاجان تحققًا عند غياب لقطة أو اختبار
layout_drawing_brush_panel,seekBrushSize,SeekBar,إدخال/اختيار,,,,,,visible,decoded/res/layout/layout_drawing_brush_panel.xml,decompiled/sources/com/oneguystudio/ytyper/databinding/LayoutDrawingBrushPanelBinding.java;decompiled/sources/com/oneguystudio/ytyper/databinding/LayoutEraserPanelBinding.java;decompiled/sources/com/oneguystudio/ytyper/databinding/LayoutMagicBrushPanelBinding.java;decompiled/sources/com/oneguystudio/ytyper/ui/editor/dialog/DrawingBrushPanel.java;decompiled/sources/com/oneguystudio/ytyper/ui/editor/dialog/EraserEditorPanel.java,مورد موجود؛ الوصول والسلوك يحتاجان تحققًا عند غياب لقطة أو اختبار
layout_drawing_brush_panel,btnPlusBrushSize,ImageView,زر محتمل,,,,32.0dp,32.0dp,visible,decoded/res/layout/layout_drawing_brush_panel.xml,decompiled/sources/com/oneguystudio/ytyper/databinding/LayoutDrawingBrushPanelBinding.java;decompiled/sources/com/oneguystudio/ytyper/databinding/LayoutEraserPanelBinding.java;decompiled/sources/com/oneguystudio/ytyper/databinding/LayoutInpaintPanelBinding.java;decompiled/sources/com/oneguystudio/ytyper/databinding/LayoutMagicBrushPanelBinding.java;decompiled/sources/com/oneguystudio/ytyper/ui/editor/dialog/DrawingBrushPanel.java;decompiled/sources/com/oneguystudio/ytyper/ui/editor/dialog/EraserEditorPanel.java,مورد موجود؛ الوصول والسلوك يحتاجان تحققًا عند غياب لقطة أو اختبار
layout_drawing_brush_panel,tvBrushSize,TextView,عنصر عرض/حاوية,15,,,,,visible,decoded/res/layout/layout_drawing_brush_panel.xml,decompiled/sources/com/oneguystudio/ytyper/databinding/LayoutDrawingBrushPanelBinding.java;decompiled/sources/com/oneguystudio/ytyper/databinding/LayoutEraserPanelBinding.java;decompiled/sources/com/oneguystudio/ytyper/databinding/LayoutMagicBrushPanelBinding.java;decompiled/sources/com/oneguystudio/ytyper/ui/editor/dialog/DrawingBrushPanel.java;decompiled/sources/com/oneguystudio/ytyper/ui/editor/dialog/EraserEditorPanel.java,مورد موجود؛ الوصول والسلوك يحتاجان تحققًا عند غياب لقطة أو اختبار
layout_drawing_brush_panel,btnMinusBrushOpacity,ImageView,زر محتمل,,,,32.0dp,32.0dp,visible,decoded/res/layout/layout_drawing_brush_panel.xml,decompiled/sources/com/oneguystudio/ytyper/databinding/LayoutDrawingBrushPanelBinding.java;decompiled/sources/com/oneguystudio/ytyper/databinding/LayoutEraserPanelBinding.java;decompiled/sources/com/oneguystudio/ytyper/databinding/LayoutMagicBrushPanelBinding.java;decompiled/sources/com/oneguystudio/ytyper/ui/editor/dialog/DrawingBrushPanel.java;decompiled/sources/com/oneguystudio/ytyper/ui/editor/dialog/EraserEditorPanel.java,مورد موجود؛ الوصول والسلوك يحتاجان تحققًا عند غياب لقطة أو اختبار
layout_drawing_brush_panel,seekBrushOpacity,SeekBar,إدخال/اختيار,,,,,,visible,decoded/res/layout/layout_drawing_brush_panel.xml,decompiled/sources/com/oneguystudio/ytyper/databinding/LayoutDrawingBrushPanelBinding.java;decompiled/sources/com/oneguystudio/ytyper/databinding/LayoutEraserPanelBinding.java;decompiled/sources/com/oneguystudio/ytyper/databinding/LayoutMagicBrushPanelBinding.java;decompiled/sources/com/oneguystudio/ytyper/ui/editor/dialog/DrawingBrushPanel.java;decompiled/sources/com/oneguystudio/ytyper/ui/editor/dialog/EraserEditorPanel.java,مورد موجود؛ الوصول والسلوك يحتاجان تحققًا عند غياب لقطة أو اختبار
layout_drawing_brush_panel,btnPlusBrushOpacity,ImageView,زر محتمل,,,,32.0dp,32.0dp,visible,decoded/res/layout/layout_drawing_brush_panel.xml,decompiled/sources/com/oneguystudio/ytyper/databinding/LayoutDrawingBrushPanelBinding.java;decompiled/sources/com/oneguystudio/ytyper/databinding/LayoutEraserPanelBinding.java;decompiled/sources/com/oneguystudio/ytyper/databinding/LayoutMagicBrushPanelBinding.java;decompiled/sources/com/oneguystudio/ytyper/ui/editor/dialog/DrawingBrushPanel.java;decompiled/sources/com/oneguystudio/ytyper/ui/editor/dialog/EraserEditorPanel.java,مورد موجود؛ الوصول والسلوك يحتاجان تحققًا عند غياب لقطة أو اختبار
layout_drawing_brush_panel,tvBrushOpacity,TextView,عنصر عرض/حاوية,100%,,,,,visible,decoded/res/layout/layout_drawing_brush_panel.xml,decompiled/sources/com/oneguystudio/ytyper/databinding/LayoutDrawingBrushPanelBinding.java;decompiled/sources/com/oneguystudio/ytyper/databinding/LayoutEraserPanelBinding.java;decompiled/sources/com/oneguystudio/ytyper/databinding/LayoutMagicBrushPanelBinding.java;decompiled/sources/com/oneguystudio/ytyper/ui/editor/dialog/DrawingBrushPanel.java;decompiled/sources/com/oneguystudio/ytyper/ui/editor/dialog/EraserEditorPanel.java,مورد موجود؛ الوصول والسلوك يحتاجان تحققًا عند غياب لقطة أو اختبار
layout_drawing_brush_plus_panel,layoutBrushPlusTextures,LinearLayout,عنصر عرض/حاوية,,,,wrap_content,wrap_content,visible,decoded/res/layout/layout_drawing_brush_plus_panel.xml,decompiled/sources/com/oneguystudio/ytyper/databinding/LayoutDrawingBrushPlusPanelBinding.java;decompiled/sources/com/oneguystudio/ytyper/ui/editor/dialog/DrawingBrushPlusPanel.java,مورد موجود؛ الوصول والسلوك يحتاجان تحققًا عند غياب لقطة أو اختبار
layout_drawing_brush_plus_panel,btnMinusBrushPlusSize,ImageView,زر محتمل,,,,32.0dp,32.0dp,visible,decoded/res/layout/layout_drawing_brush_plus_panel.xml,decompiled/sources/com/oneguystudio/ytyper/databinding/LayoutDrawingBrushPlusPanelBinding.java;decompiled/sources/com/oneguystudio/ytyper/ui/editor/dialog/DrawingBrushPlusPanel.java,مورد موجود؛ الوصول والسلوك يحتاجان تحققًا عند غياب لقطة أو اختبار
layout_drawing_brush_plus_panel,seekBrushPlusSize,SeekBar,إدخال/اختيار,,,,,,visible,decoded/res/layout/layout_drawing_brush_plus_panel.xml,decompiled/sources/com/oneguystudio/ytyper/databinding/LayoutDrawingBrushPlusPanelBinding.java;decompiled/sources/com/oneguystudio/ytyper/ui/editor/dialog/DrawingBrushPlusPanel.java,مورد موجود؛ الوصول والسلوك يحتاجان تحققًا عند غياب لقطة أو اختبار
layout_drawing_brush_plus_panel,btnPlusBrushPlusSize,ImageView,زر محتمل,,,,32.0dp,32.0dp,visible,decoded/res/layout/layout_drawing_brush_plus_panel.xml,decompiled/sources/com/oneguystudio/ytyper/databinding/LayoutDrawingBrushPlusPanelBinding.java;decompiled/sources/com/oneguystudio/ytyper/ui/editor/dialog/DrawingBrushPlusPanel.java,مورد موجود؛ الوصول والسلوك يحتاجان تحققًا عند غياب لقطة أو اختبار
layout_drawing_brush_plus_panel,tvBrushPlusSize,TextView,عنصر عرض/حاوية,40,,,,,visible,decoded/res/layout/layout_drawing_brush_plus_panel.xml,decompiled/sources/com/oneguystudio/ytyper/databinding/LayoutDrawingBrushPlusPanelBinding.java;decompiled/sources/com/oneguystudio/ytyper/ui/editor/dialog/DrawingBrushPlusPanel.java,مورد موجود؛ الوصول والسلوك يحتاجان تحققًا عند غياب لقطة أو اختبار
layout_drawing_brush_plus_panel,btnMinusBrushPlusOpacity,ImageView,زر محتمل,,,,32.0dp,32.0dp,visible,decoded/res/layout/layout_drawing_brush_plus_panel.xml,decompiled/sources/com/oneguystudio/ytyper/databinding/LayoutDrawingBrushPlusPanelBinding.java;decompiled/sources/com/oneguystudio/ytyper/ui/editor/dialog/DrawingBrushPlusPanel.java,مورد موجود؛ الوصول والسلوك يحتاجان تحققًا عند غياب لقطة أو اختبار
layout_drawing_brush_plus_panel,seekBrushPlusOpacity,SeekBar,إدخال/اختيار,,,,,,visible,decoded/res/layout/layout_drawing_brush_plus_panel.xml,decompiled/sources/com/oneguystudio/ytyper/databinding/LayoutDrawingBrushPlusPanelBinding.java;decompiled/sources/com/oneguystudio/ytyper/ui/editor/dialog/DrawingBrushPlusPanel.java,مورد موجود؛ الوصول والسلوك يحتاجان تحققًا عند غياب لقطة أو اختبار
layout_drawing_brush_plus_panel,btnPlusBrushPlusOpacity,ImageView,زر محتمل,,,,32.0dp,32.0dp,visible,decoded/res/layout/layout_drawing_brush_plus_panel.xml,decompiled/sources/com/oneguystudio/ytyper/databinding/LayoutDrawingBrushPlusPanelBinding.java;decompiled/sources/com/oneguystudio/ytyper/ui/editor/dialog/DrawingBrushPlusPanel.java,مورد موجود؛ الوصول والسلوك يحتاجان تحققًا عند غياب لقطة أو اختبار
layout_drawing_brush_plus_panel,tvBrushPlusOpacity,TextView,عنصر عرض/حاوية,100%,,,,,visible,decoded/res/layout/layout_drawing_brush_plus_panel.xml,decompiled/sources/com/oneguystudio/ytyper/databinding/LayoutDrawingBrushPlusPanelBinding.java;decompiled/sources/com/oneguystudio/ytyper/ui/editor/dialog/DrawingBrushPlusPanel.java,مورد موجود؛ الوصول والسلوك يحتاجان تحققًا عند غياب لقطة أو اختبار
layout_drawing_color_panel,btnDrawingEyedropper,ImageView,زر محتمل,,,,45.0dp,45.0dp,visible,decoded/res/layout/layout_drawing_color_panel.xml,decompiled/sources/com/oneguystudio/ytyper/databinding/LayoutDrawingColorPanelBinding.java;decompiled/sources/com/oneguystudio/ytyper/ui/editor/dialog/DrawingColorPanel.java,مورد موجود؛ الوصول والسلوك يحتاجان تحققًا عند غياب لقطة أو اختبار
layout_drawing_color_panel,btnDrawingOpenPalette,ImageView,زر محتمل,,,,45.0dp,45.0dp,visible,decoded/res/layout/layout_drawing_color_panel.xml,decompiled/sources/com/oneguystudio/ytyper/databinding/LayoutDrawingColorPanelBinding.java;decompiled/sources/com/oneguystudio/ytyper/ui/editor/dialog/DrawingColorPanel.java,مورد موجود؛ الوصول والسلوك يحتاجان تحققًا عند غياب لقطة أو اختبار
layout_drawing_color_panel,recyclerDrawingRecentColors,RecyclerView,عنصر عرض/حاوية,,,,match_parent,match_parent,visible,decoded/res/layout/layout_drawing_color_panel.xml,decompiled/sources/com/oneguystudio/ytyper/databinding/LayoutDrawingColorPanelBinding.java;decompiled/sources/com/oneguystudio/ytyper/ui/editor/dialog/DrawingColorPanel.java,مورد موجود؛ الوصول والسلوك يحتاجان تحققًا عند غياب لقطة أو اختبار
layout_drawing_eraser_panel,btnMinusDrawingEraserSize,ImageView,زر محتمل,,,,32.0dp,32.0dp,visible,decoded/res/layout/layout_drawing_eraser_panel.xml,decompiled/sources/com/oneguystudio/ytyper/databinding/LayoutDrawingEraserPanelBinding.java;decompiled/sources/com/oneguystudio/ytyper/ui/editor/dialog/DrawingEraserPanel.java,مورد موجود؛ الوصول والسلوك يحتاجان تحققًا عند غياب لقطة أو اختبار
layout_drawing_eraser_panel,seekDrawingEraserSize,SeekBar,إدخال/اختيار,,,,0.0dp,,visible,decoded/res/layout/layout_drawing_eraser_panel.xml,decompiled/sources/com/oneguystudio/ytyper/databinding/LayoutDrawingEraserPanelBinding.java;decompiled/sources/com/oneguystudio/ytyper/ui/editor/dialog/DrawingEraserPanel.java,مورد موجود؛ الوصول والسلوك يحتاجان تحققًا عند غياب لقطة أو اختبار
layout_drawing_eraser_panel,btnPlusDrawingEraserSize,ImageView,زر محتمل,,,,32.0dp,32.0dp,visible,decoded/res/layout/layout_drawing_eraser_panel.xml,decompiled/sources/com/oneguystudio/ytyper/databinding/LayoutDrawingEraserPanelBinding.java;decompiled/sources/com/oneguystudio/ytyper/ui/editor/dialog/DrawingEraserPanel.java,مورد موجود؛ الوصول والسلوك يحتاجان تحققًا عند غياب لقطة أو اختبار
layout_drawing_eraser_panel,tvDrawingEraserSize,TextView,عنصر عرض/حاوية,15,,,,,visible,decoded/res/layout/layout_drawing_eraser_panel.xml,decompiled/sources/com/oneguystudio/ytyper/databinding/LayoutDrawingEraserPanelBinding.java;decompiled/sources/com/oneguystudio/ytyper/ui/editor/dialog/DrawingEraserPanel.java,مورد موجود؛ الوصول والسلوك يحتاجان تحققًا عند غياب لقطة أو اختبار
layout_drawing_eraser_panel,btnDrawingClearCanvas,ImageView,زر محتمل,,,مسح اللوحة,36.0dp,36.0dp,visible,decoded/res/layout/layout_drawing_eraser_panel.xml,decompiled/sources/com/oneguystudio/ytyper/databinding/LayoutDrawingEraserPanelBinding.java;decompiled/sources/com/oneguystudio/ytyper/ui/editor/dialog/DrawingEraserPanel.java,مورد موجود؛ الوصول والسلوك يحتاجان تحققًا عند غياب لقطة أو اختبار
layout_drawing_shapes_panel,groupDrawingShapes,RadioGroup,إدخال/اختيار,,,,wrap_content,wrap_content,visible,decoded/res/layout/layout_drawing_shapes_panel.xml,decompiled/sources/com/oneguystudio/ytyper/databinding/LayoutDrawingShapesPanelBinding.java;decompiled/sources/com/oneguystudio/ytyper/ui/editor/dialog/DrawingShapesPanel.java,مورد موجود؛ الوصول والسلوك يحتاجان تحققًا عند غياب لقطة أو اختبار
layout_drawing_shapes_panel,rbShapeFree,RadioButton,زر محتمل,فرشاة حرة,,,,,visible,decoded/res/layout/layout_drawing_shapes_panel.xml,decompiled/sources/com/oneguystudio/ytyper/databinding/LayoutDrawingShapesPanelBinding.java;decompiled/sources/com/oneguystudio/ytyper/ui/editor/dialog/DrawingShapesPanel.java,مورد موجود؛ الوصول والسلوك يحتاجان تحققًا عند غياب لقطة أو اختبار
layout_drawing_shapes_panel,rbShapeRect,RadioButton,زر محتمل,مستطيل,,,,,visible,decoded/res/layout/layout_drawing_shapes_panel.xml,decompiled/sources/com/oneguystudio/ytyper/databinding/LayoutDrawingShapesPanelBinding.java;decompiled/sources/com/oneguystudio/ytyper/ui/editor/dialog/DrawingShapesPanel.java,مورد موجود؛ الوصول والسلوك يحتاجان تحققًا عند غياب لقطة أو اختبار
layout_drawing_shapes_panel,rbShapeCircle,RadioButton,زر محتمل,دائرة,,,,,visible,decoded/res/layout/layout_drawing_shapes_panel.xml,decompiled/sources/com/oneguystudio/ytyper/databinding/LayoutDrawingShapesPanelBinding.java;decompiled/sources/com/oneguystudio/ytyper/ui/editor/dialog/DrawingShapesPanel.java,مورد موجود؛ الوصول والسلوك يحتاجان تحققًا عند غياب لقطة أو اختبار
layout_drawing_shapes_panel,rbShapeLine,RadioButton,زر محتمل,خط مستقيم,,,,,visible,decoded/res/layout/layout_drawing_shapes_panel.xml,decompiled/sources/com/oneguystudio/ytyper/databinding/LayoutDrawingShapesPanelBinding.java;decompiled/sources/com/oneguystudio/ytyper/ui/editor/dialog/DrawingShapesPanel.java,مورد موجود؛ الوصول والسلوك يحتاجان تحققًا عند غياب لقطة أو اختبار
layout_drawing_shapes_panel,btnToggleShapeFill,ToggleButton,زر محتمل,,,,wrap_content,wrap_content,visible,decoded/res/layout/layout_drawing_shapes_panel.xml,decompiled/sources/com/oneguystudio/ytyper/databinding/LayoutDrawingShapesPanelBinding.java;decompiled/sources/com/oneguystudio/ytyper/ui/editor/dialog/DrawingShapesPanel.java,مورد موجود؛ الوصول والسلوك يحتاجان تحققًا عند غياب لقطة أو اختبار
layout_drawing_smudge_panel,tvSmudgeTitle,TextView,عنصر عرض/حاوية,إعدادات المزج,,,match_parent,wrap_content,visible,decoded/res/layout/layout_drawing_smudge_panel.xml,decompiled/sources/com/oneguystudio/ytyper/databinding/LayoutDrawingSmudgePanelBinding.java;decompiled/sources/com/oneguystudio/ytyper/ui/editor/dialog/DrawingSmudgePanel.java,مورد موجود؛ الوصول والسلوك يحتاجان تحققًا عند غياب لقطة أو اختبار
layout_drawing_smudge_panel,tvSmudgeSizeLabel,TextView,عنصر عرض/حاوية,الحجم,,,,,visible,decoded/res/layout/layout_drawing_smudge_panel.xml,decompiled/sources/com/oneguystudio/ytyper/databinding/LayoutDrawingSmudgePanelBinding.java;decompiled/sources/com/oneguystudio/ytyper/ui/editor/dialog/DrawingSmudgePanel.java,مورد موجود؛ الوصول والسلوك يحتاجان تحققًا عند غياب لقطة أو اختبار
layout_drawing_smudge_panel,btnMinusSmudgeSize,ImageView,زر محتمل,,,,32.0dp,32.0dp,visible,decoded/res/layout/layout_drawing_smudge_panel.xml,decompiled/sources/com/oneguystudio/ytyper/databinding/LayoutDrawingSmudgePanelBinding.java;decompiled/sources/com/oneguystudio/ytyper/ui/editor/dialog/DrawingSmudgePanel.java,مورد موجود؛ الوصول والسلوك يحتاجان تحققًا عند غياب لقطة أو اختبار
layout_drawing_smudge_panel,seekSmudgeSize,SeekBar,إدخال/اختيار,,,,,,visible,decoded/res/layout/layout_drawing_smudge_panel.xml,decompiled/sources/com/oneguystudio/ytyper/databinding/LayoutDrawingSmudgePanelBinding.java;decompiled/sources/com/oneguystudio/ytyper/ui/editor/dialog/DrawingSmudgePanel.java,مورد موجود؛ الوصول والسلوك يحتاجان تحققًا عند غياب لقطة أو اختبار
layout_drawing_smudge_panel,btnPlusSmudgeSize,ImageView,زر محتمل,,,,32.0dp,32.0dp,visible,decoded/res/layout/layout_drawing_smudge_panel.xml,decompiled/sources/com/oneguystudio/ytyper/databinding/LayoutDrawingSmudgePanelBinding.java;decompiled/sources/com/oneguystudio/ytyper/ui/editor/dialog/DrawingSmudgePanel.java,مورد موجود؛ الوصول والسلوك يحتاجان تحققًا عند غياب لقطة أو اختبار
layout_drawing_smudge_panel,tvSmudgeSize,TextView,عنصر عرض/حاوية,30,,,,,visible,decoded/res/layout/layout_drawing_smudge_panel.xml,decompiled/sources/com/oneguystudio/ytyper/databinding/LayoutDrawingSmudgePanelBinding.java;decompiled/sources/com/oneguystudio/ytyper/ui/editor/dialog/DrawingSmudgePanel.java,مورد موجود؛ الوصول والسلوك يحتاجان تحققًا عند غياب لقطة أو اختبار
layout_drawing_smudge_panel,tvSmudgeStrengthLabel,TextView,عنصر عرض/حاوية,القوة,,,,,visible,decoded/res/layout/layout_drawing_smudge_panel.xml,decompiled/sources/com/oneguystudio/ytyper/databinding/LayoutDrawingSmudgePanelBinding.java;decompiled/sources/com/oneguystudio/ytyper/ui/editor/dialog/DrawingSmudgePanel.java,مورد موجود؛ الوصول والسلوك يحتاجان تحققًا عند غياب لقطة أو اختبار
layout_drawing_smudge_panel,btnMinusSmudgeStrength,ImageView,زر محتمل,,,,32.0dp,32.0dp,visible,decoded/res/layout/layout_drawing_smudge_panel.xml,decompiled/sources/com/oneguystudio/ytyper/databinding/LayoutDrawingSmudgePanelBinding.java;decompiled/sources/com/oneguystudio/ytyper/ui/editor/dialog/DrawingSmudgePanel.java,مورد موجود؛ الوصول والسلوك يحتاجان تحققًا عند غياب لقطة أو اختبار
layout_drawing_smudge_panel,seekSmudgeStrength,SeekBar,إدخال/اختيار,,,,,,visible,decoded/res/layout/layout_drawing_smudge_panel.xml,decompiled/sources/com/oneguystudio/ytyper/databinding/LayoutDrawingSmudgePanelBinding.java;decompiled/sources/com/oneguystudio/ytyper/ui/editor/dialog/DrawingSmudgePanel.java,مورد موجود؛ الوصول والسلوك يحتاجان تحققًا عند غياب لقطة أو اختبار
layout_drawing_smudge_panel,btnPlusSmudgeStrength,ImageView,زر محتمل,,,,32.0dp,32.0dp,visible,decoded/res/layout/layout_drawing_smudge_panel.xml,decompiled/sources/com/oneguystudio/ytyper/databinding/LayoutDrawingSmudgePanelBinding.java;decompiled/sources/com/oneguystudio/ytyper/ui/editor/dialog/DrawingSmudgePanel.java,مورد موجود؛ الوصول والسلوك يحتاجان تحققًا عند غياب لقطة أو اختبار
layout_drawing_smudge_panel,tvSmudgeStrength,TextView,عنصر عرض/حاوية,50%,,,,,visible,decoded/res/layout/layout_drawing_smudge_panel.xml,decompiled/sources/com/oneguystudio/ytyper/databinding/LayoutDrawingSmudgePanelBinding.java;decompiled/sources/com/oneguystudio/ytyper/ui/editor/dialog/DrawingSmudgePanel.java,مورد موجود؛ الوصول والسلوك يحتاجان تحققًا عند غياب لقطة أو اختبار
layout_effects_panel,btnResetEffect,TextView,زر محتمل,إعادة ضبط,,,wrap_content,wrap_content,visible,decoded/res/layout/layout_effects_panel.xml,decompiled/sources/com/oneguystudio/ytyper/databinding/LayoutEffectsPanelBinding.java;decompiled/sources/com/oneguystudio/ytyper/databinding/LayoutImageEffectsPanelBinding.java,مورد موجود؛ الوصول والسلوك يحتاجان تحققًا عند غياب لقطة أو اختبار
layout_effects_panel,groupEffects,RadioGroup,إدخال/اختيار,,,,wrap_content,wrap_content,visible,decoded/res/layout/layout_effects_panel.xml,decompiled/sources/com/oneguystudio/ytyper/databinding/LayoutEffectsPanelBinding.java,مورد موجود؛ الوصول والسلوك يحتاجان تحققًا عند غياب لقطة أو اختبار
layout_effects_panel,rbNone,RadioButton,زر محتمل,بلا,,,,,visible,decoded/res/layout/layout_effects_panel.xml,decompiled/sources/com/oneguystudio/ytyper/databinding/LayoutEffectsPanelBinding.java,مورد موجود؛ الوصول والسلوك يحتاجان تحققًا عند غياب لقطة أو اختبار
layout_effects_panel,rbBlur,RadioButton,زر محتمل,ضبابية,,,,,visible,decoded/res/layout/layout_effects_panel.xml,decompiled/sources/com/oneguystudio/ytyper/databinding/LayoutEffectsPanelBinding.java;decompiled/sources/com/oneguystudio/ytyper/databinding/LayoutMagicBrushPanelBinding.java,مورد موجود؛ الوصول والسلوك يحتاجان تحققًا عند غياب لقطة أو اختبار
layout_effects_panel,rbError,RadioButton,زر محتمل,ERROR,,,,,visible,decoded/res/layout/layout_effects_panel.xml,decompiled/sources/com/oneguystudio/ytyper/databinding/LayoutEffectsPanelBinding.java,مورد موجود؛ الوصول والسلوك يحتاجان تحققًا عند غياب لقطة أو اختبار
layout_effects_panel,rbGlitch,RadioButton,زر محتمل,تشويش,,,,,visible,decoded/res/layout/layout_effects_panel.xml,decompiled/sources/com/oneguystudio/ytyper/databinding/LayoutEffectsPanelBinding.java;decompiled/sources/com/oneguystudio/ytyper/databinding/LayoutMagicBrushPanelBinding.java,مورد موجود؛ الوصول والسلوك يحتاجان تحققًا عند غياب لقطة أو اختبار
layout_effects_panel,rbNeon,RadioButton,زر محتمل,نيون,,,,,visible,decoded/res/layout/layout_effects_panel.xml,decompiled/sources/com/oneguystudio/ytyper/databinding/LayoutEffectsPanelBinding.java,مورد موجود؛ الوصول والسلوك يحتاجان تحققًا عند غياب لقطة أو اختبار
layout_effects_panel,rbSlice,RadioButton,زر محتمل,تقطيع,,,,,visible,decoded/res/layout/layout_effects_panel.xml,decompiled/sources/com/oneguystudio/ytyper/databinding/LayoutEffectsPanelBinding.java,مورد موجود؛ الوصول والسلوك يحتاجان تحققًا عند غياب لقطة أو اختبار
layout_effects_panel,rbFade,RadioButton,زر محتمل,تلاشي,,,,,visible,decoded/res/layout/layout_effects_panel.xml,decompiled/sources/com/oneguystudio/ytyper/databinding/LayoutEffectsPanelBinding.java,مورد موجود؛ الوصول والسلوك يحتاجان تحققًا عند غياب لقطة أو اختبار
layout_effects_panel,rbEcho,RadioButton,زر محتمل,صدى,,,,,visible,decoded/res/layout/layout_effects_panel.xml,decompiled/sources/com/oneguystudio/ytyper/databinding/LayoutEffectsPanelBinding.java,مورد موجود؛ الوصول والسلوك يحتاجان تحققًا عند غياب لقطة أو اختبار
layout_effects_panel,rbLiquid,RadioButton,زر محتمل,تموج سائل,,,,,visible,decoded/res/layout/layout_effects_panel.xml,decompiled/sources/com/oneguystudio/ytyper/databinding/LayoutEffectsPanelBinding.java;decompiled/sources/com/oneguystudio/ytyper/databinding/LayoutMagicBrushPanelBinding.java,مورد موجود؛ الوصول والسلوك يحتاجان تحققًا عند غياب لقطة أو اختبار
layout_effects_panel,rbCrimson,RadioButton,زر محتمل,دماء فخمة,,,,,visible,decoded/res/layout/layout_effects_panel.xml,decompiled/sources/com/oneguystudio/ytyper/databinding/LayoutEffectsPanelBinding.java,مورد موجود؛ الوصول والسلوك يحتاجان تحققًا عند غياب لقطة أو اختبار
layout_effects_panel,rbAbyssal,RadioButton,زر محتمل,ابتلاع الهاوية,,,,,visible,decoded/res/layout/layout_effects_panel.xml,decompiled/sources/com/oneguystudio/ytyper/databinding/LayoutEffectsPanelBinding.java,مورد موجود؛ الوصول والسلوك يحتاجان تحققًا عند غياب لقطة أو اختبار
layout_effects_panel,rbPanic,RadioButton,زر محتمل,ارتجاف الهلع,,,,,gone,decoded/res/layout/layout_effects_panel.xml,decompiled/sources/com/oneguystudio/ytyper/databinding/LayoutEffectsPanelBinding.java,مورد موجود؛ الوصول والسلوك يحتاجان تحققًا عند غياب لقطة أو اختبار
layout_effects_panel,scrollBlurTypes,HorizontalScrollView,عنصر عرض/حاوية,,,,match_parent,wrap_content,gone,decoded/res/layout/layout_effects_panel.xml,decompiled/sources/com/oneguystudio/ytyper/databinding/LayoutEffectsPanelBinding.java,مورد موجود؛ الوصول والسلوك يحتاجان تحققًا عند غياب لقطة أو اختبار
layout_effects_panel,layoutBlurTypes,LinearLayout,عنصر عرض/حاوية,,,,wrap_content,wrap_content,visible,decoded/res/layout/layout_effects_panel.xml,decompiled/sources/com/oneguystudio/ytyper/databinding/LayoutEffectsPanelBinding.java,مورد موجود؛ الوصول والسلوك يحتاجان تحققًا عند غياب لقطة أو اختبار
layout_effects_panel,layoutEffectControls,LinearLayout,عنصر عرض/حاوية,,,,match_parent,wrap_content,visible,decoded/res/layout/layout_effects_panel.xml,decompiled/sources/com/oneguystudio/ytyper/databinding/LayoutEffectsPanelBinding.java,مورد موجود؛ الوصول والسلوك يحتاجان تحققًا عند غياب لقطة أو اختبار
layout_effects_panel,rowValue,LinearLayout,عنصر عرض/حاوية,,,,,,visible,decoded/res/layout/layout_effects_panel.xml,decompiled/sources/com/oneguystudio/ytyper/databinding/LayoutEffectsPanelBinding.java;decompiled/sources/com/oneguystudio/ytyper/databinding/LayoutWarpPanelBinding.java,مورد موجود؛ الوصول والسلوك يحتاجان تحققًا عند غياب لقطة أو اختبار
layout_effects_panel,labelValue,TextView,عنصر عرض/حاوية,القيمة,,,70.0dp,,visible,decoded/res/layout/layout_effects_panel.xml,decompiled/sources/com/oneguystudio/ytyper/databinding/LayoutEffectsPanelBinding.java;decompiled/sources/com/oneguystudio/ytyper/databinding/LayoutWarpPanelBinding.java,مورد موجود؛ الوصول والسلوك يحتاجان تحققًا عند غياب لقطة أو اختبار
layout_effects_panel,btnMinusEffectValue,ImageView,زر محتمل,,,,32.0dp,32.0dp,visible,decoded/res/layout/layout_effects_panel.xml,decompiled/sources/com/oneguystudio/ytyper/databinding/LayoutEffectsPanelBinding.java;decompiled/sources/com/oneguystudio/ytyper/ui/editor/dialog/EffectsEditorPanel.java,مورد موجود؛ الوصول والسلوك يحتاجان تحققًا عند غياب لقطة أو اختبار
layout_effects_panel,seekEffectValue,SeekBar,إدخال/اختيار,,,,0.0dp,,visible,decoded/res/layout/layout_effects_panel.xml,decompiled/sources/com/oneguystudio/ytyper/databinding/LayoutEffectsPanelBinding.java,مورد موجود؛ الوصول والسلوك يحتاجان تحققًا عند غياب لقطة أو اختبار
layout_effects_panel,btnPlusEffectValue,ImageView,زر محتمل,,,,32.0dp,32.0dp,visible,decoded/res/layout/layout_effects_panel.xml,decompiled/sources/com/oneguystudio/ytyper/databinding/LayoutEffectsPanelBinding.java;decompiled/sources/com/oneguystudio/ytyper/ui/editor/dialog/EffectsEditorPanel.java,مورد موجود؛ الوصول والسلوك يحتاجان تحققًا عند غياب لقطة أو اختبار
layout_effects_panel,tvEffectValue,TextView,عنصر عرض/حاوية,0,,,40.0dp,,visible,decoded/res/layout/layout_effects_panel.xml,decompiled/sources/com/oneguystudio/ytyper/databinding/LayoutEffectsPanelBinding.java,مورد موجود؛ الوصول والسلوك يحتاجان تحققًا عند غياب لقطة أو اختبار
layout_effects_panel,rowAngle,LinearLayout,عنصر عرض/حاوية,,,,,,visible,decoded/res/layout/layout_effects_panel.xml,decompiled/sources/com/oneguystudio/ytyper/databinding/LayoutEffectsPanelBinding.java,مورد موجود؛ الوصول والسلوك يحتاجان تحققًا عند غياب لقطة أو اختبار
layout_effects_panel,labelAngle,TextView,عنصر عرض/حاوية,الزاوية,,,70.0dp,,visible,decoded/res/layout/layout_effects_panel.xml,decompiled/sources/com/oneguystudio/ytyper/databinding/LayoutEffectsPanelBinding.java,مورد موجود؛ الوصول والسلوك يحتاجان تحققًا عند غياب لقطة أو اختبار
layout_effects_panel,btnMinusEffectAngle,ImageView,زر محتمل,,,,32.0dp,32.0dp,visible,decoded/res/layout/layout_effects_panel.xml,decompiled/sources/com/oneguystudio/ytyper/databinding/LayoutEffectsPanelBinding.java;decompiled/sources/com/oneguystudio/ytyper/ui/editor/dialog/EffectsEditorPanel.java,مورد موجود؛ الوصول والسلوك يحتاجان تحققًا عند غياب لقطة أو اختبار
layout_effects_panel,seekEffectAngle,SeekBar,إدخال/اختيار,,,,0.0dp,,visible,decoded/res/layout/layout_effects_panel.xml,decompiled/sources/com/oneguystudio/ytyper/databinding/LayoutEffectsPanelBinding.java,مورد موجود؛ الوصول والسلوك يحتاجان تحققًا عند غياب لقطة أو اختبار
layout_effects_panel,btnPlusEffectAngle,ImageView,زر محتمل,,,,32.0dp,32.0dp,visible,decoded/res/layout/layout_effects_panel.xml,decompiled/sources/com/oneguystudio/ytyper/databinding/LayoutEffectsPanelBinding.java;decompiled/sources/com/oneguystudio/ytyper/ui/editor/dialog/EffectsEditorPanel.java,مورد موجود؛ الوصول والسلوك يحتاجان تحققًا عند غياب لقطة أو اختبار
layout_effects_panel,tvEffectAngle,TextView,عنصر عرض/حاوية,0,,,40.0dp,,visible,decoded/res/layout/layout_effects_panel.xml,decompiled/sources/com/oneguystudio/ytyper/databinding/LayoutEffectsPanelBinding.java,مورد موجود؛ الوصول والسلوك يحتاجان تحققًا عند غياب لقطة أو اختبار
layout_effects_panel,rowDetail,LinearLayout,عنصر عرض/حاوية,,,,,,visible,decoded/res/layout/layout_effects_panel.xml,decompiled/sources/com/oneguystudio/ytyper/databinding/LayoutEffectsPanelBinding.java,مورد موجود؛ الوصول والسلوك يحتاجان تحققًا عند غياب لقطة أو اختبار
layout_effects_panel,labelDetail,TextView,عنصر عرض/حاوية,التفاصيل,,,70.0dp,,visible,decoded/res/layout/layout_effects_panel.xml,decompiled/sources/com/oneguystudio/ytyper/databinding/LayoutEffectsPanelBinding.java,مورد موجود؛ الوصول والسلوك يحتاجان تحققًا عند غياب لقطة أو اختبار
layout_effects_panel,btnMinusEffectDetail,ImageView,زر محتمل,,,,32.0dp,32.0dp,visible,decoded/res/layout/layout_effects_panel.xml,decompiled/sources/com/oneguystudio/ytyper/databinding/LayoutEffectsPanelBinding.java;decompiled/sources/com/oneguystudio/ytyper/ui/editor/dialog/EffectsEditorPanel.java,مورد موجود؛ الوصول والسلوك يحتاجان تحققًا عند غياب لقطة أو اختبار
layout_effects_panel,seekEffectDetail,SeekBar,إدخال/اختيار,,,,0.0dp,,visible,decoded/res/layout/layout_effects_panel.xml,decompiled/sources/com/oneguystudio/ytyper/databinding/LayoutEffectsPanelBinding.java,مورد موجود؛ الوصول والسلوك يحتاجان تحققًا عند غياب لقطة أو اختبار
layout_effects_panel,btnPlusEffectDetail,ImageView,زر محتمل,,,,32.0dp,32.0dp,visible,decoded/res/layout/layout_effects_panel.xml,decompiled/sources/com/oneguystudio/ytyper/databinding/LayoutEffectsPanelBinding.java;decompiled/sources/com/oneguystudio/ytyper/ui/editor/dialog/EffectsEditorPanel.java,مورد موجود؛ الوصول والسلوك يحتاجان تحققًا عند غياب لقطة أو اختبار
layout_effects_panel,tvEffectDetail,TextView,عنصر عرض/حاوية,0,,,40.0dp,,visible,decoded/res/layout/layout_effects_panel.xml,decompiled/sources/com/oneguystudio/ytyper/databinding/LayoutEffectsPanelBinding.java,مورد موجود؛ الوصول والسلوك يحتاجان تحققًا عند غياب لقطة أو اختبار
layout_effects_panel,rowColor,LinearLayout,عنصر عرض/حاوية,,,,match_parent,wrap_content,gone,decoded/res/layout/layout_effects_panel.xml,decompiled/sources/com/oneguystudio/ytyper/databinding/LayoutEffectsPanelBinding.java,مورد موجود؛ الوصول والسلوك يحتاجان تحققًا عند غياب لقطة أو اختبار
layout_effects_panel,btnEffectEyedropper,ImageView,زر محتمل,,,,40.0dp,40.0dp,visible,decoded/res/layout/layout_effects_panel.xml,decompiled/sources/com/oneguystudio/ytyper/databinding/LayoutEffectsPanelBinding.java,مورد موجود؛ الوصول والسلوك يحتاجان تحققًا عند غياب لقطة أو اختبار
layout_effects_panel,btnEffectPalette,ImageView,زر محتمل,,,,40.0dp,40.0dp,visible,decoded/res/layout/layout_effects_panel.xml,decompiled/sources/com/oneguystudio/ytyper/databinding/LayoutEffectsPanelBinding.java,مورد موجود؛ الوصول والسلوك يحتاجان تحققًا عند غياب لقطة أو اختبار
layout_effects_panel,recyclerEffectColors,RecyclerView,عنصر عرض/حاوية,,,,0.0dp,40.0dp,visible,decoded/res/layout/layout_effects_panel.xml,decompiled/sources/com/oneguystudio/ytyper/databinding/LayoutEffectsPanelBinding.java,مورد موجود؛ الوصول والسلوك يحتاجان تحققًا عند غياب لقطة أو اختبار
layout_eraser_panel,btnClearMask,TextView,زر محتمل,إلغاء المسح,,,wrap_content,wrap_content,visible,decoded/res/layout/layout_eraser_panel.xml,decompiled/sources/com/oneguystudio/ytyper/databinding/LayoutEraserPanelBinding.java;decompiled/sources/com/oneguystudio/ytyper/ui/editor/dialog/EraserEditorPanel.java,مورد موجود؛ الوصول والسلوك يحتاجان تحققًا عند غياب لقطة أو اختبار
layout_eraser_panel,cbShowMask,CheckBox,إدخال/اختيار,إظهار الماسك,,,wrap_content,wrap_content,visible,decoded/res/layout/layout_eraser_panel.xml,decompiled/sources/com/oneguystudio/ytyper/databinding/LayoutEraserPanelBinding.java;decompiled/sources/com/oneguystudio/ytyper/ui/editor/dialog/EraserEditorPanel.java,مورد موجود؛ الوصول والسلوك يحتاجان تحققًا عند غياب لقطة أو اختبار
layout_eraser_panel,btnApplyMask,TextView,زر محتمل,تطبيق,,,wrap_content,wrap_content,visible,decoded/res/layout/layout_eraser_panel.xml,decompiled/sources/com/oneguystudio/ytyper/databinding/LayoutEraserPanelBinding.java;decompiled/sources/com/oneguystudio/ytyper/ui/editor/dialog/EraserEditorPanel.java,مورد موجود؛ الوصول والسلوك يحتاجان تحققًا عند غياب لقطة أو اختبار
layout_eraser_panel,groupEraserMode,RadioGroup,إدخال/اختيار,,,,match_parent,wrap_content,visible,decoded/res/layout/layout_eraser_panel.xml,decompiled/sources/com/oneguystudio/ytyper/databinding/LayoutEraserPanelBinding.java;decompiled/sources/com/oneguystudio/ytyper/ui/editor/dialog/EraserEditorPanel.java,مورد موجود؛ الوصول والسلوك يحتاجان تحققًا عند غياب لقطة أو اختبار
layout_eraser_panel,rbErase,RadioButton,زر محتمل,مسح,,,0.0dp,wrap_content,visible,decoded/res/layout/layout_eraser_panel.xml,decompiled/sources/com/oneguystudio/ytyper/databinding/LayoutEraserPanelBinding.java;decompiled/sources/com/oneguystudio/ytyper/ui/editor/dialog/EraserEditorPanel.java,مورد موجود؛ الوصول والسلوك يحتاجان تحققًا عند غياب لقطة أو اختبار
layout_eraser_panel,rbRestore,RadioButton,زر محتمل,استرجاع,,,0.0dp,wrap_content,visible,decoded/res/layout/layout_eraser_panel.xml,decompiled/sources/com/oneguystudio/ytyper/databinding/LayoutEraserPanelBinding.java;decompiled/sources/com/oneguystudio/ytyper/ui/editor/dialog/EraserEditorPanel.java,مورد موجود؛ الوصول والسلوك يحتاجان تحققًا عند غياب لقطة أو اختبار
layout_eraser_panel,btnMinusBrushSize,ImageView,زر محتمل,,,,32.0dp,32.0dp,visible,decoded/res/layout/layout_eraser_panel.xml,decompiled/sources/com/oneguystudio/ytyper/databinding/LayoutDrawingBrushPanelBinding.java;decompiled/sources/com/oneguystudio/ytyper/databinding/LayoutEraserPanelBinding.java;decompiled/sources/com/oneguystudio/ytyper/databinding/LayoutInpaintPanelBinding.java;decompiled/sources/com/oneguystudio/ytyper/databinding/LayoutMagicBrushPanelBinding.java;decompiled/sources/com/oneguystudio/ytyper/ui/editor/dialog/DrawingBrushPanel.java;decompiled/sources/com/oneguystudio/ytyper/ui/editor/dialog/EraserEditorPanel.java,مورد موجود؛ الوصول والسلوك يحتاجان تحققًا عند غياب لقطة أو اختبار
layout_eraser_panel,seekBrushSize,SeekBar,إدخال/اختيار,,,,0.0dp,,visible,decoded/res/layout/layout_eraser_panel.xml,decompiled/sources/com/oneguystudio/ytyper/databinding/LayoutDrawingBrushPanelBinding.java;decompiled/sources/com/oneguystudio/ytyper/databinding/LayoutEraserPanelBinding.java;decompiled/sources/com/oneguystudio/ytyper/databinding/LayoutMagicBrushPanelBinding.java;decompiled/sources/com/oneguystudio/ytyper/ui/editor/dialog/DrawingBrushPanel.java;decompiled/sources/com/oneguystudio/ytyper/ui/editor/dialog/EraserEditorPanel.java,مورد موجود؛ الوصول والسلوك يحتاجان تحققًا عند غياب لقطة أو اختبار
layout_eraser_panel,btnPlusBrushSize,ImageView,زر محتمل,,,,32.0dp,32.0dp,visible,decoded/res/layout/layout_eraser_panel.xml,decompiled/sources/com/oneguystudio/ytyper/databinding/LayoutDrawingBrushPanelBinding.java;decompiled/sources/com/oneguystudio/ytyper/databinding/LayoutEraserPanelBinding.java;decompiled/sources/com/oneguystudio/ytyper/databinding/LayoutInpaintPanelBinding.java;decompiled/sources/com/oneguystudio/ytyper/databinding/LayoutMagicBrushPanelBinding.java;decompiled/sources/com/oneguystudio/ytyper/ui/editor/dialog/DrawingBrushPanel.java;decompiled/sources/com/oneguystudio/ytyper/ui/editor/dialog/EraserEditorPanel.java,مورد موجود؛ الوصول والسلوك يحتاجان تحققًا عند غياب لقطة أو اختبار
layout_eraser_panel,tvBrushSize,TextView,عنصر عرض/حاوية,50,,,40.0dp,,visible,decoded/res/layout/layout_eraser_panel.xml,decompiled/sources/com/oneguystudio/ytyper/databinding/LayoutDrawingBrushPanelBinding.java;decompiled/sources/com/oneguystudio/ytyper/databinding/LayoutEraserPanelBinding.java;decompiled/sources/com/oneguystudio/ytyper/databinding/LayoutMagicBrushPanelBinding.java;decompiled/sources/com/oneguystudio/ytyper/ui/editor/dialog/DrawingBrushPanel.java;decompiled/sources/com/oneguystudio/ytyper/ui/editor/dialog/EraserEditorPanel.java,مورد موجود؛ الوصول والسلوك يحتاجان تحققًا عند غياب لقطة أو اختبار
layout_eraser_panel,btnMinusBrushOpacity,ImageView,زر محتمل,,,,32.0dp,32.0dp,visible,decoded/res/layout/layout_eraser_panel.xml,decompiled/sources/com/oneguystudio/ytyper/databinding/LayoutDrawingBrushPanelBinding.java;decompiled/sources/com/oneguystudio/ytyper/databinding/LayoutEraserPanelBinding.java;decompiled/sources/com/oneguystudio/ytyper/databinding/LayoutMagicBrushPanelBinding.java;decompiled/sources/com/oneguystudio/ytyper/ui/editor/dialog/DrawingBrushPanel.java;decompiled/sources/com/oneguystudio/ytyper/ui/editor/dialog/EraserEditorPanel.java,مورد موجود؛ الوصول والسلوك يحتاجان تحققًا عند غياب لقطة أو اختبار
layout_eraser_panel,seekBrushOpacity,SeekBar,إدخال/اختيار,,,,0.0dp,,visible,decoded/res/layout/layout_eraser_panel.xml,decompiled/sources/com/oneguystudio/ytyper/databinding/LayoutDrawingBrushPanelBinding.java;decompiled/sources/com/oneguystudio/ytyper/databinding/LayoutEraserPanelBinding.java;decompiled/sources/com/oneguystudio/ytyper/databinding/LayoutMagicBrushPanelBinding.java;decompiled/sources/com/oneguystudio/ytyper/ui/editor/dialog/DrawingBrushPanel.java;decompiled/sources/com/oneguystudio/ytyper/ui/editor/dialog/EraserEditorPanel.java,مورد موجود؛ الوصول والسلوك يحتاجان تحققًا عند غياب لقطة أو اختبار
layout_eraser_panel,btnPlusBrushOpacity,ImageView,زر محتمل,,,,32.0dp,32.0dp,visible,decoded/res/layout/layout_eraser_panel.xml,decompiled/sources/com/oneguystudio/ytyper/databinding/LayoutDrawingBrushPanelBinding.java;decompiled/sources/com/oneguystudio/ytyper/databinding/LayoutEraserPanelBinding.java;decompiled/sources/com/oneguystudio/ytyper/databinding/LayoutMagicBrushPanelBinding.java;decompiled/sources/com/oneguystudio/ytyper/ui/editor/dialog/DrawingBrushPanel.java;decompiled/sources/com/oneguystudio/ytyper/ui/editor/dialog/EraserEditorPanel.java,مورد موجود؛ الوصول والسلوك يحتاجان تحققًا عند غياب لقطة أو اختبار
layout_eraser_panel,tvBrushOpacity,TextView,عنصر عرض/حاوية,100%,,,40.0dp,,visible,decoded/res/layout/layout_eraser_panel.xml,decompiled/sources/com/oneguystudio/ytyper/databinding/LayoutDrawingBrushPanelBinding.java;decompiled/sources/com/oneguystudio/ytyper/databinding/LayoutEraserPanelBinding.java;decompiled/sources/com/oneguystudio/ytyper/databinding/LayoutMagicBrushPanelBinding.java;decompiled/sources/com/oneguystudio/ytyper/ui/editor/dialog/DrawingBrushPanel.java;decompiled/sources/com/oneguystudio/ytyper/ui/editor/dialog/EraserEditorPanel.java,مورد موجود؛ الوصول والسلوك يحتاجان تحققًا عند غياب لقطة أو اختبار
layout_eyedropper_overlay,eyedropperRoot,FrameLayout,زر محتمل,,,,match_parent,match_parent,visible,decoded/res/layout/layout_eyedropper_overlay.xml,,مورد موجود؛ الوصول والسلوك يحتاجان تحققًا عند غياب لقطة أو اختبار
layout_eyedropper_overlay,cardPreview,CardView,عنصر عرض/حاوية,,,,@dimen/dimen_70dp,@dimen/dimen_70dp,visible,decoded/res/layout/layout_eyedropper_overlay.xml,decompiled/sources/com/oneguystudio/ytyper/databinding/LayoutEyedropperOverlayBinding.java;decompiled/sources/com/oneguystudio/ytyper/ui/editor/TagMiniEditorActivity.java;decompiled/sources/com/oneguystudio/ytyper/ui/editor/b2.java,مورد موجود؛ الوصول والسلوك يحتاجان تحققًا عند غياب لقطة أو اختبار
layout_eyedropper_overlay,viewColorPreview,View,عنصر عرض/حاوية,,,,match_parent,match_parent,visible,decoded/res/layout/layout_eyedropper_overlay.xml,decompiled/sources/com/oneguystudio/ytyper/databinding/LayoutEyedropperOverlayBinding.java;decompiled/sources/com/oneguystudio/ytyper/ui/editor/TagMiniEditorActivity.java;decompiled/sources/com/oneguystudio/ytyper/ui/editor/b2.java,مورد موجود؛ الوصول والسلوك يحتاجان تحققًا عند غياب لقطة أو اختبار
layout_eyedropper_overlay,viewHandle,View,عنصر عرض/حاوية,,,,@dimen/chip_corner_radius,@dimen/chip_corner_radius,visible,decoded/res/layout/layout_eyedropper_overlay.xml,decompiled/sources/com/oneguystudio/ytyper/databinding/LayoutEyedropperOverlayBinding.java;decompiled/sources/com/oneguystudio/ytyper/ui/editor/TagMiniEditorActivity.java;decompiled/sources/com/oneguystudio/ytyper/ui/editor/b2.java,مورد موجود؛ الوصول والسلوك يحتاجان تحققًا عند غياب لقطة أو اختبار
layout_eyedropper_overlay,tvInstruction,TextView,عنصر عرض/حاوية,أفلت للالتقاط,,,wrap_content,wrap_content,visible,decoded/res/layout/layout_eyedropper_overlay.xml,decompiled/sources/com/oneguystudio/ytyper/databinding/LayoutEyedropperOverlayBinding.java;decompiled/sources/com/oneguystudio/ytyper/ui/editor/TagMiniEditorActivity.java;decompiled/sources/com/oneguystudio/ytyper/ui/editor/b2.java,مورد موجود؛ الوصول والسلوك يحتاجان تحققًا عند غياب لقطة أو اختبار
layout_fade_panel,btnMinusFadeRange,ImageView,زر محتمل,,,,32.0dp,32.0dp,visible,decoded/res/layout/layout_fade_panel.xml,decompiled/sources/com/oneguystudio/ytyper/databinding/LayoutFadePanelBinding.java;decompiled/sources/com/oneguystudio/ytyper/ui/editor/dialog/FadeEditorPanel.java,مورد موجود؛ الوصول والسلوك يحتاجان تحققًا عند غياب لقطة أو اختبار
layout_fade_panel,seekFadeRange,SeekBar,إدخال/اختيار,,,,,,visible,decoded/res/layout/layout_fade_panel.xml,decompiled/sources/com/oneguystudio/ytyper/databinding/LayoutFadePanelBinding.java;decompiled/sources/com/oneguystudio/ytyper/ui/editor/dialog/FadeEditorPanel.java,مورد موجود؛ الوصول والسلوك يحتاجان تحققًا عند غياب لقطة أو اختبار
layout_fade_panel,btnPlusFadeRange,ImageView,زر محتمل,,,,32.0dp,32.0dp,visible,decoded/res/layout/layout_fade_panel.xml,decompiled/sources/com/oneguystudio/ytyper/databinding/LayoutFadePanelBinding.java;decompiled/sources/com/oneguystudio/ytyper/ui/editor/dialog/FadeEditorPanel.java,مورد موجود؛ الوصول والسلوك يحتاجان تحققًا عند غياب لقطة أو اختبار
layout_fade_panel,tvFadeRange,TextView,عنصر عرض/حاوية,0,,,,,visible,decoded/res/layout/layout_fade_panel.xml,decompiled/sources/com/oneguystudio/ytyper/databinding/LayoutFadePanelBinding.java;decompiled/sources/com/oneguystudio/ytyper/ui/editor/dialog/FadeEditorPanel.java,مورد موجود؛ الوصول والسلوك يحتاجان تحققًا عند غياب لقطة أو اختبار
layout_fade_panel,btnMinusFadeAngle,ImageView,زر محتمل,,,,32.0dp,32.0dp,visible,decoded/res/layout/layout_fade_panel.xml,decompiled/sources/com/oneguystudio/ytyper/databinding/LayoutFadePanelBinding.java;decompiled/sources/com/oneguystudio/ytyper/ui/editor/dialog/FadeEditorPanel.java,مورد موجود؛ الوصول والسلوك يحتاجان تحققًا عند غياب لقطة أو اختبار
layout_fade_panel,seekFadeAngle,SeekBar,إدخال/اختيار,,,,,,visible,decoded/res/layout/layout_fade_panel.xml,decompiled/sources/com/oneguystudio/ytyper/databinding/LayoutFadePanelBinding.java;decompiled/sources/com/oneguystudio/ytyper/ui/editor/dialog/FadeEditorPanel.java,مورد موجود؛ الوصول والسلوك يحتاجان تحققًا عند غياب لقطة أو اختبار
layout_fade_panel,btnPlusFadeAngle,ImageView,زر محتمل,,,,32.0dp,32.0dp,visible,decoded/res/layout/layout_fade_panel.xml,decompiled/sources/com/oneguystudio/ytyper/databinding/LayoutFadePanelBinding.java;decompiled/sources/com/oneguystudio/ytyper/ui/editor/dialog/FadeEditorPanel.java,مورد موجود؛ الوصول والسلوك يحتاجان تحققًا عند غياب لقطة أو اختبار
layout_fade_panel,tvFadeAngle,TextView,عنصر عرض/حاوية,0,,,,,visible,decoded/res/layout/layout_fade_panel.xml,decompiled/sources/com/oneguystudio/ytyper/databinding/LayoutFadePanelBinding.java;decompiled/sources/com/oneguystudio/ytyper/ui/editor/dialog/FadeEditorPanel.java,مورد موجود؛ الوصول والسلوك يحتاجان تحققًا عند غياب لقطة أو اختبار
layout_floating_widget,expanded_container,RelativeLayout,عنصر عرض/حاوية,,,,wrap_content,wrap_content,visible,decoded/res/layout/layout_floating_widget.xml,decompiled/sources/com/oneguystudio/ytyper/databinding/LayoutFloatingWidgetBinding.java;decompiled/sources/com/oneguystudio/ytyper/ui/floatingwidget/FloatingWidgetService.java;decompiled/sources/com/oneguystudio/ytyper/ui/floatingwidget/f.java;decompiled/sources/com/oneguystudio/ytyper/ui/floatingwidget/i.java,مورد موجود؛ الوصول والسلوك يحتاجان تحققًا عند غياب لقطة أو اختبار
layout_floating_widget,control_bar,LinearLayout,عنصر عرض/حاوية,,,,@dimen/dimen_300dp,@dimen/dimen_32dp,visible,decoded/res/layout/layout_floating_widget.xml,decompiled/sources/com/oneguystudio/ytyper/databinding/LayoutFloatingWidgetBinding.java;decompiled/sources/com/oneguystudio/ytyper/ui/floatingwidget/FloatingWidgetService.java,مورد موجود؛ الوصول والسلوك يحتاجان تحققًا عند غياب لقطة أو اختبار
layout_floating_widget,tv_counter,TextView,عنصر عرض/حاوية,,,,wrap_content,wrap_content,visible,decoded/res/layout/layout_floating_widget.xml,decompiled/sources/com/oneguystudio/ytyper/databinding/LayoutFloatingWidgetBinding.java;decompiled/sources/com/oneguystudio/ytyper/ui/floatingwidget/FloatingWidgetService.java,مورد موجود؛ الوصول والسلوك يحتاجان تحققًا عند غياب لقطة أو اختبار
layout_floating_widget,btn_format_box,ImageView,زر محتمل,,,تنسيق كمربع,@dimen/dimen_24dp,@dimen/dimen_24dp,visible,decoded/res/layout/layout_floating_widget.xml,decompiled/sources/com/oneguystudio/ytyper/databinding/LayoutFloatingWidgetBinding.java;decompiled/sources/com/oneguystudio/ytyper/ui/floatingwidget/FloatingWidgetService.java;decompiled/sources/com/oneguystudio/ytyper/ui/floatingwidget/f.java,مورد موجود؛ الوصول والسلوك يحتاجان تحققًا عند غياب لقطة أو اختبار
layout_floating_widget,btn_format_circle,ImageView,زر محتمل,,,تنسيق كدائرة,@dimen/dimen_24dp,@dimen/dimen_24dp,visible,decoded/res/layout/layout_floating_widget.xml,decompiled/sources/com/oneguystudio/ytyper/databinding/LayoutFloatingWidgetBinding.java;decompiled/sources/com/oneguystudio/ytyper/ui/floatingwidget/FloatingWidgetService.java;decompiled/sources/com/oneguystudio/ytyper/ui/floatingwidget/f.java,مورد موجود؛ الوصول والسلوك يحتاجان تحققًا عند غياب لقطة أو اختبار
layout_floating_widget,btn_toggle_slider,ImageView,زر محتمل,,,التبديل,@dimen/dimen_24dp,@dimen/dimen_24dp,visible,decoded/res/layout/layout_floating_widget.xml,decompiled/sources/com/oneguystudio/ytyper/databinding/LayoutFloatingWidgetBinding.java;decompiled/sources/com/oneguystudio/ytyper/ui/floatingwidget/FloatingWidgetService.java;decompiled/sources/com/oneguystudio/ytyper/ui/floatingwidget/f.java,مورد موجود؛ الوصول والسلوك يحتاجان تحققًا عند غياب لقطة أو اختبار
layout_floating_widget,btn_info,ImageView,زر محتمل,,,معلومات الخط,@dimen/dimen_24dp,@dimen/dimen_24dp,visible,decoded/res/layout/layout_floating_widget.xml,decompiled/sources/com/oneguystudio/ytyper/databinding/LayoutFloatingWidgetBinding.java;decompiled/sources/com/oneguystudio/ytyper/ui/floatingwidget/FloatingWidgetService.java;decompiled/sources/com/oneguystudio/ytyper/ui/floatingwidget/f.java,مورد موجود؛ الوصول والسلوك يحتاجان تحققًا عند غياب لقطة أو اختبار
layout_floating_widget,btn_minimize,ImageView,زر محتمل,,,تصغير الأداة,@dimen/dimen_24dp,@dimen/dimen_24dp,visible,decoded/res/layout/layout_floating_widget.xml,decompiled/sources/com/oneguystudio/ytyper/databinding/LayoutFloatingWidgetBinding.java;decompiled/sources/com/oneguystudio/ytyper/ui/floatingwidget/FloatingWidgetService.java;decompiled/sources/com/oneguystudio/ytyper/ui/floatingwidget/f.java,مورد موجود؛ الوصول والسلوك يحتاجان تحققًا عند غياب لقطة أو اختبار
layout_floating_widget,btn_close_small,ImageView,زر محتمل,,,إغلاق الأداة,@dimen/dimen_24dp,@dimen/dimen_24dp,visible,decoded/res/layout/layout_floating_widget.xml,decompiled/sources/com/oneguystudio/ytyper/databinding/LayoutFloatingWidgetBinding.java;decompiled/sources/com/oneguystudio/ytyper/ui/floatingwidget/FloatingWidgetService.java;decompiled/sources/com/oneguystudio/ytyper/ui/floatingwidget/f.java,مورد موجود؛ الوصول والسلوك يحتاجان تحققًا عند غياب لقطة أو اختبار
layout_floating_widget,btn_prev,ImageView,زر محتمل,,,الفقاعة السابقة,@dimen/dimen_32dp,@dimen/dimen_32dp,visible,decoded/res/layout/layout_floating_widget.xml,decompiled/sources/com/oneguystudio/ytyper/databinding/LayoutFloatingWidgetBinding.java;decompiled/sources/com/oneguystudio/ytyper/ui/floatingwidget/FloatingWidgetService.java,مورد موجود؛ الوصول والسلوك يحتاجان تحققًا عند غياب لقطة أو اختبار
layout_floating_widget,content_click_area,LinearLayout,زر محتمل,,,,@dimen/dimen_0dp,wrap_content,visible,decoded/res/layout/layout_floating_widget.xml,decompiled/sources/com/oneguystudio/ytyper/databinding/LayoutFloatingWidgetBinding.java;decompiled/sources/com/oneguystudio/ytyper/ui/floatingwidget/FloatingWidgetService.java;decompiled/sources/com/oneguystudio/ytyper/ui/floatingwidget/f.java,مورد موجود؛ الوصول والسلوك يحتاجان تحققًا عند غياب لقطة أو اختبار
layout_floating_widget,floating_text,TextView,عنصر عرض/حاوية,,,,match_parent,wrap_content,visible,decoded/res/layout/layout_floating_widget.xml,decompiled/sources/com/oneguystudio/ytyper/databinding/LayoutFloatingWidgetBinding.java;decompiled/sources/com/oneguystudio/ytyper/ui/floatingwidget/FloatingWidgetService.java,مورد موجود؛ الوصول والسلوك يحتاجان تحققًا عند غياب لقطة أو اختبار
layout_floating_widget,btn_next,ImageView,زر محتمل,,,الفقاعة التالية,@dimen/dimen_32dp,@dimen/dimen_32dp,visible,decoded/res/layout/layout_floating_widget.xml,decompiled/sources/com/oneguystudio/ytyper/databinding/LayoutFloatingWidgetBinding.java;decompiled/sources/com/oneguystudio/ytyper/ui/floatingwidget/FloatingWidgetService.java,مورد موجود؛ الوصول والسلوك يحتاجان تحققًا عند غياب لقطة أو اختبار
layout_floating_widget,seekbar_nav,SeekBar,إدخال/اختيار,,,,match_parent,wrap_content,visible,decoded/res/layout/layout_floating_widget.xml,decompiled/sources/com/oneguystudio/ytyper/databinding/LayoutFloatingWidgetBinding.java;decompiled/sources/com/oneguystudio/ytyper/ui/floatingwidget/FloatingWidgetService.java,مورد موجود؛ الوصول والسلوك يحتاجان تحققًا عند غياب لقطة أو اختبار
layout_floating_widget,minimized_container,FrameLayout,عنصر عرض/حاوية,,,,@dimen/dimen_60dp,@dimen/dimen_60dp,gone,decoded/res/layout/layout_floating_widget.xml,decompiled/sources/com/oneguystudio/ytyper/databinding/LayoutFloatingWidgetBinding.java;decompiled/sources/com/oneguystudio/ytyper/ui/floatingwidget/FloatingWidgetService.java,مورد موجود؛ الوصول والسلوك يحتاجان تحققًا عند غياب لقطة أو اختبار
layout_floating_widget,minimized_bg,View,عنصر عرض/حاوية,,,,match_parent,match_parent,visible,decoded/res/layout/layout_floating_widget.xml,decompiled/sources/com/oneguystudio/ytyper/databinding/LayoutFloatingWidgetBinding.java,مورد موجود؛ الوصول والسلوك يحتاجان تحققًا عند غياب لقطة أو اختبار
layout_gradient_map_panel,rootGradientMapPanel,LinearLayout,عنصر عرض/حاوية,,,,match_parent,wrap_content,visible,decoded/res/layout/layout_gradient_map_panel.xml,,مورد موجود؛ الوصول والسلوك يحتاجان تحققًا عند غياب لقطة أو اختبار
layout_gradient_map_panel,tvGradientMapTitle,TextView,عنصر عرض/حاوية,خريطة تدرج,,,0.0dp,wrap_content,visible,decoded/res/layout/layout_gradient_map_panel.xml,decompiled/sources/com/oneguystudio/ytyper/databinding/LayoutGradientMapPanelBinding.java,مورد موجود؛ الوصول والسلوك يحتاجان تحققًا عند غياب لقطة أو اختبار
layout_gradient_map_panel,btnReverseGradient,ImageView,زر محتمل,,,Reverse Gradient,36.0dp,36.0dp,visible,decoded/res/layout/layout_gradient_map_panel.xml,decompiled/sources/com/oneguystudio/ytyper/databinding/LayoutGradientMapPanelBinding.java,مورد موجود؛ الوصول والسلوك يحتاجان تحققًا عند غياب لقطة أو اختبار
layout_gradient_map_panel,btnToggle3DDepth,ImageView,زر محتمل,,,Toggle 3D Depth,36.0dp,36.0dp,visible,decoded/res/layout/layout_gradient_map_panel.xml,decompiled/sources/com/oneguystudio/ytyper/databinding/LayoutGradientMapPanelBinding.java,مورد موجود؛ الوصول والسلوك يحتاجان تحققًا عند غياب لقطة أو اختبار
layout_gradient_map_panel,btnOpenAdvancedGradient,ImageView,زر محتمل,,,Advanced Gradient Dialog,36.0dp,36.0dp,visible,decoded/res/layout/layout_gradient_map_panel.xml,decompiled/sources/com/oneguystudio/ytyper/databinding/LayoutGradientMapPanelBinding.java,مورد موجود؛ الوصول والسلوك يحتاجان تحققًا عند غياب لقطة أو اختبار
layout_gradient_map_panel,btnOpenInteractiveGradient,ImageView,زر محتمل,,,Interactive Gradient Dialog,36.0dp,36.0dp,visible,decoded/res/layout/layout_gradient_map_panel.xml,decompiled/sources/com/oneguystudio/ytyper/databinding/LayoutGradientMapPanelBinding.java,مورد موجود؛ الوصول والسلوك يحتاجان تحققًا عند غياب لقطة أو اختبار
layout_gradient_map_panel,tabGradientTarget,TabLayout,عنصر عرض/حاوية,,,,match_parent,36.0dp,visible,decoded/res/layout/layout_gradient_map_panel.xml,decompiled/sources/com/oneguystudio/ytyper/databinding/LayoutGradientMapPanelBinding.java,مورد موجود؛ الوصول والسلوك يحتاجان تحققًا عند غياب لقطة أو اختبار
layout_gradient_map_panel,layoutCategoriesFilter,LinearLayout,عنصر عرض/حاوية,,,,wrap_content,wrap_content,visible,decoded/res/layout/layout_gradient_map_panel.xml,decompiled/sources/com/oneguystudio/ytyper/databinding/LayoutGradientMapPanelBinding.java,مورد موجود؛ الوصول والسلوك يحتاجان تحققًا عند غياب لقطة أو اختبار
layout_gradient_map_panel,recyclerGradientMaps,RecyclerView,عنصر عرض/حاوية,,,,match_parent,wrap_content,visible,decoded/res/layout/layout_gradient_map_panel.xml,decompiled/sources/com/oneguystudio/ytyper/databinding/LayoutGradientMapPanelBinding.java,مورد موجود؛ الوصول والسلوك يحتاجان تحققًا عند غياب لقطة أو اختبار
layout_gradient_map_panel,btnMinusAngle,ImageView,زر محتمل,,,,28.0dp,28.0dp,visible,decoded/res/layout/layout_gradient_map_panel.xml,decompiled/sources/com/oneguystudio/ytyper/databinding/Layout3dPanelBinding.java;decompiled/sources/com/oneguystudio/ytyper/databinding/LayoutGradientMapPanelBinding.java,مورد موجود؛ الوصول والسلوك يحتاجان تحققًا عند غياب لقطة أو اختبار
layout_gradient_map_panel,seekGradientMapAngle,SeekBar,إدخال/اختيار,,,,0.0dp,wrap_content,visible,decoded/res/layout/layout_gradient_map_panel.xml,decompiled/sources/com/oneguystudio/ytyper/databinding/LayoutGradientMapPanelBinding.java,مورد موجود؛ الوصول والسلوك يحتاجان تحققًا عند غياب لقطة أو اختبار
layout_gradient_map_panel,btnPlusAngle,ImageView,زر محتمل,,,,28.0dp,28.0dp,visible,decoded/res/layout/layout_gradient_map_panel.xml,decompiled/sources/com/oneguystudio/ytyper/databinding/Layout3dPanelBinding.java;decompiled/sources/com/oneguystudio/ytyper/databinding/LayoutGradientMapPanelBinding.java,مورد موجود؛ الوصول والسلوك يحتاجان تحققًا عند غياب لقطة أو اختبار
layout_gradient_map_panel,tvGradientMapAngle,TextView,عنصر عرض/حاوية,90°,,,42.0dp,wrap_content,visible,decoded/res/layout/layout_gradient_map_panel.xml,decompiled/sources/com/oneguystudio/ytyper/databinding/LayoutGradientMapPanelBinding.java,مورد موجود؛ الوصول والسلوك يحتاجان تحققًا عند غياب لقطة أو اختبار
layout_image_adjustments_panel,tvTitle,TextView,عنصر عرض/حاوية,تعديلات الصورة,,,0.0dp,wrap_content,visible,decoded/res/layout/layout_image_adjustments_panel.xml,decompiled/sources/com/oneguystudio/ytyper/databinding/DialogCanvasBackgroundBinding.java;decompiled/sources/com/oneguystudio/ytyper/databinding/DialogShapePickerBinding.java;decompiled/sources/com/oneguystudio/ytyper/databinding/LayoutImageAdjustmentsPanelBinding.java;decompiled/sources/com/oneguystudio/ytyper/databinding/LayoutImageEffectsPanelBinding.java;decompiled/sources/com/oneguystudio/ytyper/databinding/LayoutImageFiltersPanelBinding.java;decompiled/sources/com/oneguystudio/ytyper/databinding/LayoutMagicBrushPanelBinding.java;decompiled/sources/com/oneguystudio/ytyper/databinding/LayoutPositionPanelBinding.java;decompiled/sources/com/oneguystudio/ytyper/databinding/LayoutRulerPanelBinding.java;decompiled/sources/com/oneguystudio/ytyper/databinding/LayoutTexturePanelBinding.java;decompiled/sources/com/oneguystudio/ytyper/ui/editor/dialog/CanvasBackgroundBottomSheet.java;decompiled/sources/com/oneguystudio/ytyper/ui/editor/dialog/ShapePickerBottomSheet.java,مورد موجود؛ الوصول والسلوك يحتاجان تحققًا عند غياب لقطة أو اختبار
layout_image_adjustments_panel,btnResetAdjustments,TextView,زر محتمل,إعادة ضبط,,,wrap_content,wrap_content,visible,decoded/res/layout/layout_image_adjustments_panel.xml,decompiled/sources/com/oneguystudio/ytyper/databinding/LayoutImageAdjustmentsPanelBinding.java,مورد موجود؛ الوصول والسلوك يحتاجان تحققًا عند غياب لقطة أو اختبار
layout_image_adjustments_panel,lblBrightness,TextView,عنصر عرض/حاوية,السطوع,,,80.0dp,,visible,decoded/res/layout/layout_image_adjustments_panel.xml,decompiled/sources/com/oneguystudio/ytyper/databinding/LayoutImageAdjustmentsPanelBinding.java,مورد موجود؛ الوصول والسلوك يحتاجان تحققًا عند غياب لقطة أو اختبار
layout_image_adjustments_panel,btnMinusBrightness,ImageView,زر محتمل,,,,32.0dp,32.0dp,visible,decoded/res/layout/layout_image_adjustments_panel.xml,decompiled/sources/com/oneguystudio/ytyper/databinding/LayoutImageAdjustmentsPanelBinding.java,مورد موجود؛ الوصول والسلوك يحتاجان تحققًا عند غياب لقطة أو اختبار
layout_image_adjustments_panel,seekBrightness,SeekBar,إدخال/اختيار,,,,0.0dp,,visible,decoded/res/layout/layout_image_adjustments_panel.xml,decompiled/sources/com/oneguystudio/ytyper/databinding/LayoutImageAdjustmentsPanelBinding.java,مورد موجود؛ الوصول والسلوك يحتاجان تحققًا عند غياب لقطة أو اختبار
layout_image_adjustments_panel,btnPlusBrightness,ImageView,زر محتمل,,,,32.0dp,32.0dp,visible,decoded/res/layout/layout_image_adjustments_panel.xml,decompiled/sources/com/oneguystudio/ytyper/databinding/LayoutImageAdjustmentsPanelBinding.java,مورد موجود؛ الوصول والسلوك يحتاجان تحققًا عند غياب لقطة أو اختبار
layout_image_adjustments_panel,tvBrightness,TextView,عنصر عرض/حاوية,0,,,40.0dp,,visible,decoded/res/layout/layout_image_adjustments_panel.xml,decompiled/sources/com/oneguystudio/ytyper/databinding/LayoutImageAdjustmentsPanelBinding.java,مورد موجود؛ الوصول والسلوك يحتاجان تحققًا عند غياب لقطة أو اختبار
layout_image_adjustments_panel,lblContrast,TextView,عنصر عرض/حاوية,التباين,,,80.0dp,,visible,decoded/res/layout/layout_image_adjustments_panel.xml,decompiled/sources/com/oneguystudio/ytyper/databinding/LayoutImageAdjustmentsPanelBinding.java,مورد موجود؛ الوصول والسلوك يحتاجان تحققًا عند غياب لقطة أو اختبار
layout_image_adjustments_panel,btnMinusContrast,ImageView,زر محتمل,,,,32.0dp,32.0dp,visible,decoded/res/layout/layout_image_adjustments_panel.xml,decompiled/sources/com/oneguystudio/ytyper/databinding/LayoutImageAdjustmentsPanelBinding.java,مورد موجود؛ الوصول والسلوك يحتاجان تحققًا عند غياب لقطة أو اختبار
layout_image_adjustments_panel,seekContrast,SeekBar,إدخال/اختيار,,,,0.0dp,,visible,decoded/res/layout/layout_image_adjustments_panel.xml,decompiled/sources/com/oneguystudio/ytyper/databinding/LayoutImageAdjustmentsPanelBinding.java,مورد موجود؛ الوصول والسلوك يحتاجان تحققًا عند غياب لقطة أو اختبار
layout_image_adjustments_panel,btnPlusContrast,ImageView,زر محتمل,,,,32.0dp,32.0dp,visible,decoded/res/layout/layout_image_adjustments_panel.xml,decompiled/sources/com/oneguystudio/ytyper/databinding/LayoutImageAdjustmentsPanelBinding.java,مورد موجود؛ الوصول والسلوك يحتاجان تحققًا عند غياب لقطة أو اختبار
layout_image_adjustments_panel,tvContrast,TextView,عنصر عرض/حاوية,0,,,40.0dp,,visible,decoded/res/layout/layout_image_adjustments_panel.xml,decompiled/sources/com/oneguystudio/ytyper/databinding/LayoutImageAdjustmentsPanelBinding.java,مورد موجود؛ الوصول والسلوك يحتاجان تحققًا عند غياب لقطة أو اختبار
layout_image_adjustments_panel,lblSaturation,TextView,عنصر عرض/حاوية,التشبع,,,80.0dp,,visible,decoded/res/layout/layout_image_adjustments_panel.xml,decompiled/sources/com/oneguystudio/ytyper/databinding/LayoutImageAdjustmentsPanelBinding.java,مورد موجود؛ الوصول والسلوك يحتاجان تحققًا عند غياب لقطة أو اختبار
layout_image_adjustments_panel,btnMinusSaturation,ImageView,زر محتمل,,,,32.0dp,32.0dp,visible,decoded/res/layout/layout_image_adjustments_panel.xml,decompiled/sources/com/oneguystudio/ytyper/databinding/LayoutImageAdjustmentsPanelBinding.java,مورد موجود؛ الوصول والسلوك يحتاجان تحققًا عند غياب لقطة أو اختبار
layout_image_adjustments_panel,seekSaturation,SeekBar,إدخال/اختيار,,,,0.0dp,,visible,decoded/res/layout/layout_image_adjustments_panel.xml,decompiled/sources/com/oneguystudio/ytyper/databinding/LayoutImageAdjustmentsPanelBinding.java,مورد موجود؛ الوصول والسلوك يحتاجان تحققًا عند غياب لقطة أو اختبار
layout_image_adjustments_panel,btnPlusSaturation,ImageView,زر محتمل,,,,32.0dp,32.0dp,visible,decoded/res/layout/layout_image_adjustments_panel.xml,decompiled/sources/com/oneguystudio/ytyper/databinding/LayoutImageAdjustmentsPanelBinding.java,مورد موجود؛ الوصول والسلوك يحتاجان تحققًا عند غياب لقطة أو اختبار
layout_image_adjustments_panel,tvSaturation,TextView,عنصر عرض/حاوية,0,,,40.0dp,,visible,decoded/res/layout/layout_image_adjustments_panel.xml,decompiled/sources/com/oneguystudio/ytyper/databinding/LayoutImageAdjustmentsPanelBinding.java,مورد موجود؛ الوصول والسلوك يحتاجان تحققًا عند غياب لقطة أو اختبار
layout_image_adjustments_panel,lblExposure,TextView,عنصر عرض/حاوية,التعريض,,,80.0dp,,visible,decoded/res/layout/layout_image_adjustments_panel.xml,decompiled/sources/com/oneguystudio/ytyper/databinding/LayoutImageAdjustmentsPanelBinding.java,مورد موجود؛ الوصول والسلوك يحتاجان تحققًا عند غياب لقطة أو اختبار
layout_image_adjustments_panel,btnMinusExposure,ImageView,زر محتمل,,,,32.0dp,32.0dp,visible,decoded/res/layout/layout_image_adjustments_panel.xml,decompiled/sources/com/oneguystudio/ytyper/databinding/LayoutImageAdjustmentsPanelBinding.java,مورد موجود؛ الوصول والسلوك يحتاجان تحققًا عند غياب لقطة أو اختبار
layout_image_adjustments_panel,seekExposure,SeekBar,إدخال/اختيار,,,,0.0dp,,visible,decoded/res/layout/layout_image_adjustments_panel.xml,decompiled/sources/com/oneguystudio/ytyper/databinding/LayoutImageAdjustmentsPanelBinding.java,مورد موجود؛ الوصول والسلوك يحتاجان تحققًا عند غياب لقطة أو اختبار
layout_image_adjustments_panel,btnPlusExposure,ImageView,زر محتمل,,,,32.0dp,32.0dp,visible,decoded/res/layout/layout_image_adjustments_panel.xml,decompiled/sources/com/oneguystudio/ytyper/databinding/LayoutImageAdjustmentsPanelBinding.java,مورد موجود؛ الوصول والسلوك يحتاجان تحققًا عند غياب لقطة أو اختبار
layout_image_adjustments_panel,tvExposure,TextView,عنصر عرض/حاوية,0,,,40.0dp,,visible,decoded/res/layout/layout_image_adjustments_panel.xml,decompiled/sources/com/oneguystudio/ytyper/databinding/LayoutImageAdjustmentsPanelBinding.java,مورد موجود؛ الوصول والسلوك يحتاجان تحققًا عند غياب لقطة أو اختبار
layout_image_adjustments_panel,lblTemperature,TextView,عنصر عرض/حاوية,الدفء,,,80.0dp,,visible,decoded/res/layout/layout_image_adjustments_panel.xml,decompiled/sources/com/oneguystudio/ytyper/databinding/LayoutImageAdjustmentsPanelBinding.java,مورد موجود؛ الوصول والسلوك يحتاجان تحققًا عند غياب لقطة أو اختبار
layout_image_adjustments_panel,btnMinusTemperature,ImageView,زر محتمل,,,,32.0dp,32.0dp,visible,decoded/res/layout/layout_image_adjustments_panel.xml,decompiled/sources/com/oneguystudio/ytyper/databinding/LayoutImageAdjustmentsPanelBinding.java,مورد موجود؛ الوصول والسلوك يحتاجان تحققًا عند غياب لقطة أو اختبار
layout_image_adjustments_panel,seekTemperature,SeekBar,إدخال/اختيار,,,,0.0dp,,visible,decoded/res/layout/layout_image_adjustments_panel.xml,decompiled/sources/com/oneguystudio/ytyper/databinding/LayoutImageAdjustmentsPanelBinding.java,مورد موجود؛ الوصول والسلوك يحتاجان تحققًا عند غياب لقطة أو اختبار
layout_image_adjustments_panel,btnPlusTemperature,ImageView,زر محتمل,,,,32.0dp,32.0dp,visible,decoded/res/layout/layout_image_adjustments_panel.xml,decompiled/sources/com/oneguystudio/ytyper/databinding/LayoutImageAdjustmentsPanelBinding.java,مورد موجود؛ الوصول والسلوك يحتاجان تحققًا عند غياب لقطة أو اختبار
layout_image_adjustments_panel,tvTemperature,TextView,عنصر عرض/حاوية,0,,,40.0dp,,visible,decoded/res/layout/layout_image_adjustments_panel.xml,decompiled/sources/com/oneguystudio/ytyper/databinding/LayoutImageAdjustmentsPanelBinding.java,مورد موجود؛ الوصول والسلوك يحتاجان تحققًا عند غياب لقطة أو اختبار
layout_image_adjustments_panel,lblTint,TextView,عنصر عرض/حاوية,الصفاء,,,80.0dp,,visible,decoded/res/layout/layout_image_adjustments_panel.xml,decompiled/sources/com/oneguystudio/ytyper/databinding/LayoutImageAdjustmentsPanelBinding.java,مورد موجود؛ الوصول والسلوك يحتاجان تحققًا عند غياب لقطة أو اختبار
layout_image_adjustments_panel,btnMinusTint,ImageView,زر محتمل,,,,32.0dp,32.0dp,visible,decoded/res/layout/layout_image_adjustments_panel.xml,decompiled/sources/com/oneguystudio/ytyper/databinding/LayoutImageAdjustmentsPanelBinding.java,مورد موجود؛ الوصول والسلوك يحتاجان تحققًا عند غياب لقطة أو اختبار
layout_image_adjustments_panel,seekTint,SeekBar,إدخال/اختيار,,,,0.0dp,,visible,decoded/res/layout/layout_image_adjustments_panel.xml,decompiled/sources/com/oneguystudio/ytyper/databinding/LayoutImageAdjustmentsPanelBinding.java,مورد موجود؛ الوصول والسلوك يحتاجان تحققًا عند غياب لقطة أو اختبار
layout_image_adjustments_panel,btnPlusTint,ImageView,زر محتمل,,,,32.0dp,32.0dp,visible,decoded/res/layout/layout_image_adjustments_panel.xml,decompiled/sources/com/oneguystudio/ytyper/databinding/LayoutImageAdjustmentsPanelBinding.java,مورد موجود؛ الوصول والسلوك يحتاجان تحققًا عند غياب لقطة أو اختبار
layout_image_adjustments_panel,tvTint,TextView,عنصر عرض/حاوية,0,,,40.0dp,,visible,decoded/res/layout/layout_image_adjustments_panel.xml,decompiled/sources/com/oneguystudio/ytyper/databinding/LayoutImageAdjustmentsPanelBinding.java,مورد موجود؛ الوصول والسلوك يحتاجان تحققًا عند غياب لقطة أو اختبار
layout_image_adjustments_panel,lblVignette,TextView,عنصر عرض/حاوية,إظلال الحواف,,,80.0dp,,visible,decoded/res/layout/layout_image_adjustments_panel.xml,decompiled/sources/com/oneguystudio/ytyper/databinding/LayoutImageAdjustmentsPanelBinding.java,مورد موجود؛ الوصول والسلوك يحتاجان تحققًا عند غياب لقطة أو اختبار
layout_image_adjustments_panel,btnMinusVignette,ImageView,زر محتمل,,,,32.0dp,32.0dp,visible,decoded/res/layout/layout_image_adjustments_panel.xml,decompiled/sources/com/oneguystudio/ytyper/databinding/LayoutImageAdjustmentsPanelBinding.java,مورد موجود؛ الوصول والسلوك يحتاجان تحققًا عند غياب لقطة أو اختبار
layout_image_adjustments_panel,seekVignette,SeekBar,إدخال/اختيار,,,,0.0dp,,visible,decoded/res/layout/layout_image_adjustments_panel.xml,decompiled/sources/com/oneguystudio/ytyper/databinding/LayoutImageAdjustmentsPanelBinding.java,مورد موجود؛ الوصول والسلوك يحتاجان تحققًا عند غياب لقطة أو اختبار
layout_image_adjustments_panel,btnPlusVignette,ImageView,زر محتمل,,,,32.0dp,32.0dp,visible,decoded/res/layout/layout_image_adjustments_panel.xml,decompiled/sources/com/oneguystudio/ytyper/databinding/LayoutImageAdjustmentsPanelBinding.java,مورد موجود؛ الوصول والسلوك يحتاجان تحققًا عند غياب لقطة أو اختبار
layout_image_adjustments_panel,tvVignette,TextView,عنصر عرض/حاوية,0,,,40.0dp,,visible,decoded/res/layout/layout_image_adjustments_panel.xml,decompiled/sources/com/oneguystudio/ytyper/databinding/LayoutImageAdjustmentsPanelBinding.java,مورد موجود؛ الوصول والسلوك يحتاجان تحققًا عند غياب لقطة أو اختبار
layout_image_adjustments_panel,lblShadows,TextView,عنصر عرض/حاوية,الظلال,,,80.0dp,,visible,decoded/res/layout/layout_image_adjustments_panel.xml,decompiled/sources/com/oneguystudio/ytyper/databinding/LayoutImageAdjustmentsPanelBinding.java,مورد موجود؛ الوصول والسلوك يحتاجان تحققًا عند غياب لقطة أو اختبار
layout_image_adjustments_panel,btnMinusShadows,ImageView,زر محتمل,,,,32.0dp,32.0dp,visible,decoded/res/layout/layout_image_adjustments_panel.xml,decompiled/sources/com/oneguystudio/ytyper/databinding/LayoutImageAdjustmentsPanelBinding.java,مورد موجود؛ الوصول والسلوك يحتاجان تحققًا عند غياب لقطة أو اختبار
layout_image_adjustments_panel,seekShadows,SeekBar,إدخال/اختيار,,,,0.0dp,,visible,decoded/res/layout/layout_image_adjustments_panel.xml,decompiled/sources/com/oneguystudio/ytyper/databinding/LayoutImageAdjustmentsPanelBinding.java,مورد موجود؛ الوصول والسلوك يحتاجان تحققًا عند غياب لقطة أو اختبار
layout_image_adjustments_panel,btnPlusShadows,ImageView,زر محتمل,,,,32.0dp,32.0dp,visible,decoded/res/layout/layout_image_adjustments_panel.xml,decompiled/sources/com/oneguystudio/ytyper/databinding/LayoutImageAdjustmentsPanelBinding.java,مورد موجود؛ الوصول والسلوك يحتاجان تحققًا عند غياب لقطة أو اختبار
layout_image_adjustments_panel,tvShadows,TextView,عنصر عرض/حاوية,0,,,40.0dp,,visible,decoded/res/layout/layout_image_adjustments_panel.xml,decompiled/sources/com/oneguystudio/ytyper/databinding/LayoutImageAdjustmentsPanelBinding.java,مورد موجود؛ الوصول والسلوك يحتاجان تحققًا عند غياب لقطة أو اختبار
layout_image_adjustments_panel,lblHighlights,TextView,عنصر عرض/حاوية,الإضاءة,,,80.0dp,,visible,decoded/res/layout/layout_image_adjustments_panel.xml,decompiled/sources/com/oneguystudio/ytyper/databinding/LayoutImageAdjustmentsPanelBinding.java,مورد موجود؛ الوصول والسلوك يحتاجان تحققًا عند غياب لقطة أو اختبار
layout_image_adjustments_panel,btnMinusHighlights,ImageView,زر محتمل,,,,32.0dp,32.0dp,visible,decoded/res/layout/layout_image_adjustments_panel.xml,decompiled/sources/com/oneguystudio/ytyper/databinding/LayoutImageAdjustmentsPanelBinding.java,مورد موجود؛ الوصول والسلوك يحتاجان تحققًا عند غياب لقطة أو اختبار
layout_image_adjustments_panel,seekHighlights,SeekBar,إدخال/اختيار,,,,0.0dp,,visible,decoded/res/layout/layout_image_adjustments_panel.xml,decompiled/sources/com/oneguystudio/ytyper/databinding/LayoutImageAdjustmentsPanelBinding.java,مورد موجود؛ الوصول والسلوك يحتاجان تحققًا عند غياب لقطة أو اختبار
layout_image_adjustments_panel,btnPlusHighlights,ImageView,زر محتمل,,,,32.0dp,32.0dp,visible,decoded/res/layout/layout_image_adjustments_panel.xml,decompiled/sources/com/oneguystudio/ytyper/databinding/LayoutImageAdjustmentsPanelBinding.java,مورد موجود؛ الوصول والسلوك يحتاجان تحققًا عند غياب لقطة أو اختبار
layout_image_adjustments_panel,tvHighlights,TextView,عنصر عرض/حاوية,0,,,40.0dp,,visible,decoded/res/layout/layout_image_adjustments_panel.xml,decompiled/sources/com/oneguystudio/ytyper/databinding/LayoutImageAdjustmentsPanelBinding.java,مورد موجود؛ الوصول والسلوك يحتاجان تحققًا عند غياب لقطة أو اختبار
layout_image_adjustments_panel,lblHue,TextView,عنصر عرض/حاوية,درجة اللون,,,80.0dp,,visible,decoded/res/layout/layout_image_adjustments_panel.xml,decompiled/sources/com/oneguystudio/ytyper/databinding/LayoutImageAdjustmentsPanelBinding.java,مورد موجود؛ الوصول والسلوك يحتاجان تحققًا عند غياب لقطة أو اختبار
layout_image_adjustments_panel,btnMinusHue,ImageView,زر محتمل,,,,32.0dp,32.0dp,visible,decoded/res/layout/layout_image_adjustments_panel.xml,decompiled/sources/com/oneguystudio/ytyper/databinding/LayoutImageAdjustmentsPanelBinding.java,مورد موجود؛ الوصول والسلوك يحتاجان تحققًا عند غياب لقطة أو اختبار
layout_image_adjustments_panel,seekHue,SeekBar,إدخال/اختيار,,,,0.0dp,,visible,decoded/res/layout/layout_image_adjustments_panel.xml,decompiled/sources/com/oneguystudio/ytyper/databinding/LayoutImageAdjustmentsPanelBinding.java,مورد موجود؛ الوصول والسلوك يحتاجان تحققًا عند غياب لقطة أو اختبار
layout_image_adjustments_panel,btnPlusHue,ImageView,زر محتمل,,,,32.0dp,32.0dp,visible,decoded/res/layout/layout_image_adjustments_panel.xml,decompiled/sources/com/oneguystudio/ytyper/databinding/LayoutImageAdjustmentsPanelBinding.java,مورد موجود؛ الوصول والسلوك يحتاجان تحققًا عند غياب لقطة أو اختبار
layout_image_adjustments_panel,tvHue,TextView,عنصر عرض/حاوية,0,,,40.0dp,,visible,decoded/res/layout/layout_image_adjustments_panel.xml,decompiled/sources/com/oneguystudio/ytyper/databinding/LayoutImageAdjustmentsPanelBinding.java,مورد موجود؛ الوصول والسلوك يحتاجان تحققًا عند غياب لقطة أو اختبار
layout_image_effects_panel,tvTitle,TextView,عنصر عرض/حاوية,المؤثرات البصرية,,,0.0dp,wrap_content,visible,decoded/res/layout/layout_image_effects_panel.xml,decompiled/sources/com/oneguystudio/ytyper/databinding/DialogCanvasBackgroundBinding.java;decompiled/sources/com/oneguystudio/ytyper/databinding/DialogShapePickerBinding.java;decompiled/sources/com/oneguystudio/ytyper/databinding/LayoutImageAdjustmentsPanelBinding.java;decompiled/sources/com/oneguystudio/ytyper/databinding/LayoutImageEffectsPanelBinding.java;decompiled/sources/com/oneguystudio/ytyper/databinding/LayoutImageFiltersPanelBinding.java;decompiled/sources/com/oneguystudio/ytyper/databinding/LayoutMagicBrushPanelBinding.java;decompiled/sources/com/oneguystudio/ytyper/databinding/LayoutPositionPanelBinding.java;decompiled/sources/com/oneguystudio/ytyper/databinding/LayoutRulerPanelBinding.java;decompiled/sources/com/oneguystudio/ytyper/databinding/LayoutTexturePanelBinding.java;decompiled/sources/com/oneguystudio/ytyper/ui/editor/dialog/CanvasBackgroundBottomSheet.java;decompiled/sources/com/oneguystudio/ytyper/ui/editor/dialog/ShapePickerBottomSheet.java,مورد موجود؛ الوصول والسلوك يحتاجان تحققًا عند غياب لقطة أو اختبار
layout_image_effects_panel,btnResetEffect,TextView,زر محتمل,مسح الكل,,,wrap_content,wrap_content,visible,decoded/res/layout/layout_image_effects_panel.xml,decompiled/sources/com/oneguystudio/ytyper/databinding/LayoutEffectsPanelBinding.java;decompiled/sources/com/oneguystudio/ytyper/databinding/LayoutImageEffectsPanelBinding.java,مورد موجود؛ الوصول والسلوك يحتاجان تحققًا عند غياب لقطة أو اختبار
layout_image_effects_panel,recyclerEffectCatalog,RecyclerView,عنصر عرض/حاوية,,,,match_parent,wrap_content,visible,decoded/res/layout/layout_image_effects_panel.xml,decompiled/sources/com/oneguystudio/ytyper/databinding/LayoutImageEffectsPanelBinding.java,مورد موجود؛ الوصول والسلوك يحتاجان تحققًا عند غياب لقطة أو اختبار
layout_image_effects_panel,tvEmptyEffects,TextView,عنصر عرض/حاوية,"""انقر على أحد المؤثرات بالأعلى لإضافته.
يمكن دمج مؤثرات متعددة معاً.""",,,match_parent,wrap_content,visible,decoded/res/layout/layout_image_effects_panel.xml,decompiled/sources/com/oneguystudio/ytyper/databinding/LayoutImageEffectsPanelBinding.java,مورد موجود؛ الوصول والسلوك يحتاجان تحققًا عند غياب لقطة أو اختبار
layout_image_effects_panel,recyclerActiveEffects,RecyclerView,عنصر عرض/حاوية,,,,match_parent,wrap_content,gone,decoded/res/layout/layout_image_effects_panel.xml,decompiled/sources/com/oneguystudio/ytyper/databinding/LayoutImageEffectsPanelBinding.java,مورد موجود؛ الوصول والسلوك يحتاجان تحققًا عند غياب لقطة أو اختبار
layout_image_filters_panel,tvTitle,TextView,عنصر عرض/حاوية,الفلاتر,,,0.0dp,wrap_content,visible,decoded/res/layout/layout_image_filters_panel.xml,decompiled/sources/com/oneguystudio/ytyper/databinding/DialogCanvasBackgroundBinding.java;decompiled/sources/com/oneguystudio/ytyper/databinding/DialogShapePickerBinding.java;decompiled/sources/com/oneguystudio/ytyper/databinding/LayoutImageAdjustmentsPanelBinding.java;decompiled/sources/com/oneguystudio/ytyper/databinding/LayoutImageEffectsPanelBinding.java;decompiled/sources/com/oneguystudio/ytyper/databinding/LayoutImageFiltersPanelBinding.java;decompiled/sources/com/oneguystudio/ytyper/databinding/LayoutMagicBrushPanelBinding.java;decompiled/sources/com/oneguystudio/ytyper/databinding/LayoutPositionPanelBinding.java;decompiled/sources/com/oneguystudio/ytyper/databinding/LayoutRulerPanelBinding.java;decompiled/sources/com/oneguystudio/ytyper/databinding/LayoutTexturePanelBinding.java;decompiled/sources/com/oneguystudio/ytyper/ui/editor/dialog/CanvasBackgroundBottomSheet.java;decompiled/sources/com/oneguystudio/ytyper/ui/editor/dialog/ShapePickerBottomSheet.java,مورد موجود؛ الوصول والسلوك يحتاجان تحققًا عند غياب لقطة أو اختبار
layout_image_filters_panel,btnResetFilters,TextView,زر محتمل,إعادة ضبط,,,wrap_content,wrap_content,visible,decoded/res/layout/layout_image_filters_panel.xml,decompiled/sources/com/oneguystudio/ytyper/databinding/LayoutImageFiltersPanelBinding.java,مورد موجود؛ الوصول والسلوك يحتاجان تحققًا عند غياب لقطة أو اختبار
layout_image_filters_panel,recyclerFilters,RecyclerView,عنصر عرض/حاوية,,,,match_parent,64.0dp,visible,decoded/res/layout/layout_image_filters_panel.xml,decompiled/sources/com/oneguystudio/ytyper/databinding/LayoutImageFiltersPanelBinding.java,مورد موجود؛ الوصول والسلوك يحتاجان تحققًا عند غياب لقطة أو اختبار
layout_image_filters_panel,layoutDuoToneControls,LinearLayout,عنصر عرض/حاوية,,,,match_parent,wrap_content,gone,decoded/res/layout/layout_image_filters_panel.xml,decompiled/sources/com/oneguystudio/ytyper/databinding/LayoutImageFiltersPanelBinding.java,مورد موجود؛ الوصول والسلوك يحتاجان تحققًا عند غياب لقطة أو اختبار
layout_image_filters_panel,lblDuoToneColors,TextView,عنصر عرض/حاوية,ألوان DuoTone,,,wrap_content,wrap_content,visible,decoded/res/layout/layout_image_filters_panel.xml,decompiled/sources/com/oneguystudio/ytyper/databinding/LayoutImageFiltersPanelBinding.java,مورد موجود؛ الوصول والسلوك يحتاجان تحققًا عند غياب لقطة أو اختبار
layout_image_filters_panel,lblColor1,TextView,عنصر عرض/حاوية,لون الظلال,,,wrap_content,wrap_content,visible,decoded/res/layout/layout_image_filters_panel.xml,decompiled/sources/com/oneguystudio/ytyper/databinding/LayoutImageFiltersPanelBinding.java,مورد موجود؛ الوصول والسلوك يحتاجان تحققًا عند غياب لقطة أو اختبار
layout_image_filters_panel,viewColor1,View,عنصر عرض/حاوية,,,,32.0dp,32.0dp,visible,decoded/res/layout/layout_image_filters_panel.xml,decompiled/sources/com/oneguystudio/ytyper/databinding/LayoutImageFiltersPanelBinding.java,مورد موجود؛ الوصول والسلوك يحتاجان تحققًا عند غياب لقطة أو اختبار
layout_image_filters_panel,lblColor2,TextView,عنصر عرض/حاوية,لون الإضاءة,,,wrap_content,wrap_content,visible,decoded/res/layout/layout_image_filters_panel.xml,decompiled/sources/com/oneguystudio/ytyper/databinding/LayoutImageFiltersPanelBinding.java,مورد موجود؛ الوصول والسلوك يحتاجان تحققًا عند غياب لقطة أو اختبار
layout_image_filters_panel,viewColor2,View,عنصر عرض/حاوية,,,,32.0dp,32.0dp,visible,decoded/res/layout/layout_image_filters_panel.xml,decompiled/sources/com/oneguystudio/ytyper/databinding/LayoutImageFiltersPanelBinding.java,مورد موجود؛ الوصول والسلوك يحتاجان تحققًا عند غياب لقطة أو اختبار
layout_info_popup,tv_info_content,TextView,عنصر عرض/حاوية,جاري التحميل…,,,wrap_content,wrap_content,visible,decoded/res/layout/layout_info_popup.xml,decompiled/sources/com/oneguystudio/ytyper/databinding/LayoutInfoPopupBinding.java;decompiled/sources/com/oneguystudio/ytyper/ui/floatingwidget/FloatingWidgetService.java;decompiled/sources/com/oneguystudio/ytyper/ui/floatingwidget/g.java,مورد موجود؛ الوصول والسلوك يحتاجان تحققًا عند غياب لقطة أو اختبار
layout_inline_editor,inlineTextEditorRoot,LinearLayout,عنصر عرض/حاوية,,,,match_parent,wrap_content,gone,decoded/res/layout/layout_inline_editor.xml,,مورد موجود؛ الوصول والسلوك يحتاجان تحققًا عند غياب لقطة أو اختبار
layout_inline_editor,btnInlineResizeStart,ImageView,زر محتمل,,,,0.0dp,0.0dp,gone,decoded/res/layout/layout_inline_editor.xml,decompiled/sources/com/oneguystudio/ytyper/databinding/LayoutInlineEditorBinding.java,مورد موجود؛ الوصول والسلوك يحتاجان تحققًا عند غياب لقطة أو اختبار
layout_inline_editor,btnInlineResizeEnd,ImageView,زر محتمل,,,,0.0dp,0.0dp,gone,decoded/res/layout/layout_inline_editor.xml,decompiled/sources/com/oneguystudio/ytyper/databinding/LayoutInlineEditorBinding.java,مورد موجود؛ الوصول والسلوك يحتاجان تحققًا عند غياب لقطة أو اختبار
layout_inline_editor,etInlineInput,EditText,إدخال/اختيار,,اكتب هنا…,,0.0dp,wrap_content,visible,decoded/res/layout/layout_inline_editor.xml,decompiled/sources/com/oneguystudio/ytyper/databinding/LayoutInlineEditorBinding.java,مورد موجود؛ الوصول والسلوك يحتاجان تحققًا عند غياب لقطة أو اختبار
layout_inline_editor,llInlineHighlightsLegend,LinearLayout,عنصر عرض/حاوية,,,,wrap_content,wrap_content,gone,decoded/res/layout/layout_inline_editor.xml,decompiled/sources/com/oneguystudio/ytyper/databinding/LayoutInlineEditorBinding.java,مورد موجود؛ الوصول والسلوك يحتاجان تحققًا عند غياب لقطة أو اختبار
layout_inline_editor,btnInlineAlignLeft,ImageView,زر محتمل,,,,32.0dp,32.0dp,visible,decoded/res/layout/layout_inline_editor.xml,decompiled/sources/com/oneguystudio/ytyper/databinding/LayoutInlineEditorBinding.java,مورد موجود؛ الوصول والسلوك يحتاجان تحققًا عند غياب لقطة أو اختبار
layout_inline_editor,btnInlineAlignCenter,ImageView,زر محتمل,,,,32.0dp,32.0dp,visible,decoded/res/layout/layout_inline_editor.xml,decompiled/sources/com/oneguystudio/ytyper/databinding/LayoutInlineEditorBinding.java,مورد موجود؛ الوصول والسلوك يحتاجان تحققًا عند غياب لقطة أو اختبار
layout_inline_editor,btnInlineAlignRight,ImageView,زر محتمل,,,,32.0dp,32.0dp,visible,decoded/res/layout/layout_inline_editor.xml,decompiled/sources/com/oneguystudio/ytyper/databinding/LayoutInlineEditorBinding.java,مورد موجود؛ الوصول والسلوك يحتاجان تحققًا عند غياب لقطة أو اختبار
layout_inline_editor,btnInlineAlignJustify,ImageView,زر محتمل,,,,32.0dp,32.0dp,visible,decoded/res/layout/layout_inline_editor.xml,decompiled/sources/com/oneguystudio/ytyper/databinding/LayoutInlineEditorBinding.java,مورد موجود؛ الوصول والسلوك يحتاجان تحققًا عند غياب لقطة أو اختبار
layout_inline_editor,btnInlineDash,TextView,زر محتمل,-,,,32.0dp,32.0dp,visible,decoded/res/layout/layout_inline_editor.xml,decompiled/sources/com/oneguystudio/ytyper/databinding/LayoutInlineEditorBinding.java,مورد موجود؛ الوصول والسلوك يحتاجان تحققًا عند غياب لقطة أو اختبار
layout_inline_editor,btnInlineTatweel,TextView,زر محتمل,ـ,,,32.0dp,32.0dp,visible,decoded/res/layout/layout_inline_editor.xml,decompiled/sources/com/oneguystudio/ytyper/databinding/LayoutInlineEditorBinding.java,مورد موجود؛ الوصول والسلوك يحتاجان تحققًا عند غياب لقطة أو اختبار
layout_inline_editor,btnInlinePaste,ImageView,زر محتمل,,,,32.0dp,32.0dp,visible,decoded/res/layout/layout_inline_editor.xml,decompiled/sources/com/oneguystudio/ytyper/databinding/LayoutInlineEditorBinding.java,مورد موجود؛ الوصول والسلوك يحتاجان تحققًا عند غياب لقطة أو اختبار
layout_inline_editor,btnInlineCopy,ImageView,زر محتمل,,,,32.0dp,32.0dp,visible,decoded/res/layout/layout_inline_editor.xml,decompiled/sources/com/oneguystudio/ytyper/databinding/LayoutInlineEditorBinding.java,مورد موجود؛ الوصول والسلوك يحتاجان تحققًا عند غياب لقطة أو اختبار
layout_inline_editor,btnInlineLastStyle,ImageView,زر محتمل,,,,32.0dp,32.0dp,visible,decoded/res/layout/layout_inline_editor.xml,decompiled/sources/com/oneguystudio/ytyper/databinding/LayoutInlineEditorBinding.java,مورد موجود؛ الوصول والسلوك يحتاجان تحققًا عند غياب لقطة أو اختبار
layout_inline_editor,btnInlineUppercase,TextView,زر محتمل,A,,,32.0dp,32.0dp,visible,decoded/res/layout/layout_inline_editor.xml,decompiled/sources/com/oneguystudio/ytyper/databinding/LayoutInlineEditorBinding.java,مورد موجود؛ الوصول والسلوك يحتاجان تحققًا عند غياب لقطة أو اختبار
layout_inline_editor,btnInlineLowercase,TextView,زر محتمل,a,,,32.0dp,32.0dp,visible,decoded/res/layout/layout_inline_editor.xml,decompiled/sources/com/oneguystudio/ytyper/databinding/LayoutInlineEditorBinding.java,مورد موجود؛ الوصول والسلوك يحتاجان تحققًا عند غياب لقطة أو اختبار
layout_inline_editor,btnInlineMore,ImageView,زر محتمل,,,,32.0dp,32.0dp,visible,decoded/res/layout/layout_inline_editor.xml,decompiled/sources/com/oneguystudio/ytyper/databinding/LayoutInlineEditorBinding.java,مورد موجود؛ الوصول والسلوك يحتاجان تحققًا عند غياب لقطة أو اختبار
layout_inline_editor,btnInlineDock,ImageView,زر محتمل,,,,32.0dp,32.0dp,visible,decoded/res/layout/layout_inline_editor.xml,decompiled/sources/com/oneguystudio/ytyper/databinding/LayoutInlineEditorBinding.java,مورد موجود؛ الوصول والسلوك يحتاجان تحققًا عند غياب لقطة أو اختبار
layout_inpaint_panel,btnMinusBrushSize,ImageView,زر محتمل,,,,32.0dp,32.0dp,visible,decoded/res/layout/layout_inpaint_panel.xml,decompiled/sources/com/oneguystudio/ytyper/databinding/LayoutDrawingBrushPanelBinding.java;decompiled/sources/com/oneguystudio/ytyper/databinding/LayoutEraserPanelBinding.java;decompiled/sources/com/oneguystudio/ytyper/databinding/LayoutInpaintPanelBinding.java;decompiled/sources/com/oneguystudio/ytyper/databinding/LayoutMagicBrushPanelBinding.java;decompiled/sources/com/oneguystudio/ytyper/ui/editor/dialog/DrawingBrushPanel.java;decompiled/sources/com/oneguystudio/ytyper/ui/editor/dialog/EraserEditorPanel.java,مورد موجود؛ الوصول والسلوك يحتاجان تحققًا عند غياب لقطة أو اختبار
layout_inpaint_panel,sbInpaintBrushSize,SeekBar,إدخال/اختيار,,,,0.0dp,,visible,decoded/res/layout/layout_inpaint_panel.xml,decompiled/sources/com/oneguystudio/ytyper/databinding/LayoutInpaintPanelBinding.java,مورد موجود؛ الوصول والسلوك يحتاجان تحققًا عند غياب لقطة أو اختبار
layout_inpaint_panel,btnPlusBrushSize,ImageView,زر محتمل,,,,32.0dp,32.0dp,visible,decoded/res/layout/layout_inpaint_panel.xml,decompiled/sources/com/oneguystudio/ytyper/databinding/LayoutDrawingBrushPanelBinding.java;decompiled/sources/com/oneguystudio/ytyper/databinding/LayoutEraserPanelBinding.java;decompiled/sources/com/oneguystudio/ytyper/databinding/LayoutInpaintPanelBinding.java;decompiled/sources/com/oneguystudio/ytyper/databinding/LayoutMagicBrushPanelBinding.java;decompiled/sources/com/oneguystudio/ytyper/ui/editor/dialog/DrawingBrushPanel.java;decompiled/sources/com/oneguystudio/ytyper/ui/editor/dialog/EraserEditorPanel.java,مورد موجود؛ الوصول والسلوك يحتاجان تحققًا عند غياب لقطة أو اختبار
layout_inpaint_variations_panel,cardVar1,LinearLayout,زر محتمل,,,,0.0dp,wrap_content,visible,decoded/res/layout/layout_inpaint_variations_panel.xml,decompiled/sources/com/oneguystudio/ytyper/databinding/LayoutInpaintVariationsPanelBinding.java,مورد موجود؛ الوصول والسلوك يحتاجان تحققًا عند غياب لقطة أو اختبار
layout_inpaint_variations_panel,ivVar1,ImageView,عنصر عرض/حاوية,,,Variation 1,match_parent,match_parent,visible,decoded/res/layout/layout_inpaint_variations_panel.xml,decompiled/sources/com/oneguystudio/ytyper/databinding/LayoutInpaintVariationsPanelBinding.java,مورد موجود؛ الوصول والسلوك يحتاجان تحققًا عند غياب لقطة أو اختبار
layout_inpaint_variations_panel,tvVar1,TextView,عنصر عرض/حاوية,خيار 1,,,wrap_content,wrap_content,visible,decoded/res/layout/layout_inpaint_variations_panel.xml,decompiled/sources/com/oneguystudio/ytyper/databinding/LayoutInpaintVariationsPanelBinding.java,مورد موجود؛ الوصول والسلوك يحتاجان تحققًا عند غياب لقطة أو اختبار
layout_inpaint_variations_panel,cardVar2,LinearLayout,زر محتمل,,,,0.0dp,wrap_content,visible,decoded/res/layout/layout_inpaint_variations_panel.xml,decompiled/sources/com/oneguystudio/ytyper/databinding/LayoutInpaintVariationsPanelBinding.java,مورد موجود؛ الوصول والسلوك يحتاجان تحققًا عند غياب لقطة أو اختبار
layout_inpaint_variations_panel,ivVar2,ImageView,عنصر عرض/حاوية,,,Variation 2,match_parent,match_parent,visible,decoded/res/layout/layout_inpaint_variations_panel.xml,decompiled/sources/com/oneguystudio/ytyper/databinding/LayoutInpaintVariationsPanelBinding.java,مورد موجود؛ الوصول والسلوك يحتاجان تحققًا عند غياب لقطة أو اختبار
layout_inpaint_variations_panel,tvVar2,TextView,عنصر عرض/حاوية,خيار 2,,,wrap_content,wrap_content,visible,decoded/res/layout/layout_inpaint_variations_panel.xml,decompiled/sources/com/oneguystudio/ytyper/databinding/LayoutInpaintVariationsPanelBinding.java,مورد موجود؛ الوصول والسلوك يحتاجان تحققًا عند غياب لقطة أو اختبار
layout_inpaint_variations_panel,cardVar3,LinearLayout,زر محتمل,,,,0.0dp,wrap_content,visible,decoded/res/layout/layout_inpaint_variations_panel.xml,decompiled/sources/com/oneguystudio/ytyper/databinding/LayoutInpaintVariationsPanelBinding.java,مورد موجود؛ الوصول والسلوك يحتاجان تحققًا عند غياب لقطة أو اختبار
layout_inpaint_variations_panel,ivVar3,ImageView,عنصر عرض/حاوية,,,Variation 3,match_parent,match_parent,visible,decoded/res/layout/layout_inpaint_variations_panel.xml,decompiled/sources/com/oneguystudio/ytyper/databinding/LayoutInpaintVariationsPanelBinding.java,مورد موجود؛ الوصول والسلوك يحتاجان تحققًا عند غياب لقطة أو اختبار
layout_inpaint_variations_panel,tvVar3,TextView,عنصر عرض/حاوية,خيار 3,,,wrap_content,wrap_content,visible,decoded/res/layout/layout_inpaint_variations_panel.xml,decompiled/sources/com/oneguystudio/ytyper/databinding/LayoutInpaintVariationsPanelBinding.java,مورد موجود؛ الوصول والسلوك يحتاجان تحققًا عند غياب لقطة أو اختبار
layout_inpaint_variations_panel,btnCancelVariations,TextView,زر محتمل,إلغاء,,,0.0dp,40.0dp,visible,decoded/res/layout/layout_inpaint_variations_panel.xml,decompiled/sources/com/oneguystudio/ytyper/databinding/LayoutInpaintVariationsPanelBinding.java,مورد موجود؛ الوصول والسلوك يحتاجان تحققًا عند غياب لقطة أو اختبار
layout_inpaint_variations_panel,btnApplyVariation,TextView,زر محتمل,تطبيق,,,0.0dp,40.0dp,visible,decoded/res/layout/layout_inpaint_variations_panel.xml,decompiled/sources/com/oneguystudio/ytyper/databinding/LayoutInpaintVariationsPanelBinding.java,مورد موجود؛ الوصول والسلوك يحتاجان تحققًا عند غياب لقطة أو اختبار
layout_magic_brush_panel,tvTitle,TextView,عنصر عرض/حاوية,Magic Brush,,,0.0dp,wrap_content,visible,decoded/res/layout/layout_magic_brush_panel.xml,decompiled/sources/com/oneguystudio/ytyper/databinding/DialogCanvasBackgroundBinding.java;decompiled/sources/com/oneguystudio/ytyper/databinding/DialogShapePickerBinding.java;decompiled/sources/com/oneguystudio/ytyper/databinding/LayoutImageAdjustmentsPanelBinding.java;decompiled/sources/com/oneguystudio/ytyper/databinding/LayoutImageEffectsPanelBinding.java;decompiled/sources/com/oneguystudio/ytyper/databinding/LayoutImageFiltersPanelBinding.java;decompiled/sources/com/oneguystudio/ytyper/databinding/LayoutMagicBrushPanelBinding.java;decompiled/sources/com/oneguystudio/ytyper/databinding/LayoutPositionPanelBinding.java;decompiled/sources/com/oneguystudio/ytyper/databinding/LayoutRulerPanelBinding.java;decompiled/sources/com/oneguystudio/ytyper/databinding/LayoutTexturePanelBinding.java;decompiled/sources/com/oneguystudio/ytyper/ui/editor/dialog/CanvasBackgroundBottomSheet.java;decompiled/sources/com/oneguystudio/ytyper/ui/editor/dialog/ShapePickerBottomSheet.java,مورد موجود؛ الوصول والسلوك يحتاجان تحققًا عند غياب لقطة أو اختبار
layout_magic_brush_panel,btnToggleMaskPreview,TextView,زر محتمل,Show Mask,,,wrap_content,wrap_content,visible,decoded/res/layout/layout_magic_brush_panel.xml,decompiled/sources/com/oneguystudio/ytyper/databinding/LayoutMagicBrushPanelBinding.java,مورد موجود؛ الوصول والسلوك يحتاجان تحققًا عند غياب لقطة أو اختبار
layout_magic_brush_panel,btnUndoBrush,TextView,زر محتمل,Undo,,,wrap_content,wrap_content,visible,decoded/res/layout/layout_magic_brush_panel.xml,decompiled/sources/com/oneguystudio/ytyper/databinding/LayoutMagicBrushPanelBinding.java,مورد موجود؛ الوصول والسلوك يحتاجان تحققًا عند غياب لقطة أو اختبار
layout_magic_brush_panel,btnClearBrush,TextView,زر محتمل,Clear Mask,,,wrap_content,wrap_content,visible,decoded/res/layout/layout_magic_brush_panel.xml,decompiled/sources/com/oneguystudio/ytyper/databinding/LayoutMagicBrushPanelBinding.java,مورد موجود؛ الوصول والسلوك يحتاجان تحققًا عند غياب لقطة أو اختبار
layout_magic_brush_panel,groupBrushTypes,RadioGroup,إدخال/اختيار,,,,wrap_content,wrap_content,visible,decoded/res/layout/layout_magic_brush_panel.xml,decompiled/sources/com/oneguystudio/ytyper/databinding/LayoutMagicBrushPanelBinding.java,مورد موجود؛ الوصول والسلوك يحتاجان تحققًا عند غياب لقطة أو اختبار
layout_magic_brush_panel,rbBlur,RadioButton,زر محتمل,Blur,,,,,visible,decoded/res/layout/layout_magic_brush_panel.xml,decompiled/sources/com/oneguystudio/ytyper/databinding/LayoutEffectsPanelBinding.java;decompiled/sources/com/oneguystudio/ytyper/databinding/LayoutMagicBrushPanelBinding.java,مورد موجود؛ الوصول والسلوك يحتاجان تحققًا عند غياب لقطة أو اختبار
layout_magic_brush_panel,rbLiquid,RadioButton,زر محتمل,Liquid,,,,,visible,decoded/res/layout/layout_magic_brush_panel.xml,decompiled/sources/com/oneguystudio/ytyper/databinding/LayoutEffectsPanelBinding.java;decompiled/sources/com/oneguystudio/ytyper/databinding/LayoutMagicBrushPanelBinding.java,مورد موجود؛ الوصول والسلوك يحتاجان تحققًا عند غياب لقطة أو اختبار
layout_magic_brush_panel,rbPixelate,RadioButton,زر محتمل,Pixelate,,,,,visible,decoded/res/layout/layout_magic_brush_panel.xml,decompiled/sources/com/oneguystudio/ytyper/databinding/LayoutMagicBrushPanelBinding.java,مورد موجود؛ الوصول والسلوك يحتاجان تحققًا عند غياب لقطة أو اختبار
layout_magic_brush_panel,rbGrayscale,RadioButton,زر محتمل,B&W,,,,,visible,decoded/res/layout/layout_magic_brush_panel.xml,decompiled/sources/com/oneguystudio/ytyper/databinding/LayoutMagicBrushPanelBinding.java,مورد موجود؛ الوصول والسلوك يحتاجان تحققًا عند غياب لقطة أو اختبار
layout_magic_brush_panel,rbGlitch,RadioButton,زر محتمل,Glitch,,,,,visible,decoded/res/layout/layout_magic_brush_panel.xml,decompiled/sources/com/oneguystudio/ytyper/databinding/LayoutEffectsPanelBinding.java;decompiled/sources/com/oneguystudio/ytyper/databinding/LayoutMagicBrushPanelBinding.java,مورد موجود؛ الوصول والسلوك يحتاجان تحققًا عند غياب لقطة أو اختبار
layout_magic_brush_panel,rbSharpen,RadioButton,زر محتمل,Sharpen,,,,,visible,decoded/res/layout/layout_magic_brush_panel.xml,decompiled/sources/com/oneguystudio/ytyper/databinding/LayoutMagicBrushPanelBinding.java,مورد موجود؛ الوصول والسلوك يحتاجان تحققًا عند غياب لقطة أو اختبار
layout_magic_brush_panel,rbDuotone,RadioButton,زر محتمل,Duotone,,,,,visible,decoded/res/layout/layout_magic_brush_panel.xml,decompiled/sources/com/oneguystudio/ytyper/databinding/LayoutMagicBrushPanelBinding.java,مورد موجود؛ الوصول والسلوك يحتاجان تحققًا عند غياب لقطة أو اختبار
layout_magic_brush_panel,lblBrushSize,TextView,عنصر عرض/حاوية,Size,,,70.0dp,,visible,decoded/res/layout/layout_magic_brush_panel.xml,decompiled/sources/com/oneguystudio/ytyper/databinding/LayoutMagicBrushPanelBinding.java,مورد موجود؛ الوصول والسلوك يحتاجان تحققًا عند غياب لقطة أو اختبار
layout_magic_brush_panel,btnMinusBrushSize,ImageView,زر محتمل,,,,32.0dp,32.0dp,visible,decoded/res/layout/layout_magic_brush_panel.xml,decompiled/sources/com/oneguystudio/ytyper/databinding/LayoutDrawingBrushPanelBinding.java;decompiled/sources/com/oneguystudio/ytyper/databinding/LayoutEraserPanelBinding.java;decompiled/sources/com/oneguystudio/ytyper/databinding/LayoutInpaintPanelBinding.java;decompiled/sources/com/oneguystudio/ytyper/databinding/LayoutMagicBrushPanelBinding.java;decompiled/sources/com/oneguystudio/ytyper/ui/editor/dialog/DrawingBrushPanel.java;decompiled/sources/com/oneguystudio/ytyper/ui/editor/dialog/EraserEditorPanel.java,مورد موجود؛ الوصول والسلوك يحتاجان تحققًا عند غياب لقطة أو اختبار
layout_magic_brush_panel,seekBrushSize,SeekBar,إدخال/اختيار,,,,0.0dp,,visible,decoded/res/layout/layout_magic_brush_panel.xml,decompiled/sources/com/oneguystudio/ytyper/databinding/LayoutDrawingBrushPanelBinding.java;decompiled/sources/com/oneguystudio/ytyper/databinding/LayoutEraserPanelBinding.java;decompiled/sources/com/oneguystudio/ytyper/databinding/LayoutMagicBrushPanelBinding.java;decompiled/sources/com/oneguystudio/ytyper/ui/editor/dialog/DrawingBrushPanel.java;decompiled/sources/com/oneguystudio/ytyper/ui/editor/dialog/EraserEditorPanel.java,مورد موجود؛ الوصول والسلوك يحتاجان تحققًا عند غياب لقطة أو اختبار
layout_magic_brush_panel,btnPlusBrushSize,ImageView,زر محتمل,,,,32.0dp,32.0dp,visible,decoded/res/layout/layout_magic_brush_panel.xml,decompiled/sources/com/oneguystudio/ytyper/databinding/LayoutDrawingBrushPanelBinding.java;decompiled/sources/com/oneguystudio/ytyper/databinding/LayoutEraserPanelBinding.java;decompiled/sources/com/oneguystudio/ytyper/databinding/LayoutInpaintPanelBinding.java;decompiled/sources/com/oneguystudio/ytyper/databinding/LayoutMagicBrushPanelBinding.java;decompiled/sources/com/oneguystudio/ytyper/ui/editor/dialog/DrawingBrushPanel.java;decompiled/sources/com/oneguystudio/ytyper/ui/editor/dialog/EraserEditorPanel.java,مورد موجود؛ الوصول والسلوك يحتاجان تحققًا عند غياب لقطة أو اختبار
layout_magic_brush_panel,tvBrushSize,TextView,عنصر عرض/حاوية,40,,,40.0dp,,visible,decoded/res/layout/layout_magic_brush_panel.xml,decompiled/sources/com/oneguystudio/ytyper/databinding/LayoutDrawingBrushPanelBinding.java;decompiled/sources/com/oneguystudio/ytyper/databinding/LayoutEraserPanelBinding.java;decompiled/sources/com/oneguystudio/ytyper/databinding/LayoutMagicBrushPanelBinding.java;decompiled/sources/com/oneguystudio/ytyper/ui/editor/dialog/DrawingBrushPanel.java;decompiled/sources/com/oneguystudio/ytyper/ui/editor/dialog/EraserEditorPanel.java,مورد موجود؛ الوصول والسلوك يحتاجان تحققًا عند غياب لقطة أو اختبار
layout_magic_brush_panel,lblBrushOpacity,TextView,عنصر عرض/حاوية,Strength,,,70.0dp,,visible,decoded/res/layout/layout_magic_brush_panel.xml,decompiled/sources/com/oneguystudio/ytyper/databinding/LayoutMagicBrushPanelBinding.java,مورد موجود؛ الوصول والسلوك يحتاجان تحققًا عند غياب لقطة أو اختبار
layout_magic_brush_panel,btnMinusBrushOpacity,ImageView,زر محتمل,,,,32.0dp,32.0dp,visible,decoded/res/layout/layout_magic_brush_panel.xml,decompiled/sources/com/oneguystudio/ytyper/databinding/LayoutDrawingBrushPanelBinding.java;decompiled/sources/com/oneguystudio/ytyper/databinding/LayoutEraserPanelBinding.java;decompiled/sources/com/oneguystudio/ytyper/databinding/LayoutMagicBrushPanelBinding.java;decompiled/sources/com/oneguystudio/ytyper/ui/editor/dialog/DrawingBrushPanel.java;decompiled/sources/com/oneguystudio/ytyper/ui/editor/dialog/EraserEditorPanel.java,مورد موجود؛ الوصول والسلوك يحتاجان تحققًا عند غياب لقطة أو اختبار
layout_magic_brush_panel,seekBrushOpacity,SeekBar,إدخال/اختيار,,,,0.0dp,,visible,decoded/res/layout/layout_magic_brush_panel.xml,decompiled/sources/com/oneguystudio/ytyper/databinding/LayoutDrawingBrushPanelBinding.java;decompiled/sources/com/oneguystudio/ytyper/databinding/LayoutEraserPanelBinding.java;decompiled/sources/com/oneguystudio/ytyper/databinding/LayoutMagicBrushPanelBinding.java;decompiled/sources/com/oneguystudio/ytyper/ui/editor/dialog/DrawingBrushPanel.java;decompiled/sources/com/oneguystudio/ytyper/ui/editor/dialog/EraserEditorPanel.java,مورد موجود؛ الوصول والسلوك يحتاجان تحققًا عند غياب لقطة أو اختبار
layout_magic_brush_panel,btnPlusBrushOpacity,ImageView,زر محتمل,,,,32.0dp,32.0dp,visible,decoded/res/layout/layout_magic_brush_panel.xml,decompiled/sources/com/oneguystudio/ytyper/databinding/LayoutDrawingBrushPanelBinding.java;decompiled/sources/com/oneguystudio/ytyper/databinding/LayoutEraserPanelBinding.java;decompiled/sources/com/oneguystudio/ytyper/databinding/LayoutMagicBrushPanelBinding.java;decompiled/sources/com/oneguystudio/ytyper/ui/editor/dialog/DrawingBrushPanel.java;decompiled/sources/com/oneguystudio/ytyper/ui/editor/dialog/EraserEditorPanel.java,مورد موجود؛ الوصول والسلوك يحتاجان تحققًا عند غياب لقطة أو اختبار
layout_magic_brush_panel,tvBrushOpacity,TextView,عنصر عرض/حاوية,50%,,,40.0dp,,visible,decoded/res/layout/layout_magic_brush_panel.xml,decompiled/sources/com/oneguystudio/ytyper/databinding/LayoutDrawingBrushPanelBinding.java;decompiled/sources/com/oneguystudio/ytyper/databinding/LayoutEraserPanelBinding.java;decompiled/sources/com/oneguystudio/ytyper/databinding/LayoutMagicBrushPanelBinding.java;decompiled/sources/com/oneguystudio/ytyper/ui/editor/dialog/DrawingBrushPanel.java;decompiled/sources/com/oneguystudio/ytyper/ui/editor/dialog/EraserEditorPanel.java,مورد موجود؛ الوصول والسلوك يحتاجان تحققًا عند غياب لقطة أو اختبار
layout_magic_brush_panel,rowBrushParam,LinearLayout,عنصر عرض/حاوية,,,,,,gone,decoded/res/layout/layout_magic_brush_panel.xml,decompiled/sources/com/oneguystudio/ytyper/databinding/LayoutMagicBrushPanelBinding.java,مورد موجود؛ الوصول والسلوك يحتاجان تحققًا عند غياب لقطة أو اختبار
layout_magic_brush_panel,lblBrushParam,TextView,عنصر عرض/حاوية,Intensity,,,70.0dp,,visible,decoded/res/layout/layout_magic_brush_panel.xml,decompiled/sources/com/oneguystudio/ytyper/databinding/LayoutMagicBrushPanelBinding.java,مورد موجود؛ الوصول والسلوك يحتاجان تحققًا عند غياب لقطة أو اختبار
layout_magic_brush_panel,btnMinusBrushParam,ImageView,زر محتمل,,,,32.0dp,32.0dp,visible,decoded/res/layout/layout_magic_brush_panel.xml,decompiled/sources/com/oneguystudio/ytyper/databinding/LayoutMagicBrushPanelBinding.java,مورد موجود؛ الوصول والسلوك يحتاجان تحققًا عند غياب لقطة أو اختبار
layout_magic_brush_panel,seekBrushParam,SeekBar,إدخال/اختيار,,,,0.0dp,,visible,decoded/res/layout/layout_magic_brush_panel.xml,decompiled/sources/com/oneguystudio/ytyper/databinding/LayoutMagicBrushPanelBinding.java,مورد موجود؛ الوصول والسلوك يحتاجان تحققًا عند غياب لقطة أو اختبار
layout_magic_brush_panel,btnPlusBrushParam,ImageView,زر محتمل,,,,32.0dp,32.0dp,visible,decoded/res/layout/layout_magic_brush_panel.xml,decompiled/sources/com/oneguystudio/ytyper/databinding/LayoutMagicBrushPanelBinding.java,مورد موجود؛ الوصول والسلوك يحتاجان تحققًا عند غياب لقطة أو اختبار
layout_magic_brush_panel,tvBrushParam,TextView,عنصر عرض/حاوية,15,,,40.0dp,,visible,decoded/res/layout/layout_magic_brush_panel.xml,decompiled/sources/com/oneguystudio/ytyper/databinding/LayoutMagicBrushPanelBinding.java,مورد موجود؛ الوصول والسلوك يحتاجان تحققًا عند غياب لقطة أو اختبار
layout_opacity_panel,switchBlend,Switch,إدخال/اختيار,دمج,,,wrap_content,wrap_content,visible,decoded/res/layout/layout_opacity_panel.xml,decompiled/sources/com/oneguystudio/ytyper/databinding/LayoutOpacityPanelBinding.java,مورد موجود؛ الوصول والسلوك يحتاجان تحققًا عند غياب لقطة أو اختبار
layout_opacity_panel,btnMinusOpacity,ImageView,زر محتمل,,,,32.0dp,32.0dp,visible,decoded/res/layout/layout_opacity_panel.xml,decompiled/sources/com/oneguystudio/ytyper/databinding/LayoutOpacityPanelBinding.java;decompiled/sources/com/oneguystudio/ytyper/databinding/LayoutShadowPanelBinding.java;decompiled/sources/com/oneguystudio/ytyper/ui/editor/dialog/ShadowEditorPanel.java,مورد موجود؛ الوصول والسلوك يحتاجان تحققًا عند غياب لقطة أو اختبار
layout_opacity_panel,seekOpacity,SeekBar,إدخال/اختيار,,,,,,visible,decoded/res/layout/layout_opacity_panel.xml,decompiled/sources/com/oneguystudio/ytyper/databinding/LayoutBackgroundPanelBinding.java;decompiled/sources/com/oneguystudio/ytyper/databinding/LayoutOpacityPanelBinding.java;decompiled/sources/com/oneguystudio/ytyper/databinding/LayoutShadowPanelBinding.java,مورد موجود؛ الوصول والسلوك يحتاجان تحققًا عند غياب لقطة أو اختبار
layout_opacity_panel,btnPlusOpacity,ImageView,زر محتمل,,,,32.0dp,32.0dp,visible,decoded/res/layout/layout_opacity_panel.xml,decompiled/sources/com/oneguystudio/ytyper/databinding/LayoutOpacityPanelBinding.java;decompiled/sources/com/oneguystudio/ytyper/databinding/LayoutShadowPanelBinding.java;decompiled/sources/com/oneguystudio/ytyper/ui/editor/dialog/ShadowEditorPanel.java,مورد موجود؛ الوصول والسلوك يحتاجان تحققًا عند غياب لقطة أو اختبار
layout_opacity_panel,tvOpacity,TextView,عنصر عرض/حاوية,100%,,,,,visible,decoded/res/layout/layout_opacity_panel.xml,decompiled/sources/com/oneguystudio/ytyper/databinding/LayoutBackgroundPanelBinding.java;decompiled/sources/com/oneguystudio/ytyper/databinding/LayoutOpacityPanelBinding.java;decompiled/sources/com/oneguystudio/ytyper/databinding/LayoutShadowPanelBinding.java,مورد موجود؛ الوصول والسلوك يحتاجان تحققًا عند غياب لقطة أو اختبار
layout_opacity_panel,layoutInnerOpacity,LinearLayout,عنصر عرض/حاوية,,,,,,visible,decoded/res/layout/layout_opacity_panel.xml,decompiled/sources/com/oneguystudio/ytyper/databinding/LayoutOpacityPanelBinding.java,مورد موجود؛ الوصول والسلوك يحتاجان تحققًا عند غياب لقطة أو اختبار
layout_opacity_panel,btnMinusInnerOpacity,ImageView,زر محتمل,,,,32.0dp,32.0dp,visible,decoded/res/layout/layout_opacity_panel.xml,decompiled/sources/com/oneguystudio/ytyper/databinding/LayoutOpacityPanelBinding.java,مورد موجود؛ الوصول والسلوك يحتاجان تحققًا عند غياب لقطة أو اختبار
layout_opacity_panel,seekInnerOpacity,SeekBar,إدخال/اختيار,,,,,,visible,decoded/res/layout/layout_opacity_panel.xml,decompiled/sources/com/oneguystudio/ytyper/databinding/LayoutOpacityPanelBinding.java,مورد موجود؛ الوصول والسلوك يحتاجان تحققًا عند غياب لقطة أو اختبار
layout_opacity_panel,btnPlusInnerOpacity,ImageView,زر محتمل,,,,32.0dp,32.0dp,visible,decoded/res/layout/layout_opacity_panel.xml,decompiled/sources/com/oneguystudio/ytyper/databinding/LayoutOpacityPanelBinding.java,مورد موجود؛ الوصول والسلوك يحتاجان تحققًا عند غياب لقطة أو اختبار
layout_opacity_panel,tvInnerOpacity,TextView,عنصر عرض/حاوية,100%,,,,,visible,decoded/res/layout/layout_opacity_panel.xml,decompiled/sources/com/oneguystudio/ytyper/databinding/LayoutOpacityPanelBinding.java,مورد موجود؛ الوصول والسلوك يحتاجان تحققًا عند غياب لقطة أو اختبار
layout_perspective_panel,btnResetPersp,TextView,زر محتمل,إعادة ضبط,,,wrap_content,wrap_content,visible,decoded/res/layout/layout_perspective_panel.xml,decompiled/sources/com/oneguystudio/ytyper/databinding/LayoutPerspectivePanelBinding.java;decompiled/sources/com/oneguystudio/ytyper/ui/editor/dialog/PerspectiveEditorPanel.java,مورد موجود؛ الوصول والسلوك يحتاجان تحققًا عند غياب لقطة أو اختبار
layout_perspective_panel,groupPerspMode,RadioGroup,إدخال/اختيار,,,,match_parent,wrap_content,visible,decoded/res/layout/layout_perspective_panel.xml,decompiled/sources/com/oneguystudio/ytyper/databinding/LayoutPerspectivePanelBinding.java;decompiled/sources/com/oneguystudio/ytyper/ui/editor/dialog/PerspectiveEditorPanel.java,مورد موجود؛ الوصول والسلوك يحتاجان تحققًا عند غياب لقطة أو اختبار
layout_perspective_panel,rbPersp4,RadioButton,زر محتمل,منظور صلب,,,0.0dp,wrap_content,visible,decoded/res/layout/layout_perspective_panel.xml,decompiled/sources/com/oneguystudio/ytyper/databinding/LayoutPerspectivePanelBinding.java;decompiled/sources/com/oneguystudio/ytyper/ui/editor/dialog/PerspectiveEditorPanel.java,مورد موجود؛ الوصول والسلوك يحتاجان تحققًا عند غياب لقطة أو اختبار
layout_perspective_panel,rbPerspMesh,RadioButton,زر محتمل,شبكة حرة,,,0.0dp,wrap_content,visible,decoded/res/layout/layout_perspective_panel.xml,decompiled/sources/com/oneguystudio/ytyper/databinding/LayoutPerspectivePanelBinding.java;decompiled/sources/com/oneguystudio/ytyper/ui/editor/dialog/PerspectiveEditorPanel.java,مورد موجود؛ الوصول والسلوك يحتاجان تحققًا عند غياب لقطة أو اختبار
layout_perspective_panel,layoutPerspNormal,LinearLayout,عنصر عرض/حاوية,,,,match_parent,wrap_content,visible,decoded/res/layout/layout_perspective_panel.xml,decompiled/sources/com/oneguystudio/ytyper/databinding/LayoutPerspectivePanelBinding.java;decompiled/sources/com/oneguystudio/ytyper/ui/editor/dialog/PerspectiveEditorPanel.java,مورد موجود؛ الوصول والسلوك يحتاجان تحققًا عند غياب لقطة أو اختبار
layout_perspective_panel,btnPerspUp,ImageView,زر محتمل,,,,,,visible,decoded/res/layout/layout_perspective_panel.xml,decompiled/sources/com/oneguystudio/ytyper/databinding/LayoutPerspectivePanelBinding.java;decompiled/sources/com/oneguystudio/ytyper/ui/editor/dialog/PerspectiveEditorPanel.java,مورد موجود؛ الوصول والسلوك يحتاجان تحققًا عند غياب لقطة أو اختبار
layout_perspective_panel,btnPerspLeft,ImageView,زر محتمل,,,,,,visible,decoded/res/layout/layout_perspective_panel.xml,decompiled/sources/com/oneguystudio/ytyper/databinding/LayoutPerspectivePanelBinding.java;decompiled/sources/com/oneguystudio/ytyper/ui/editor/dialog/PerspectiveEditorPanel.java,مورد موجود؛ الوصول والسلوك يحتاجان تحققًا عند غياب لقطة أو اختبار
layout_perspective_panel,btnPerspRight,ImageView,زر محتمل,,,,,,visible,decoded/res/layout/layout_perspective_panel.xml,decompiled/sources/com/oneguystudio/ytyper/databinding/LayoutPerspectivePanelBinding.java;decompiled/sources/com/oneguystudio/ytyper/ui/editor/dialog/PerspectiveEditorPanel.java,مورد موجود؛ الوصول والسلوك يحتاجان تحققًا عند غياب لقطة أو اختبار
layout_perspective_panel,btnPerspDown,ImageView,زر محتمل,,,,,,visible,decoded/res/layout/layout_perspective_panel.xml,decompiled/sources/com/oneguystudio/ytyper/databinding/LayoutPerspectivePanelBinding.java;decompiled/sources/com/oneguystudio/ytyper/ui/editor/dialog/PerspectiveEditorPanel.java,مورد موجود؛ الوصول والسلوك يحتاجان تحققًا عند غياب لقطة أو اختبار
layout_perspective_panel,btnStepMinus,ImageView,زر محتمل,,,,@dimen/dimen_36dp,@dimen/dimen_36dp,visible,decoded/res/layout/layout_perspective_panel.xml,decompiled/sources/com/oneguystudio/ytyper/databinding/LayoutPerspectivePanelBinding.java;decompiled/sources/com/oneguystudio/ytyper/databinding/LayoutPositionPanelBinding.java;decompiled/sources/com/oneguystudio/ytyper/ui/editor/dialog/PerspectiveEditorPanel.java,مورد موجود؛ الوصول والسلوك يحتاجان تحققًا عند غياب لقطة أو اختبار
layout_perspective_panel,tvStepCounter,TextView,عنصر عرض/حاوية,10,,,@dimen/dimen_32dp,wrap_content,visible,decoded/res/layout/layout_perspective_panel.xml,decompiled/sources/com/oneguystudio/ytyper/databinding/LayoutPerspectivePanelBinding.java;decompiled/sources/com/oneguystudio/ytyper/databinding/LayoutPositionPanelBinding.java;decompiled/sources/com/oneguystudio/ytyper/ui/editor/dialog/PerspectiveEditorPanel.java,مورد موجود؛ الوصول والسلوك يحتاجان تحققًا عند غياب لقطة أو اختبار
layout_perspective_panel,btnStepPlus,ImageView,زر محتمل,,,,@dimen/dimen_36dp,@dimen/dimen_36dp,visible,decoded/res/layout/layout_perspective_panel.xml,decompiled/sources/com/oneguystudio/ytyper/databinding/LayoutPerspectivePanelBinding.java;decompiled/sources/com/oneguystudio/ytyper/databinding/LayoutPositionPanelBinding.java;decompiled/sources/com/oneguystudio/ytyper/ui/editor/dialog/PerspectiveEditorPanel.java,مورد موجود؛ الوصول والسلوك يحتاجان تحققًا عند غياب لقطة أو اختبار
layout_perspective_panel,layoutPerspMesh,LinearLayout,عنصر عرض/حاوية,,,,match_parent,wrap_content,gone,decoded/res/layout/layout_perspective_panel.xml,decompiled/sources/com/oneguystudio/ytyper/databinding/LayoutPerspectivePanelBinding.java;decompiled/sources/com/oneguystudio/ytyper/ui/editor/dialog/PerspectiveEditorPanel.java,مورد موجود؛ الوصول والسلوك يحتاجان تحققًا عند غياب لقطة أو اختبار
layout_perspective_panel,btnMinusMeshCols,ImageView,زر محتمل,,,,32.0dp,32.0dp,visible,decoded/res/layout/layout_perspective_panel.xml,decompiled/sources/com/oneguystudio/ytyper/databinding/LayoutPerspectivePanelBinding.java;decompiled/sources/com/oneguystudio/ytyper/ui/editor/dialog/PerspectiveEditorPanel.java,مورد موجود؛ الوصول والسلوك يحتاجان تحققًا عند غياب لقطة أو اختبار
layout_perspective_panel,seekMeshCols,SeekBar,إدخال/اختيار,,,,0.0dp,,visible,decoded/res/layout/layout_perspective_panel.xml,decompiled/sources/com/oneguystudio/ytyper/databinding/LayoutPerspectivePanelBinding.java;decompiled/sources/com/oneguystudio/ytyper/ui/editor/dialog/PerspectiveEditorPanel.java,مورد موجود؛ الوصول والسلوك يحتاجان تحققًا عند غياب لقطة أو اختبار
layout_perspective_panel,btnPlusMeshCols,ImageView,زر محتمل,,,,32.0dp,32.0dp,visible,decoded/res/layout/layout_perspective_panel.xml,decompiled/sources/com/oneguystudio/ytyper/databinding/LayoutPerspectivePanelBinding.java;decompiled/sources/com/oneguystudio/ytyper/ui/editor/dialog/PerspectiveEditorPanel.java,مورد موجود؛ الوصول والسلوك يحتاجان تحققًا عند غياب لقطة أو اختبار
layout_perspective_panel,tvMeshCols,TextView,عنصر عرض/حاوية,2,,,30.0dp,,visible,decoded/res/layout/layout_perspective_panel.xml,decompiled/sources/com/oneguystudio/ytyper/databinding/LayoutPerspectivePanelBinding.java;decompiled/sources/com/oneguystudio/ytyper/ui/editor/dialog/PerspectiveEditorPanel.java,مورد موجود؛ الوصول والسلوك يحتاجان تحققًا عند غياب لقطة أو اختبار
layout_perspective_panel,btnMinusMeshRows,ImageView,زر محتمل,,,,32.0dp,32.0dp,visible,decoded/res/layout/layout_perspective_panel.xml,decompiled/sources/com/oneguystudio/ytyper/databinding/LayoutPerspectivePanelBinding.java;decompiled/sources/com/oneguystudio/ytyper/ui/editor/dialog/PerspectiveEditorPanel.java,مورد موجود؛ الوصول والسلوك يحتاجان تحققًا عند غياب لقطة أو اختبار
layout_perspective_panel,seekMeshRows,SeekBar,إدخال/اختيار,,,,0.0dp,,visible,decoded/res/layout/layout_perspective_panel.xml,decompiled/sources/com/oneguystudio/ytyper/databinding/LayoutPerspectivePanelBinding.java;decompiled/sources/com/oneguystudio/ytyper/ui/editor/dialog/PerspectiveEditorPanel.java,مورد موجود؛ الوصول والسلوك يحتاجان تحققًا عند غياب لقطة أو اختبار
layout_perspective_panel,btnPlusMeshRows,ImageView,زر محتمل,,,,32.0dp,32.0dp,visible,decoded/res/layout/layout_perspective_panel.xml,decompiled/sources/com/oneguystudio/ytyper/databinding/LayoutPerspectivePanelBinding.java;decompiled/sources/com/oneguystudio/ytyper/ui/editor/dialog/PerspectiveEditorPanel.java,مورد موجود؛ الوصول والسلوك يحتاجان تحققًا عند غياب لقطة أو اختبار
layout_perspective_panel,tvMeshRows,TextView,عنصر عرض/حاوية,2,,,30.0dp,,visible,decoded/res/layout/layout_perspective_panel.xml,decompiled/sources/com/oneguystudio/ytyper/databinding/LayoutPerspectivePanelBinding.java;decompiled/sources/com/oneguystudio/ytyper/ui/editor/dialog/PerspectiveEditorPanel.java,مورد موجود؛ الوصول والسلوك يحتاجان تحققًا عند غياب لقطة أو اختبار
layout_position_panel,tvTitle,TextView,عنصر عرض/حاوية,الموضع والانعكاس,,,wrap_content,wrap_content,visible,decoded/res/layout/layout_position_panel.xml,decompiled/sources/com/oneguystudio/ytyper/databinding/DialogCanvasBackgroundBinding.java;decompiled/sources/com/oneguystudio/ytyper/databinding/DialogShapePickerBinding.java;decompiled/sources/com/oneguystudio/ytyper/databinding/LayoutImageAdjustmentsPanelBinding.java;decompiled/sources/com/oneguystudio/ytyper/databinding/LayoutImageEffectsPanelBinding.java;decompiled/sources/com/oneguystudio/ytyper/databinding/LayoutImageFiltersPanelBinding.java;decompiled/sources/com/oneguystudio/ytyper/databinding/LayoutMagicBrushPanelBinding.java;decompiled/sources/com/oneguystudio/ytyper/databinding/LayoutPositionPanelBinding.java;decompiled/sources/com/oneguystudio/ytyper/databinding/LayoutRulerPanelBinding.java;decompiled/sources/com/oneguystudio/ytyper/databinding/LayoutTexturePanelBinding.java;decompiled/sources/com/oneguystudio/ytyper/ui/editor/dialog/CanvasBackgroundBottomSheet.java;decompiled/sources/com/oneguystudio/ytyper/ui/editor/dialog/ShapePickerBottomSheet.java,مورد موجود؛ الوصول والسلوك يحتاجان تحققًا عند غياب لقطة أو اختبار
layout_position_panel,tvPosX,TextView,عنصر عرض/حاوية,X: -,,,wrap_content,wrap_content,visible,decoded/res/layout/layout_position_panel.xml,decompiled/sources/com/oneguystudio/ytyper/databinding/LayoutPositionPanelBinding.java,مورد موجود؛ الوصول والسلوك يحتاجان تحققًا عند غياب لقطة أو اختبار
layout_position_panel,tvPosY,TextView,عنصر عرض/حاوية,Y: -,,,wrap_content,wrap_content,visible,decoded/res/layout/layout_position_panel.xml,decompiled/sources/com/oneguystudio/ytyper/databinding/LayoutPositionPanelBinding.java,مورد موجود؛ الوصول والسلوك يحتاجان تحققًا عند غياب لقطة أو اختبار
layout_position_panel,gridAlignment,GridLayout,عنصر عرض/حاوية,,,,wrap_content,wrap_content,visible,decoded/res/layout/layout_position_panel.xml,decompiled/sources/com/oneguystudio/ytyper/databinding/LayoutPositionPanelBinding.java,مورد موجود؛ الوصول والسلوك يحتاجان تحققًا عند غياب لقطة أو اختبار
layout_position_panel,btnAlignLeft,ImageView,زر محتمل,,,Align Left,@dimen/dimen_32dp,@dimen/dimen_32dp,visible,decoded/res/layout/layout_position_panel.xml,decompiled/sources/com/oneguystudio/ytyper/databinding/DialogTextFormatBinding.java;decompiled/sources/com/oneguystudio/ytyper/databinding/LayoutPositionPanelBinding.java,مورد موجود؛ الوصول والسلوك يحتاجان تحققًا عند غياب لقطة أو اختبار
layout_position_panel,btnAlignTop,ImageView,زر محتمل,,,Align Top,@dimen/dimen_32dp,@dimen/dimen_32dp,visible,decoded/res/layout/layout_position_panel.xml,decompiled/sources/com/oneguystudio/ytyper/databinding/LayoutPositionPanelBinding.java,مورد موجود؛ الوصول والسلوك يحتاجان تحققًا عند غياب لقطة أو اختبار
layout_position_panel,btnAlignCenterH,ImageView,زر محتمل,,,Align Center H,@dimen/dimen_32dp,@dimen/dimen_32dp,visible,decoded/res/layout/layout_position_panel.xml,decompiled/sources/com/oneguystudio/ytyper/databinding/LayoutPositionPanelBinding.java,مورد موجود؛ الوصول والسلوك يحتاجان تحققًا عند غياب لقطة أو اختبار
layout_position_panel,btnAlignCenterV,ImageView,زر محتمل,,,Align Center V,@dimen/dimen_32dp,@dimen/dimen_32dp,visible,decoded/res/layout/layout_position_panel.xml,decompiled/sources/com/oneguystudio/ytyper/databinding/LayoutPositionPanelBinding.java,مورد موجود؛ الوصول والسلوك يحتاجان تحققًا عند غياب لقطة أو اختبار
layout_position_panel,btnAlignRight,ImageView,زر محتمل,,,Align Right,@dimen/dimen_32dp,@dimen/dimen_32dp,visible,decoded/res/layout/layout_position_panel.xml,decompiled/sources/com/oneguystudio/ytyper/databinding/DialogTextFormatBinding.java;decompiled/sources/com/oneguystudio/ytyper/databinding/LayoutPositionPanelBinding.java,مورد موجود؛ الوصول والسلوك يحتاجان تحققًا عند غياب لقطة أو اختبار
layout_position_panel,btnAlignBottom,ImageView,زر محتمل,,,Align Bottom,@dimen/dimen_32dp,@dimen/dimen_32dp,visible,decoded/res/layout/layout_position_panel.xml,decompiled/sources/com/oneguystudio/ytyper/databinding/LayoutPositionPanelBinding.java,مورد موجود؛ الوصول والسلوك يحتاجان تحققًا عند غياب لقطة أو اختبار
layout_position_panel,gridDpad,GridLayout,عنصر عرض/حاوية,,,,wrap_content,wrap_content,visible,decoded/res/layout/layout_position_panel.xml,decompiled/sources/com/oneguystudio/ytyper/databinding/LayoutPositionPanelBinding.java,مورد موجود؛ الوصول والسلوك يحتاجان تحققًا عند غياب لقطة أو اختبار
layout_position_panel,btnMoveUp,ImageView,زر محتمل,,,,,,visible,decoded/res/layout/layout_position_panel.xml,decompiled/sources/com/oneguystudio/ytyper/databinding/LayoutPositionPanelBinding.java,مورد موجود؛ الوصول والسلوك يحتاجان تحققًا عند غياب لقطة أو اختبار
layout_position_panel,btnMoveLeft,ImageView,زر محتمل,,,,,,visible,decoded/res/layout/layout_position_panel.xml,decompiled/sources/com/oneguystudio/ytyper/databinding/LayoutPositionPanelBinding.java,مورد موجود؛ الوصول والسلوك يحتاجان تحققًا عند غياب لقطة أو اختبار
layout_position_panel,btnMoveCenter,ImageView,زر محتمل,,,,,,visible,decoded/res/layout/layout_position_panel.xml,decompiled/sources/com/oneguystudio/ytyper/databinding/LayoutPositionPanelBinding.java,مورد موجود؛ الوصول والسلوك يحتاجان تحققًا عند غياب لقطة أو اختبار
layout_position_panel,btnMoveRight,ImageView,زر محتمل,,,,,,visible,decoded/res/layout/layout_position_panel.xml,decompiled/sources/com/oneguystudio/ytyper/databinding/LayoutPositionPanelBinding.java,مورد موجود؛ الوصول والسلوك يحتاجان تحققًا عند غياب لقطة أو اختبار
layout_position_panel,btnMoveDown,ImageView,زر محتمل,,,,,,visible,decoded/res/layout/layout_position_panel.xml,decompiled/sources/com/oneguystudio/ytyper/databinding/LayoutPositionPanelBinding.java,مورد موجود؛ الوصول والسلوك يحتاجان تحققًا عند غياب لقطة أو اختبار
layout_position_panel,btnStepMinus,ImageView,زر محتمل,,,,@dimen/dimen_28dp,@dimen/dimen_28dp,visible,decoded/res/layout/layout_position_panel.xml,decompiled/sources/com/oneguystudio/ytyper/databinding/LayoutPerspectivePanelBinding.java;decompiled/sources/com/oneguystudio/ytyper/databinding/LayoutPositionPanelBinding.java;decompiled/sources/com/oneguystudio/ytyper/ui/editor/dialog/PerspectiveEditorPanel.java,مورد موجود؛ الوصول والسلوك يحتاجان تحققًا عند غياب لقطة أو اختبار
layout_position_panel,tvStepCounter,TextView,عنصر عرض/حاوية,1,,,@dimen/dimen_24dp,wrap_content,visible,decoded/res/layout/layout_position_panel.xml,decompiled/sources/com/oneguystudio/ytyper/databinding/LayoutPerspectivePanelBinding.java;decompiled/sources/com/oneguystudio/ytyper/databinding/LayoutPositionPanelBinding.java;decompiled/sources/com/oneguystudio/ytyper/ui/editor/dialog/PerspectiveEditorPanel.java,مورد موجود؛ الوصول والسلوك يحتاجان تحققًا عند غياب لقطة أو اختبار
layout_position_panel,btnStepPlus,ImageView,زر محتمل,,,,@dimen/dimen_28dp,@dimen/dimen_28dp,visible,decoded/res/layout/layout_position_panel.xml,decompiled/sources/com/oneguystudio/ytyper/databinding/LayoutPerspectivePanelBinding.java;decompiled/sources/com/oneguystudio/ytyper/databinding/LayoutPositionPanelBinding.java;decompiled/sources/com/oneguystudio/ytyper/ui/editor/dialog/PerspectiveEditorPanel.java,مورد موجود؛ الوصول والسلوك يحتاجان تحققًا عند غياب لقطة أو اختبار
layout_position_panel,btnPreset1,TextView,زر محتمل,1,,,wrap_content,wrap_content,visible,decoded/res/layout/layout_position_panel.xml,decompiled/sources/com/oneguystudio/ytyper/databinding/LayoutPositionPanelBinding.java,مورد موجود؛ الوصول والسلوك يحتاجان تحققًا عند غياب لقطة أو اختبار
layout_position_panel,btnPreset5,TextView,زر محتمل,5,,,wrap_content,wrap_content,visible,decoded/res/layout/layout_position_panel.xml,decompiled/sources/com/oneguystudio/ytyper/databinding/LayoutPositionPanelBinding.java,مورد موجود؛ الوصول والسلوك يحتاجان تحققًا عند غياب لقطة أو اختبار
layout_position_panel,btnPreset10,TextView,زر محتمل,10,,,wrap_content,wrap_content,visible,decoded/res/layout/layout_position_panel.xml,decompiled/sources/com/oneguystudio/ytyper/databinding/LayoutPositionPanelBinding.java,مورد موجود؛ الوصول والسلوك يحتاجان تحققًا عند غياب لقطة أو اختبار
layout_position_panel,btnPreset30,TextView,زر محتمل,30,,,wrap_content,wrap_content,visible,decoded/res/layout/layout_position_panel.xml,decompiled/sources/com/oneguystudio/ytyper/databinding/LayoutPositionPanelBinding.java,مورد موجود؛ الوصول والسلوك يحتاجان تحققًا عند غياب لقطة أو اختبار
layout_position_panel,btnPreset50,TextView,زر محتمل,50,,,wrap_content,wrap_content,visible,decoded/res/layout/layout_position_panel.xml,decompiled/sources/com/oneguystudio/ytyper/databinding/LayoutPositionPanelBinding.java,مورد موجود؛ الوصول والسلوك يحتاجان تحققًا عند غياب لقطة أو اختبار
layout_position_panel,btnFlipX,TextView,زر محتمل,- X,,,wrap_content,wrap_content,visible,decoded/res/layout/layout_position_panel.xml,decompiled/sources/com/oneguystudio/ytyper/databinding/LayoutPositionPanelBinding.java,مورد موجود؛ الوصول والسلوك يحتاجان تحققًا عند غياب لقطة أو اختبار
layout_position_panel,btnFlipY,TextView,زر محتمل,- Y,,,wrap_content,wrap_content,visible,decoded/res/layout/layout_position_panel.xml,decompiled/sources/com/oneguystudio/ytyper/databinding/LayoutPositionPanelBinding.java,مورد موجود؛ الوصول والسلوك يحتاجان تحققًا عند غياب لقطة أو اختبار
layout_ruler_panel,tvTitle,TextView,عنصر عرض/حاوية,مسطرة الأبعاد (Smart Guides),,,wrap_content,wrap_content,visible,decoded/res/layout/layout_ruler_panel.xml,decompiled/sources/com/oneguystudio/ytyper/databinding/DialogCanvasBackgroundBinding.java;decompiled/sources/com/oneguystudio/ytyper/databinding/DialogShapePickerBinding.java;decompiled/sources/com/oneguystudio/ytyper/databinding/LayoutImageAdjustmentsPanelBinding.java;decompiled/sources/com/oneguystudio/ytyper/databinding/LayoutImageEffectsPanelBinding.java;decompiled/sources/com/oneguystudio/ytyper/databinding/LayoutImageFiltersPanelBinding.java;decompiled/sources/com/oneguystudio/ytyper/databinding/LayoutMagicBrushPanelBinding.java;decompiled/sources/com/oneguystudio/ytyper/databinding/LayoutPositionPanelBinding.java;decompiled/sources/com/oneguystudio/ytyper/databinding/LayoutRulerPanelBinding.java;decompiled/sources/com/oneguystudio/ytyper/databinding/LayoutTexturePanelBinding.java;decompiled/sources/com/oneguystudio/ytyper/ui/editor/dialog/CanvasBackgroundBottomSheet.java;decompiled/sources/com/oneguystudio/ytyper/ui/editor/dialog/ShapePickerBottomSheet.java,مورد موجود؛ الوصول والسلوك يحتاجان تحققًا عند غياب لقطة أو اختبار
layout_ruler_panel,btnAutoCenter,TextView,زر محتمل,توسيط سحري,,,wrap_content,wrap_content,visible,decoded/res/layout/layout_ruler_panel.xml,decompiled/sources/com/oneguystudio/ytyper/databinding/LayoutRulerPanelBinding.java;decompiled/sources/com/oneguystudio/ytyper/ui/editor/b2.java,مورد موجود؛ الوصول والسلوك يحتاجان تحققًا عند غياب لقطة أو اختبار
layout_ruler_panel,tvRulerTop,TextView,عنصر عرض/حاوية,↑: -- px,,,0.0dp,wrap_content,visible,decoded/res/layout/layout_ruler_panel.xml,decompiled/sources/com/oneguystudio/ytyper/databinding/LayoutRulerPanelBinding.java;decompiled/sources/com/oneguystudio/ytyper/ui/editor/b2.java,مورد موجود؛ الوصول والسلوك يحتاجان تحققًا عند غياب لقطة أو اختبار
layout_ruler_panel,tvRulerBottom,TextView,عنصر عرض/حاوية,↓: -- px,,,0.0dp,wrap_content,visible,decoded/res/layout/layout_ruler_panel.xml,decompiled/sources/com/oneguystudio/ytyper/databinding/LayoutRulerPanelBinding.java;decompiled/sources/com/oneguystudio/ytyper/ui/editor/b2.java,مورد موجود؛ الوصول والسلوك يحتاجان تحققًا عند غياب لقطة أو اختبار
layout_ruler_panel,tvRulerLeft,TextView,عنصر عرض/حاوية,←: -- px,,,0.0dp,wrap_content,visible,decoded/res/layout/layout_ruler_panel.xml,decompiled/sources/com/oneguystudio/ytyper/databinding/LayoutRulerPanelBinding.java;decompiled/sources/com/oneguystudio/ytyper/ui/editor/b2.java,مورد موجود؛ الوصول والسلوك يحتاجان تحققًا عند غياب لقطة أو اختبار
layout_ruler_panel,tvRulerRight,TextView,عنصر عرض/حاوية,→: -- px,,,0.0dp,wrap_content,visible,decoded/res/layout/layout_ruler_panel.xml,decompiled/sources/com/oneguystudio/ytyper/databinding/LayoutRulerPanelBinding.java;decompiled/sources/com/oneguystudio/ytyper/ui/editor/b2.java,مورد موجود؛ الوصول والسلوك يحتاجان تحققًا عند غياب لقطة أو اختبار
layout_ruler_panel,seekRulerThreshold,SeekBar,إدخال/اختيار,,,,match_parent,wrap_content,visible,decoded/res/layout/layout_ruler_panel.xml,decompiled/sources/com/oneguystudio/ytyper/databinding/LayoutRulerPanelBinding.java;decompiled/sources/com/oneguystudio/ytyper/ui/editor/b2.java,مورد موجود؛ الوصول والسلوك يحتاجان تحققًا عند غياب لقطة أو اختبار
layout_ruler_panel,tvRulerThresholdValue,TextView,عنصر عرض/حاوية,128,,,wrap_content,wrap_content,visible,decoded/res/layout/layout_ruler_panel.xml,decompiled/sources/com/oneguystudio/ytyper/databinding/LayoutRulerPanelBinding.java;decompiled/sources/com/oneguystudio/ytyper/ui/editor/b2.java,مورد موجود؛ الوصول والسلوك يحتاجان تحققًا عند غياب لقطة أو اختبار
layout_shadow_panel,btnRemoveShadow,TextView,زر محتمل,إزالة,,,wrap_content,wrap_content,visible,decoded/res/layout/layout_shadow_panel.xml,decompiled/sources/com/oneguystudio/ytyper/databinding/LayoutShadowPanelBinding.java,مورد موجود؛ الوصول والسلوك يحتاجان تحققًا عند غياب لقطة أو اختبار
layout_shadow_panel,tabShadowColorMode,TabLayout,عنصر عرض/حاوية,,,,match_parent,40.0dp,visible,decoded/res/layout/layout_shadow_panel.xml,decompiled/sources/com/oneguystudio/ytyper/databinding/LayoutShadowPanelBinding.java,مورد موجود؛ الوصول والسلوك يحتاجان تحققًا عند غياب لقطة أو اختبار
layout_shadow_panel,layoutSolidColor,LinearLayout,عنصر عرض/حاوية,,,,match_parent,60.0dp,visible,decoded/res/layout/layout_shadow_panel.xml,decompiled/sources/com/oneguystudio/ytyper/databinding/LayoutColorPanelBinding.java;decompiled/sources/com/oneguystudio/ytyper/databinding/LayoutShadowPanelBinding.java,مورد موجود؛ الوصول والسلوك يحتاجان تحققًا عند غياب لقطة أو اختبار
layout_shadow_panel,btnEyedropper,ImageView,زر محتمل,,,,45.0dp,45.0dp,visible,decoded/res/layout/layout_shadow_panel.xml,decompiled/sources/com/oneguystudio/ytyper/databinding/DialogColorPickerBinding.java;decompiled/sources/com/oneguystudio/ytyper/databinding/LayoutBackgroundPanelBinding.java;decompiled/sources/com/oneguystudio/ytyper/databinding/LayoutColorPanelBinding.java;decompiled/sources/com/oneguystudio/ytyper/databinding/LayoutShadowPanelBinding.java;decompiled/sources/com/oneguystudio/ytyper/databinding/LayoutStrokePanelBinding.java,مورد موجود؛ الوصول والسلوك يحتاجان تحققًا عند غياب لقطة أو اختبار
layout_shadow_panel,btnOpenPalette,ImageView,زر محتمل,,,,45.0dp,45.0dp,visible,decoded/res/layout/layout_shadow_panel.xml,decompiled/sources/com/oneguystudio/ytyper/databinding/LayoutBackgroundPanelBinding.java;decompiled/sources/com/oneguystudio/ytyper/databinding/LayoutColorPanelBinding.java;decompiled/sources/com/oneguystudio/ytyper/databinding/LayoutShadowPanelBinding.java;decompiled/sources/com/oneguystudio/ytyper/databinding/LayoutStrokePanelBinding.java,مورد موجود؛ الوصول والسلوك يحتاجان تحققًا عند غياب لقطة أو اختبار
layout_shadow_panel,recyclerRecentColors,RecyclerView,عنصر عرض/حاوية,,,,match_parent,match_parent,visible,decoded/res/layout/layout_shadow_panel.xml,decompiled/sources/com/oneguystudio/ytyper/databinding/LayoutBackgroundPanelBinding.java;decompiled/sources/com/oneguystudio/ytyper/databinding/LayoutColorPanelBinding.java;decompiled/sources/com/oneguystudio/ytyper/databinding/LayoutShadowPanelBinding.java;decompiled/sources/com/oneguystudio/ytyper/databinding/LayoutStrokePanelBinding.java,مورد موجود؛ الوصول والسلوك يحتاجان تحققًا عند غياب لقطة أو اختبار
layout_shadow_panel,layoutGradientMode,LinearLayout,عنصر عرض/حاوية,,,,match_parent,wrap_content,gone,decoded/res/layout/layout_shadow_panel.xml,decompiled/sources/com/oneguystudio/ytyper/databinding/LayoutColorPanelBinding.java;decompiled/sources/com/oneguystudio/ytyper/databinding/LayoutShadowPanelBinding.java;decompiled/sources/com/oneguystudio/ytyper/databinding/LayoutStrokePanelBinding.java,مورد موجود؛ الوصول والسلوك يحتاجان تحققًا عند غياب لقطة أو اختبار
layout_shadow_panel,gradientSliderView,GradientSliderView,إدخال/اختيار,,,,match_parent,54.0dp,visible,decoded/res/layout/layout_shadow_panel.xml,decompiled/sources/com/oneguystudio/ytyper/databinding/DialogInteractiveGradientBinding.java;decompiled/sources/com/oneguystudio/ytyper/databinding/LayoutColorPanelBinding.java;decompiled/sources/com/oneguystudio/ytyper/databinding/LayoutShadowPanelBinding.java;decompiled/sources/com/oneguystudio/ytyper/databinding/LayoutStrokePanelBinding.java;decompiled/sources/com/oneguystudio/ytyper/ui/editor/dialog/InteractiveGradientDialog.java,مورد موجود؛ الوصول والسلوك يحتاجان تحققًا عند غياب لقطة أو اختبار
layout_shadow_panel,seekGradientAngle,SeekBar,إدخال/اختيار,,,,0.0dp,wrap_content,visible,decoded/res/layout/layout_shadow_panel.xml,decompiled/sources/com/oneguystudio/ytyper/databinding/LayoutColorPanelBinding.java;decompiled/sources/com/oneguystudio/ytyper/databinding/LayoutShadowPanelBinding.java;decompiled/sources/com/oneguystudio/ytyper/databinding/LayoutStrokePanelBinding.java,مورد موجود؛ الوصول والسلوك يحتاجان تحققًا عند غياب لقطة أو اختبار
layout_shadow_panel,tvGradientAngle,TextView,عنصر عرض/حاوية,0°,,,40.0dp,wrap_content,visible,decoded/res/layout/layout_shadow_panel.xml,decompiled/sources/com/oneguystudio/ytyper/databinding/LayoutColorPanelBinding.java;decompiled/sources/com/oneguystudio/ytyper/databinding/LayoutShadowPanelBinding.java;decompiled/sources/com/oneguystudio/ytyper/databinding/LayoutStrokePanelBinding.java,مورد موجود؛ الوصول والسلوك يحتاجان تحققًا عند غياب لقطة أو اختبار
layout_shadow_panel,btnAdvancedGradient,ImageView,زر محتمل,,,,35.0dp,35.0dp,visible,decoded/res/layout/layout_shadow_panel.xml,decompiled/sources/com/oneguystudio/ytyper/databinding/LayoutColorPanelBinding.java;decompiled/sources/com/oneguystudio/ytyper/databinding/LayoutShadowPanelBinding.java;decompiled/sources/com/oneguystudio/ytyper/databinding/LayoutStrokePanelBinding.java,مورد موجود؛ الوصول والسلوك يحتاجان تحققًا عند غياب لقطة أو اختبار
layout_shadow_panel,btnInteractiveGradient,ImageView,زر محتمل,,,,35.0dp,35.0dp,visible,decoded/res/layout/layout_shadow_panel.xml,decompiled/sources/com/oneguystudio/ytyper/databinding/LayoutColorPanelBinding.java;decompiled/sources/com/oneguystudio/ytyper/databinding/LayoutShadowPanelBinding.java;decompiled/sources/com/oneguystudio/ytyper/databinding/LayoutStrokePanelBinding.java,مورد موجود؛ الوصول والسلوك يحتاجان تحققًا عند غياب لقطة أو اختبار
layout_shadow_panel,btnMinusRadius,ImageView,زر محتمل,,,,26.0dp,26.0dp,visible,decoded/res/layout/layout_shadow_panel.xml,decompiled/sources/com/oneguystudio/ytyper/databinding/LayoutShadowPanelBinding.java;decompiled/sources/com/oneguystudio/ytyper/ui/editor/dialog/ShadowEditorPanel.java,مورد موجود؛ الوصول والسلوك يحتاجان تحققًا عند غياب لقطة أو اختبار
layout_shadow_panel,seekRadius,SeekBar,إدخال/اختيار,,,,0.0dp,wrap_content,visible,decoded/res/layout/layout_shadow_panel.xml,decompiled/sources/com/oneguystudio/ytyper/databinding/LayoutBackgroundPanelBinding.java;decompiled/sources/com/oneguystudio/ytyper/databinding/LayoutShadowPanelBinding.java,مورد موجود؛ الوصول والسلوك يحتاجان تحققًا عند غياب لقطة أو اختبار
layout_shadow_panel,btnPlusRadius,ImageView,زر محتمل,,,,26.0dp,26.0dp,visible,decoded/res/layout/layout_shadow_panel.xml,decompiled/sources/com/oneguystudio/ytyper/databinding/LayoutShadowPanelBinding.java;decompiled/sources/com/oneguystudio/ytyper/ui/editor/dialog/ShadowEditorPanel.java,مورد موجود؛ الوصول والسلوك يحتاجان تحققًا عند غياب لقطة أو اختبار
layout_shadow_panel,tvRadius,TextView,عنصر عرض/حاوية,,,,35.0dp,wrap_content,visible,decoded/res/layout/layout_shadow_panel.xml,decompiled/sources/com/oneguystudio/ytyper/databinding/LayoutBackgroundPanelBinding.java;decompiled/sources/com/oneguystudio/ytyper/databinding/LayoutShadowPanelBinding.java,مورد موجود؛ الوصول والسلوك يحتاجان تحققًا عند غياب لقطة أو اختبار
layout_shadow_panel,btnMinusThickness,ImageView,زر محتمل,,,,26.0dp,26.0dp,visible,decoded/res/layout/layout_shadow_panel.xml,decompiled/sources/com/oneguystudio/ytyper/databinding/LayoutShadowPanelBinding.java;decompiled/sources/com/oneguystudio/ytyper/ui/editor/dialog/ShadowEditorPanel.java,مورد موجود؛ الوصول والسلوك يحتاجان تحققًا عند غياب لقطة أو اختبار
layout_shadow_panel,seekThickness,SeekBar,إدخال/اختيار,,,,0.0dp,wrap_content,visible,decoded/res/layout/layout_shadow_panel.xml,decompiled/sources/com/oneguystudio/ytyper/databinding/LayoutShadowPanelBinding.java,مورد موجود؛ الوصول والسلوك يحتاجان تحققًا عند غياب لقطة أو اختبار
layout_shadow_panel,btnPlusThickness,ImageView,زر محتمل,,,,26.0dp,26.0dp,visible,decoded/res/layout/layout_shadow_panel.xml,decompiled/sources/com/oneguystudio/ytyper/databinding/LayoutShadowPanelBinding.java;decompiled/sources/com/oneguystudio/ytyper/ui/editor/dialog/ShadowEditorPanel.java,مورد موجود؛ الوصول والسلوك يحتاجان تحققًا عند غياب لقطة أو اختبار
layout_shadow_panel,tvThickness,TextView,عنصر عرض/حاوية,,,,35.0dp,wrap_content,visible,decoded/res/layout/layout_shadow_panel.xml,decompiled/sources/com/oneguystudio/ytyper/databinding/LayoutShadowPanelBinding.java,مورد موجود؛ الوصول والسلوك يحتاجان تحققًا عند غياب لقطة أو اختبار
layout_shadow_panel,btnMinusOpacity,ImageView,زر محتمل,,,,26.0dp,26.0dp,visible,decoded/res/layout/layout_shadow_panel.xml,decompiled/sources/com/oneguystudio/ytyper/databinding/LayoutOpacityPanelBinding.java;decompiled/sources/com/oneguystudio/ytyper/databinding/LayoutShadowPanelBinding.java;decompiled/sources/com/oneguystudio/ytyper/ui/editor/dialog/ShadowEditorPanel.java,مورد موجود؛ الوصول والسلوك يحتاجان تحققًا عند غياب لقطة أو اختبار
layout_shadow_panel,seekOpacity,SeekBar,إدخال/اختيار,,,,0.0dp,wrap_content,visible,decoded/res/layout/layout_shadow_panel.xml,decompiled/sources/com/oneguystudio/ytyper/databinding/LayoutBackgroundPanelBinding.java;decompiled/sources/com/oneguystudio/ytyper/databinding/LayoutOpacityPanelBinding.java;decompiled/sources/com/oneguystudio/ytyper/databinding/LayoutShadowPanelBinding.java,مورد موجود؛ الوصول والسلوك يحتاجان تحققًا عند غياب لقطة أو اختبار
layout_shadow_panel,btnPlusOpacity,ImageView,زر محتمل,,,,26.0dp,26.0dp,visible,decoded/res/layout/layout_shadow_panel.xml,decompiled/sources/com/oneguystudio/ytyper/databinding/LayoutOpacityPanelBinding.java;decompiled/sources/com/oneguystudio/ytyper/databinding/LayoutShadowPanelBinding.java;decompiled/sources/com/oneguystudio/ytyper/ui/editor/dialog/ShadowEditorPanel.java,مورد موجود؛ الوصول والسلوك يحتاجان تحققًا عند غياب لقطة أو اختبار
layout_shadow_panel,tvOpacity,TextView,عنصر عرض/حاوية,,,,35.0dp,wrap_content,visible,decoded/res/layout/layout_shadow_panel.xml,decompiled/sources/com/oneguystudio/ytyper/databinding/LayoutBackgroundPanelBinding.java;decompiled/sources/com/oneguystudio/ytyper/databinding/LayoutOpacityPanelBinding.java;decompiled/sources/com/oneguystudio/ytyper/databinding/LayoutShadowPanelBinding.java,مورد موجود؛ الوصول والسلوك يحتاجان تحققًا عند غياب لقطة أو اختبار
layout_shadow_panel,btnShadowUp,ImageView,زر محتمل,,,,36.0dp,36.0dp,visible,decoded/res/layout/layout_shadow_panel.xml,decompiled/sources/com/oneguystudio/ytyper/databinding/LayoutShadowPanelBinding.java,مورد موجود؛ الوصول والسلوك يحتاجان تحققًا عند غياب لقطة أو اختبار
layout_shadow_panel,btnShadowDown,ImageView,زر محتمل,,,,36.0dp,36.0dp,visible,decoded/res/layout/layout_shadow_panel.xml,decompiled/sources/com/oneguystudio/ytyper/databinding/LayoutShadowPanelBinding.java,مورد موجود؛ الوصول والسلوك يحتاجان تحققًا عند غياب لقطة أو اختبار
layout_shadow_panel,btnShadowLeft,ImageView,زر محتمل,,,,36.0dp,36.0dp,visible,decoded/res/layout/layout_shadow_panel.xml,decompiled/sources/com/oneguystudio/ytyper/databinding/LayoutShadowPanelBinding.java,مورد موجود؛ الوصول والسلوك يحتاجان تحققًا عند غياب لقطة أو اختبار
layout_shadow_panel,btnShadowRight,ImageView,زر محتمل,,,,36.0dp,36.0dp,visible,decoded/res/layout/layout_shadow_panel.xml,decompiled/sources/com/oneguystudio/ytyper/databinding/LayoutShadowPanelBinding.java,مورد موجود؛ الوصول والسلوك يحتاجان تحققًا عند غياب لقطة أو اختبار
layout_snap_settings,switch_snap_center_x,Switch,إدخال/اختيار,,,,match_parent,wrap_content,visible,decoded/res/layout/layout_snap_settings.xml,decompiled/sources/com/oneguystudio/ytyper/databinding/LayoutSnapSettingsBinding.java;decompiled/sources/com/oneguystudio/ytyper/ui/editor/EditorActivity.java,مورد موجود؛ الوصول والسلوك يحتاجان تحققًا عند غياب لقطة أو اختبار
layout_snap_settings,switch_snap_center_y,Switch,إدخال/اختيار,,,,match_parent,wrap_content,visible,decoded/res/layout/layout_snap_settings.xml,decompiled/sources/com/oneguystudio/ytyper/databinding/LayoutSnapSettingsBinding.java;decompiled/sources/com/oneguystudio/ytyper/ui/editor/EditorActivity.java,مورد موجود؛ الوصول والسلوك يحتاجان تحققًا عند غياب لقطة أو اختبار
layout_snap_settings,switch_snap_layers,Switch,إدخال/اختيار,,,,match_parent,wrap_content,visible,decoded/res/layout/layout_snap_settings.xml,decompiled/sources/com/oneguystudio/ytyper/databinding/LayoutSnapSettingsBinding.java;decompiled/sources/com/oneguystudio/ytyper/ui/editor/EditorActivity.java,مورد موجود؛ الوصول والسلوك يحتاجان تحققًا عند غياب لقطة أو اختبار
layout_snap_settings,switch_snap_edges,Switch,إدخال/اختيار,,,,match_parent,wrap_content,visible,decoded/res/layout/layout_snap_settings.xml,decompiled/sources/com/oneguystudio/ytyper/databinding/LayoutSnapSettingsBinding.java;decompiled/sources/com/oneguystudio/ytyper/ui/editor/EditorActivity.java,مورد موجود؛ الوصول والسلوك يحتاجان تحققًا عند غياب لقطة أو اختبار
layout_snap_settings,btn_snap_strength_minus,ImageView,زر محتمل,,,,32.0dp,32.0dp,visible,decoded/res/layout/layout_snap_settings.xml,decompiled/sources/com/oneguystudio/ytyper/databinding/LayoutSnapSettingsBinding.java;decompiled/sources/com/oneguystudio/ytyper/ui/editor/EditorActivity.java,مورد موجود؛ الوصول والسلوك يحتاجان تحققًا عند غياب لقطة أو اختبار
layout_snap_settings,tv_snap_strength,TextView,عنصر عرض/حاوية,4,,,0.0dp,wrap_content,visible,decoded/res/layout/layout_snap_settings.xml,decompiled/sources/com/oneguystudio/ytyper/databinding/LayoutSnapSettingsBinding.java;decompiled/sources/com/oneguystudio/ytyper/ui/editor/EditorActivity.java,مورد موجود؛ الوصول والسلوك يحتاجان تحققًا عند غياب لقطة أو اختبار
layout_snap_settings,btn_snap_strength_plus,ImageView,زر محتمل,,,,32.0dp,32.0dp,visible,decoded/res/layout/layout_snap_settings.xml,decompiled/sources/com/oneguystudio/ytyper/databinding/LayoutSnapSettingsBinding.java;decompiled/sources/com/oneguystudio/ytyper/ui/editor/EditorActivity.java,مورد موجود؛ الوصول والسلوك يحتاجان تحققًا عند غياب لقطة أو اختبار
layout_spacing_panel,btnMinusLetterSpace,ImageView,زر محتمل,,,,32.0dp,32.0dp,visible,decoded/res/layout/layout_spacing_panel.xml,decompiled/sources/com/oneguystudio/ytyper/databinding/LayoutSpacingPanelBinding.java,مورد موجود؛ الوصول والسلوك يحتاجان تحققًا عند غياب لقطة أو اختبار
layout_spacing_panel,seekLetterSpace,SeekBar,إدخال/اختيار,,,,,,visible,decoded/res/layout/layout_spacing_panel.xml,decompiled/sources/com/oneguystudio/ytyper/databinding/LayoutSpacingPanelBinding.java,مورد موجود؛ الوصول والسلوك يحتاجان تحققًا عند غياب لقطة أو اختبار
layout_spacing_panel,btnPlusLetterSpace,ImageView,زر محتمل,,,,32.0dp,32.0dp,visible,decoded/res/layout/layout_spacing_panel.xml,decompiled/sources/com/oneguystudio/ytyper/databinding/LayoutSpacingPanelBinding.java,مورد موجود؛ الوصول والسلوك يحتاجان تحققًا عند غياب لقطة أو اختبار
layout_spacing_panel,tvLetterSpace,TextView,عنصر عرض/حاوية,0.00,,,,,visible,decoded/res/layout/layout_spacing_panel.xml,decompiled/sources/com/oneguystudio/ytyper/databinding/LayoutSpacingPanelBinding.java,مورد موجود؛ الوصول والسلوك يحتاجان تحققًا عند غياب لقطة أو اختبار
layout_spacing_panel,btnMinusLineSpace,ImageView,زر محتمل,,,,32.0dp,32.0dp,visible,decoded/res/layout/layout_spacing_panel.xml,decompiled/sources/com/oneguystudio/ytyper/databinding/LayoutSpacingPanelBinding.java,مورد موجود؛ الوصول والسلوك يحتاجان تحققًا عند غياب لقطة أو اختبار
layout_spacing_panel,seekLineSpace,SeekBar,إدخال/اختيار,,,,,,visible,decoded/res/layout/layout_spacing_panel.xml,decompiled/sources/com/oneguystudio/ytyper/databinding/LayoutSpacingPanelBinding.java,مورد موجود؛ الوصول والسلوك يحتاجان تحققًا عند غياب لقطة أو اختبار
layout_spacing_panel,btnPlusLineSpace,ImageView,زر محتمل,,,,32.0dp,32.0dp,visible,decoded/res/layout/layout_spacing_panel.xml,decompiled/sources/com/oneguystudio/ytyper/databinding/LayoutSpacingPanelBinding.java,مورد موجود؛ الوصول والسلوك يحتاجان تحققًا عند غياب لقطة أو اختبار
layout_spacing_panel,tvLineSpace,TextView,عنصر عرض/حاوية,1.0,,,,,visible,decoded/res/layout/layout_spacing_panel.xml,decompiled/sources/com/oneguystudio/ytyper/databinding/LayoutSpacingPanelBinding.java,مورد موجود؛ الوصول والسلوك يحتاجان تحققًا عند غياب لقطة أو اختبار
layout_spacing_panel,btnMinusTashkeelSpace,ImageView,زر محتمل,,,,32.0dp,32.0dp,visible,decoded/res/layout/layout_spacing_panel.xml,decompiled/sources/com/oneguystudio/ytyper/databinding/LayoutSpacingPanelBinding.java,مورد موجود؛ الوصول والسلوك يحتاجان تحققًا عند غياب لقطة أو اختبار
layout_spacing_panel,seekTashkeelSpace,SeekBar,إدخال/اختيار,,,,,,visible,decoded/res/layout/layout_spacing_panel.xml,decompiled/sources/com/oneguystudio/ytyper/databinding/LayoutSpacingPanelBinding.java,مورد موجود؛ الوصول والسلوك يحتاجان تحققًا عند غياب لقطة أو اختبار
layout_spacing_panel,btnPlusTashkeelSpace,ImageView,زر محتمل,,,,32.0dp,32.0dp,visible,decoded/res/layout/layout_spacing_panel.xml,decompiled/sources/com/oneguystudio/ytyper/databinding/LayoutSpacingPanelBinding.java,مورد موجود؛ الوصول والسلوك يحتاجان تحققًا عند غياب لقطة أو اختبار
layout_spacing_panel,tvTashkeelSpace,TextView,عنصر عرض/حاوية,0,,,,,visible,decoded/res/layout/layout_spacing_panel.xml,decompiled/sources/com/oneguystudio/ytyper/databinding/LayoutSpacingPanelBinding.java,مورد موجود؛ الوصول والسلوك يحتاجان تحققًا عند غياب لقطة أو اختبار
layout_stroke_panel,btnMinusStrokeWidth,ImageView,زر محتمل,,,,32.0dp,32.0dp,visible,decoded/res/layout/layout_stroke_panel.xml,decompiled/sources/com/oneguystudio/ytyper/databinding/LayoutStrokePanelBinding.java;decompiled/sources/com/oneguystudio/ytyper/ui/editor/dialog/StrokeEditorPanel.java,مورد موجود؛ الوصول والسلوك يحتاجان تحققًا عند غياب لقطة أو اختبار
layout_stroke_panel,seekStrokeWidth,SeekBar,إدخال/اختيار,,,,@dimen/dimen_0dp,wrap_content,visible,decoded/res/layout/layout_stroke_panel.xml,decompiled/sources/com/oneguystudio/ytyper/databinding/LayoutStrokePanelBinding.java,مورد موجود؛ الوصول والسلوك يحتاجان تحققًا عند غياب لقطة أو اختبار
layout_stroke_panel,btnPlusStrokeWidth,ImageView,زر محتمل,,,,32.0dp,32.0dp,visible,decoded/res/layout/layout_stroke_panel.xml,decompiled/sources/com/oneguystudio/ytyper/databinding/LayoutStrokePanelBinding.java;decompiled/sources/com/oneguystudio/ytyper/ui/editor/dialog/StrokeEditorPanel.java,مورد موجود؛ الوصول والسلوك يحتاجان تحققًا عند غياب لقطة أو اختبار
layout_stroke_panel,tvStrokeWidth,TextView,عنصر عرض/حاوية,0,,,@dimen/dimen_40dp,wrap_content,visible,decoded/res/layout/layout_stroke_panel.xml,decompiled/sources/com/oneguystudio/ytyper/databinding/LayoutStrokePanelBinding.java,مورد موجود؛ الوصول والسلوك يحتاجان تحققًا عند غياب لقطة أو اختبار
layout_stroke_panel,tabStrokeMode,TabLayout,عنصر عرض/حاوية,,,,match_parent,@dimen/dimen_40dp,visible,decoded/res/layout/layout_stroke_panel.xml,decompiled/sources/com/oneguystudio/ytyper/databinding/LayoutStrokePanelBinding.java,مورد موجود؛ الوصول والسلوك يحتاجان تحققًا عند غياب لقطة أو اختبار
layout_stroke_panel,layoutSolidMode,LinearLayout,عنصر عرض/حاوية,,,,match_parent,@dimen/dimen_60dp,visible,decoded/res/layout/layout_stroke_panel.xml,decompiled/sources/com/oneguystudio/ytyper/databinding/LayoutBackgroundPanelBinding.java;decompiled/sources/com/oneguystudio/ytyper/databinding/LayoutStrokePanelBinding.java,مورد موجود؛ الوصول والسلوك يحتاجان تحققًا عند غياب لقطة أو اختبار
layout_stroke_panel,btnEyedropper,ImageView,زر محتمل,,,قطارة,@dimen/dimen_45dp,@dimen/dimen_45dp,visible,decoded/res/layout/layout_stroke_panel.xml,decompiled/sources/com/oneguystudio/ytyper/databinding/DialogColorPickerBinding.java;decompiled/sources/com/oneguystudio/ytyper/databinding/LayoutBackgroundPanelBinding.java;decompiled/sources/com/oneguystudio/ytyper/databinding/LayoutColorPanelBinding.java;decompiled/sources/com/oneguystudio/ytyper/databinding/LayoutShadowPanelBinding.java;decompiled/sources/com/oneguystudio/ytyper/databinding/LayoutStrokePanelBinding.java,مورد موجود؛ الوصول والسلوك يحتاجان تحققًا عند غياب لقطة أو اختبار
layout_stroke_panel,btnOpenPalette,ImageView,زر محتمل,,,فتح لوحة الألوان,@dimen/dimen_45dp,@dimen/dimen_45dp,visible,decoded/res/layout/layout_stroke_panel.xml,decompiled/sources/com/oneguystudio/ytyper/databinding/LayoutBackgroundPanelBinding.java;decompiled/sources/com/oneguystudio/ytyper/databinding/LayoutColorPanelBinding.java;decompiled/sources/com/oneguystudio/ytyper/databinding/LayoutShadowPanelBinding.java;decompiled/sources/com/oneguystudio/ytyper/databinding/LayoutStrokePanelBinding.java,مورد موجود؛ الوصول والسلوك يحتاجان تحققًا عند غياب لقطة أو اختبار
layout_stroke_panel,recyclerRecentColors,RecyclerView,عنصر عرض/حاوية,,,,match_parent,match_parent,visible,decoded/res/layout/layout_stroke_panel.xml,decompiled/sources/com/oneguystudio/ytyper/databinding/LayoutBackgroundPanelBinding.java;decompiled/sources/com/oneguystudio/ytyper/databinding/LayoutColorPanelBinding.java;decompiled/sources/com/oneguystudio/ytyper/databinding/LayoutShadowPanelBinding.java;decompiled/sources/com/oneguystudio/ytyper/databinding/LayoutStrokePanelBinding.java,مورد موجود؛ الوصول والسلوك يحتاجان تحققًا عند غياب لقطة أو اختبار
layout_stroke_panel,layoutGradientMode,LinearLayout,عنصر عرض/حاوية,,,,match_parent,wrap_content,gone,decoded/res/layout/layout_stroke_panel.xml,decompiled/sources/com/oneguystudio/ytyper/databinding/LayoutColorPanelBinding.java;decompiled/sources/com/oneguystudio/ytyper/databinding/LayoutShadowPanelBinding.java;decompiled/sources/com/oneguystudio/ytyper/databinding/LayoutStrokePanelBinding.java,مورد موجود؛ الوصول والسلوك يحتاجان تحققًا عند غياب لقطة أو اختبار
layout_stroke_panel,gradientSliderView,GradientSliderView,إدخال/اختيار,,,,match_parent,54.0dp,visible,decoded/res/layout/layout_stroke_panel.xml,decompiled/sources/com/oneguystudio/ytyper/databinding/DialogInteractiveGradientBinding.java;decompiled/sources/com/oneguystudio/ytyper/databinding/LayoutColorPanelBinding.java;decompiled/sources/com/oneguystudio/ytyper/databinding/LayoutShadowPanelBinding.java;decompiled/sources/com/oneguystudio/ytyper/databinding/LayoutStrokePanelBinding.java;decompiled/sources/com/oneguystudio/ytyper/ui/editor/dialog/InteractiveGradientDialog.java,مورد موجود؛ الوصول والسلوك يحتاجان تحققًا عند غياب لقطة أو اختبار
layout_stroke_panel,btnMinusGradientAngle,ImageView,زر محتمل,,,,32.0dp,32.0dp,visible,decoded/res/layout/layout_stroke_panel.xml,decompiled/sources/com/oneguystudio/ytyper/databinding/LayoutStrokePanelBinding.java;decompiled/sources/com/oneguystudio/ytyper/ui/editor/dialog/StrokeEditorPanel.java,مورد موجود؛ الوصول والسلوك يحتاجان تحققًا عند غياب لقطة أو اختبار
layout_stroke_panel,seekGradientAngle,SeekBar,إدخال/اختيار,,,,@dimen/dimen_0dp,wrap_content,visible,decoded/res/layout/layout_stroke_panel.xml,decompiled/sources/com/oneguystudio/ytyper/databinding/LayoutColorPanelBinding.java;decompiled/sources/com/oneguystudio/ytyper/databinding/LayoutShadowPanelBinding.java;decompiled/sources/com/oneguystudio/ytyper/databinding/LayoutStrokePanelBinding.java,مورد موجود؛ الوصول والسلوك يحتاجان تحققًا عند غياب لقطة أو اختبار
layout_stroke_panel,btnPlusGradientAngle,ImageView,زر محتمل,,,,32.0dp,32.0dp,visible,decoded/res/layout/layout_stroke_panel.xml,decompiled/sources/com/oneguystudio/ytyper/databinding/LayoutStrokePanelBinding.java;decompiled/sources/com/oneguystudio/ytyper/ui/editor/dialog/StrokeEditorPanel.java,مورد موجود؛ الوصول والسلوك يحتاجان تحققًا عند غياب لقطة أو اختبار
layout_stroke_panel,tvGradientAngle,TextView,عنصر عرض/حاوية,%d°,,,@dimen/dimen_40dp,wrap_content,visible,decoded/res/layout/layout_stroke_panel.xml,decompiled/sources/com/oneguystudio/ytyper/databinding/LayoutColorPanelBinding.java;decompiled/sources/com/oneguystudio/ytyper/databinding/LayoutShadowPanelBinding.java;decompiled/sources/com/oneguystudio/ytyper/databinding/LayoutStrokePanelBinding.java,مورد موجود؛ الوصول والسلوك يحتاجان تحققًا عند غياب لقطة أو اختبار
layout_stroke_panel,btnAdvancedGradient,ImageView,زر محتمل,,,,35.0dp,35.0dp,visible,decoded/res/layout/layout_stroke_panel.xml,decompiled/sources/com/oneguystudio/ytyper/databinding/LayoutColorPanelBinding.java;decompiled/sources/com/oneguystudio/ytyper/databinding/LayoutShadowPanelBinding.java;decompiled/sources/com/oneguystudio/ytyper/databinding/LayoutStrokePanelBinding.java,مورد موجود؛ الوصول والسلوك يحتاجان تحققًا عند غياب لقطة أو اختبار
layout_stroke_panel,btnInteractiveGradient,ImageView,زر محتمل,,,,35.0dp,35.0dp,visible,decoded/res/layout/layout_stroke_panel.xml,decompiled/sources/com/oneguystudio/ytyper/databinding/LayoutColorPanelBinding.java;decompiled/sources/com/oneguystudio/ytyper/databinding/LayoutShadowPanelBinding.java;decompiled/sources/com/oneguystudio/ytyper/databinding/LayoutStrokePanelBinding.java,مورد موجود؛ الوصول والسلوك يحتاجان تحققًا عند غياب لقطة أو اختبار
layout_stroke_panel,layoutShapesMode,LinearLayout,عنصر عرض/حاوية,,,,match_parent,@dimen/dimen_60dp,gone,decoded/res/layout/layout_stroke_panel.xml,decompiled/sources/com/oneguystudio/ytyper/databinding/LayoutStrokePanelBinding.java;decompiled/sources/com/oneguystudio/ytyper/ui/editor/dialog/StrokeEditorPanel.java,مورد موجود؛ الوصول والسلوك يحتاجان تحققًا عند غياب لقطة أو اختبار
layout_stroke_panel,recyclerStrokeShapes,RecyclerView,عنصر عرض/حاوية,,,,match_parent,match_parent,visible,decoded/res/layout/layout_stroke_panel.xml,decompiled/sources/com/oneguystudio/ytyper/databinding/LayoutStrokePanelBinding.java;decompiled/sources/com/oneguystudio/ytyper/ui/editor/dialog/StrokeEditorPanel.java,مورد موجود؛ الوصول والسلوك يحتاجان تحققًا عند غياب لقطة أو اختبار
layout_styles_panel,rootStylesPanel,LinearLayout,عنصر عرض/حاوية,,,,match_parent,wrap_content,visible,decoded/res/layout/layout_styles_panel.xml,,مورد موجود؛ الوصول والسلوك يحتاجان تحققًا عند غياب لقطة أو اختبار
layout_styles_panel,tvStylesTitle,TextView,عنصر عرض/حاوية,الأنماط,,,0.0dp,wrap_content,visible,decoded/res/layout/layout_styles_panel.xml,decompiled/sources/com/oneguystudio/ytyper/databinding/LayoutStylesPanelBinding.java,مورد موجود؛ الوصول والسلوك يحتاجان تحققًا عند غياب لقطة أو اختبار
layout_styles_panel,btnImportStyles,ImageView,زر محتمل,,,,36.0dp,36.0dp,visible,decoded/res/layout/layout_styles_panel.xml,decompiled/sources/com/oneguystudio/ytyper/databinding/LayoutStylesPanelBinding.java,مورد موجود؛ الوصول والسلوك يحتاجان تحققًا عند غياب لقطة أو اختبار
layout_styles_panel,btnToggleFont,TextView,زر محتمل,Aa,,,36.0dp,36.0dp,visible,decoded/res/layout/layout_styles_panel.xml,decompiled/sources/com/oneguystudio/ytyper/databinding/LayoutStylesPanelBinding.java,مورد موجود؛ الوصول والسلوك يحتاجان تحققًا عند غياب لقطة أو اختبار
layout_styles_panel,btnSaveCurrentStyle,ImageView,زر محتمل,,,,36.0dp,36.0dp,visible,decoded/res/layout/layout_styles_panel.xml,decompiled/sources/com/oneguystudio/ytyper/databinding/LayoutStylesPanelBinding.java,مورد موجود؛ الوصول والسلوك يحتاجان تحققًا عند غياب لقطة أو اختبار
layout_styles_panel,etStyleSearch,EditText,إدخال/اختيار,,البحث في الأنماط...,,match_parent,38.0dp,visible,decoded/res/layout/layout_styles_panel.xml,decompiled/sources/com/oneguystudio/ytyper/databinding/LayoutStylesPanelBinding.java,مورد موجود؛ الوصول والسلوك يحتاجان تحققًا عند غياب لقطة أو اختبار
layout_styles_panel,layoutFoldersFilter,LinearLayout,عنصر عرض/حاوية,,,,wrap_content,wrap_content,visible,decoded/res/layout/layout_styles_panel.xml,decompiled/sources/com/oneguystudio/ytyper/databinding/LayoutStylesPanelBinding.java;decompiled/sources/com/oneguystudio/ytyper/ui/editor/dialog/TextStylesPanel.java,مورد موجود؛ الوصول والسلوك يحتاجان تحققًا عند غياب لقطة أو اختبار
layout_styles_panel,layoutTagsFilter,LinearLayout,عنصر عرض/حاوية,,,,wrap_content,wrap_content,visible,decoded/res/layout/layout_styles_panel.xml,decompiled/sources/com/oneguystudio/ytyper/databinding/DialogTagQuickLinkBinding.java;decompiled/sources/com/oneguystudio/ytyper/databinding/LayoutStylesPanelBinding.java;decompiled/sources/com/oneguystudio/ytyper/ui/editor/dialog/TagQuickLinkDialog.java;decompiled/sources/com/oneguystudio/ytyper/ui/editor/dialog/TextStylesPanel.java,مورد موجود؛ الوصول والسلوك يحتاجان تحققًا عند غياب لقطة أو اختبار
layout_styles_panel,recyclerStyles,RecyclerView,عنصر عرض/حاوية,,,,match_parent,wrap_content,visible,decoded/res/layout/layout_styles_panel.xml,decompiled/sources/com/oneguystudio/ytyper/databinding/LayoutStylesPanelBinding.java,مورد موجود؛ الوصول والسلوك يحتاجان تحققًا عند غياب لقطة أو اختبار
layout_texture_panel,tvTitle,TextView,عنصر عرض/حاوية,الخامات,,,@dimen/dimen_0dp,wrap_content,visible,decoded/res/layout/layout_texture_panel.xml,decompiled/sources/com/oneguystudio/ytyper/databinding/DialogCanvasBackgroundBinding.java;decompiled/sources/com/oneguystudio/ytyper/databinding/DialogShapePickerBinding.java;decompiled/sources/com/oneguystudio/ytyper/databinding/LayoutImageAdjustmentsPanelBinding.java;decompiled/sources/com/oneguystudio/ytyper/databinding/LayoutImageEffectsPanelBinding.java;decompiled/sources/com/oneguystudio/ytyper/databinding/LayoutImageFiltersPanelBinding.java;decompiled/sources/com/oneguystudio/ytyper/databinding/LayoutMagicBrushPanelBinding.java;decompiled/sources/com/oneguystudio/ytyper/databinding/LayoutPositionPanelBinding.java;decompiled/sources/com/oneguystudio/ytyper/databinding/LayoutRulerPanelBinding.java;decompiled/sources/com/oneguystudio/ytyper/databinding/LayoutTexturePanelBinding.java;decompiled/sources/com/oneguystudio/ytyper/ui/editor/dialog/CanvasBackgroundBottomSheet.java;decompiled/sources/com/oneguystudio/ytyper/ui/editor/dialog/ShapePickerBottomSheet.java,مورد موجود؛ الوصول والسلوك يحتاجان تحققًا عند غياب لقطة أو اختبار
layout_texture_panel,btnOpenGallery,ImageView,زر محتمل,,,,@dimen/dimen_36dp,@dimen/dimen_36dp,visible,decoded/res/layout/layout_texture_panel.xml,decompiled/sources/com/oneguystudio/ytyper/databinding/LayoutTexturePanelBinding.java,مورد موجود؛ الوصول والسلوك يحتاجان تحققًا عند غياب لقطة أو اختبار
layout_texture_panel,btnRemoveTexture,ImageView,زر محتمل,,,,@dimen/dimen_36dp,@dimen/dimen_36dp,visible,decoded/res/layout/layout_texture_panel.xml,decompiled/sources/com/oneguystudio/ytyper/databinding/LayoutTexturePanelBinding.java,مورد موجود؛ الوصول والسلوك يحتاجان تحققًا عند غياب لقطة أو اختبار
layout_texture_panel,btnResetTexture,TextView,زر محتمل,إعادة ضبط,,,wrap_content,wrap_content,visible,decoded/res/layout/layout_texture_panel.xml,decompiled/sources/com/oneguystudio/ytyper/databinding/LayoutTexturePanelBinding.java,مورد موجود؛ الوصول والسلوك يحتاجان تحققًا عند غياب لقطة أو اختبار
layout_texture_panel,recyclerRecentTextures,RecyclerView,عنصر عرض/حاوية,,,,match_parent,@dimen/dimen_60dp,visible,decoded/res/layout/layout_texture_panel.xml,decompiled/sources/com/oneguystudio/ytyper/databinding/LayoutTexturePanelBinding.java,مورد موجود؛ الوصول والسلوك يحتاجان تحققًا عند غياب لقطة أو اختبار
layout_texture_panel,tvLabelRotate,TextView,عنصر عرض/حاوية,تدوير,,,,,visible,decoded/res/layout/layout_texture_panel.xml,decompiled/sources/com/oneguystudio/ytyper/databinding/LayoutTexturePanelBinding.java,مورد موجود؛ الوصول والسلوك يحتاجان تحققًا عند غياب لقطة أو اختبار
layout_texture_panel,btnMinusTexRotate,ImageView,زر محتمل,,,,32.0dp,32.0dp,visible,decoded/res/layout/layout_texture_panel.xml,decompiled/sources/com/oneguystudio/ytyper/databinding/LayoutTexturePanelBinding.java,مورد موجود؛ الوصول والسلوك يحتاجان تحققًا عند غياب لقطة أو اختبار
layout_texture_panel,seekTexRotate,SeekBar,إدخال/اختيار,,,,,,visible,decoded/res/layout/layout_texture_panel.xml,decompiled/sources/com/oneguystudio/ytyper/databinding/LayoutTexturePanelBinding.java,مورد موجود؛ الوصول والسلوك يحتاجان تحققًا عند غياب لقطة أو اختبار
layout_texture_panel,btnPlusTexRotate,ImageView,زر محتمل,,,,32.0dp,32.0dp,visible,decoded/res/layout/layout_texture_panel.xml,decompiled/sources/com/oneguystudio/ytyper/databinding/LayoutTexturePanelBinding.java,مورد موجود؛ الوصول والسلوك يحتاجان تحققًا عند غياب لقطة أو اختبار
layout_texture_panel,tvTexRotate,TextView,عنصر عرض/حاوية,0°,,,,,visible,decoded/res/layout/layout_texture_panel.xml,decompiled/sources/com/oneguystudio/ytyper/databinding/LayoutTexturePanelBinding.java,مورد موجود؛ الوصول والسلوك يحتاجان تحققًا عند غياب لقطة أو اختبار
layout_texture_panel,tvLabelScaleX,TextView,عنصر عرض/حاوية,مقياس X,,,,,visible,decoded/res/layout/layout_texture_panel.xml,decompiled/sources/com/oneguystudio/ytyper/databinding/LayoutTexturePanelBinding.java,مورد موجود؛ الوصول والسلوك يحتاجان تحققًا عند غياب لقطة أو اختبار
layout_texture_panel,btnMinusTexScaleX,ImageView,زر محتمل,,,,32.0dp,32.0dp,visible,decoded/res/layout/layout_texture_panel.xml,decompiled/sources/com/oneguystudio/ytyper/databinding/LayoutTexturePanelBinding.java,مورد موجود؛ الوصول والسلوك يحتاجان تحققًا عند غياب لقطة أو اختبار
layout_texture_panel,seekTexScaleX,SeekBar,إدخال/اختيار,,,,,,visible,decoded/res/layout/layout_texture_panel.xml,decompiled/sources/com/oneguystudio/ytyper/databinding/LayoutTexturePanelBinding.java,مورد موجود؛ الوصول والسلوك يحتاجان تحققًا عند غياب لقطة أو اختبار
layout_texture_panel,btnPlusTexScaleX,ImageView,زر محتمل,,,,32.0dp,32.0dp,visible,decoded/res/layout/layout_texture_panel.xml,decompiled/sources/com/oneguystudio/ytyper/databinding/LayoutTexturePanelBinding.java,مورد موجود؛ الوصول والسلوك يحتاجان تحققًا عند غياب لقطة أو اختبار
layout_texture_panel,tvTexScaleX,TextView,عنصر عرض/حاوية,1.0,,,,,visible,decoded/res/layout/layout_texture_panel.xml,decompiled/sources/com/oneguystudio/ytyper/databinding/LayoutTexturePanelBinding.java,مورد موجود؛ الوصول والسلوك يحتاجان تحققًا عند غياب لقطة أو اختبار
layout_texture_panel,tvLabelScaleY,TextView,عنصر عرض/حاوية,مقياس Y,,,,,visible,decoded/res/layout/layout_texture_panel.xml,decompiled/sources/com/oneguystudio/ytyper/databinding/LayoutTexturePanelBinding.java,مورد موجود؛ الوصول والسلوك يحتاجان تحققًا عند غياب لقطة أو اختبار
layout_texture_panel,btnMinusTexScaleY,ImageView,زر محتمل,,,,32.0dp,32.0dp,visible,decoded/res/layout/layout_texture_panel.xml,decompiled/sources/com/oneguystudio/ytyper/databinding/LayoutTexturePanelBinding.java,مورد موجود؛ الوصول والسلوك يحتاجان تحققًا عند غياب لقطة أو اختبار
layout_texture_panel,seekTexScaleY,SeekBar,إدخال/اختيار,,,,,,visible,decoded/res/layout/layout_texture_panel.xml,decompiled/sources/com/oneguystudio/ytyper/databinding/LayoutTexturePanelBinding.java,مورد موجود؛ الوصول والسلوك يحتاجان تحققًا عند غياب لقطة أو اختبار
layout_texture_panel,btnPlusTexScaleY,ImageView,زر محتمل,,,,32.0dp,32.0dp,visible,decoded/res/layout/layout_texture_panel.xml,decompiled/sources/com/oneguystudio/ytyper/databinding/LayoutTexturePanelBinding.java,مورد موجود؛ الوصول والسلوك يحتاجان تحققًا عند غياب لقطة أو اختبار
layout_texture_panel,tvTexScaleY,TextView,عنصر عرض/حاوية,1.0,,,,,visible,decoded/res/layout/layout_texture_panel.xml,decompiled/sources/com/oneguystudio/ytyper/databinding/LayoutTexturePanelBinding.java,مورد موجود؛ الوصول والسلوك يحتاجان تحققًا عند غياب لقطة أو اختبار
layout_tutorial_card_simple,tutorial_card,LinearLayout,عنصر عرض/حاوية,,,,@dimen/dimen_260dp,wrap_content,visible,decoded/res/layout/layout_tutorial_card_simple.xml,decompiled/sources/com/oneguystudio/ytyper/ui/floatingwidget/j.java,مورد موجود؛ الوصول والسلوك يحتاجان تحققًا عند غياب لقطة أو اختبار
layout_tutorial_card_simple,tut_card_title,TextView,عنصر عرض/حاوية,خطوة الشرح,,,match_parent,wrap_content,visible,decoded/res/layout/layout_tutorial_card_simple.xml,decompiled/sources/com/oneguystudio/ytyper/databinding/LayoutTutorialCardSimpleBinding.java;decompiled/sources/com/oneguystudio/ytyper/ui/floatingwidget/j.java,مورد موجود؛ الوصول والسلوك يحتاجان تحققًا عند غياب لقطة أو اختبار
layout_tutorial_card_simple,tut_card_desc,TextView,عنصر عرض/حاوية,الوصف,,,match_parent,wrap_content,visible,decoded/res/layout/layout_tutorial_card_simple.xml,decompiled/sources/com/oneguystudio/ytyper/databinding/LayoutTutorialCardSimpleBinding.java;decompiled/sources/com/oneguystudio/ytyper/ui/floatingwidget/j.java,مورد موجود؛ الوصول والسلوك يحتاجان تحققًا عند غياب لقطة أو اختبار
layout_tutorial_card_simple,tut_card_btn,TextView,زر محتمل,التالي,,,wrap_content,wrap_content,visible,decoded/res/layout/layout_tutorial_card_simple.xml,decompiled/sources/com/oneguystudio/ytyper/databinding/LayoutTutorialCardSimpleBinding.java;decompiled/sources/com/oneguystudio/ytyper/ui/floatingwidget/j.java,مورد موجود؛ الوصول والسلوك يحتاجان تحققًا عند غياب لقطة أو اختبار
layout_typer_panel,panelTyper,ConstraintLayout,عنصر عرض/حاوية,,,,@dimen/dimen_250dp,@dimen/dimen_480dp,visible,decoded/res/layout/layout_typer_panel.xml,,مورد موجود؛ الوصول والسلوك يحتاجان تحققًا عند غياب لقطة أو اختبار
layout_typer_panel,viewDragHandle,View,عنصر عرض/حاوية,,,,0.0dp,0.0dp,gone,decoded/res/layout/layout_typer_panel.xml,decompiled/sources/com/oneguystudio/ytyper/databinding/LayoutTyperPanelBinding.java,مورد موجود؛ الوصول والسلوك يحتاجان تحققًا عند غياب لقطة أو اختبار
layout_typer_panel,btnFormatSquare,ImageView,زر محتمل,,,,0.0dp,0.0dp,gone,decoded/res/layout/layout_typer_panel.xml,decompiled/sources/com/oneguystudio/ytyper/databinding/LayoutTyperPanelBinding.java,مورد موجود؛ الوصول والسلوك يحتاجان تحققًا عند غياب لقطة أو اختبار
layout_typer_panel,btnFormatCircle,ImageView,زر محتمل,,,,0.0dp,0.0dp,gone,decoded/res/layout/layout_typer_panel.xml,decompiled/sources/com/oneguystudio/ytyper/databinding/LayoutTyperPanelBinding.java,مورد موجود؛ الوصول والسلوك يحتاجان تحققًا عند غياب لقطة أو اختبار
layout_typer_panel,btnTyperAddBubble,ImageView,زر محتمل,,,,0.0dp,0.0dp,gone,decoded/res/layout/layout_typer_panel.xml,decompiled/sources/com/oneguystudio/ytyper/databinding/LayoutTyperPanelBinding.java;decompiled/sources/com/oneguystudio/ytyper/ui/editor/EditorActivity.java;decompiled/sources/com/oneguystudio/ytyper/ui/editor/typer/w.java,مورد موجود؛ الوصول والسلوك يحتاجان تحققًا عند غياب لقطة أو اختبار
layout_typer_panel,layoutTopInfo,LinearLayout,عنصر عرض/حاوية,,,,0.0dp,36.0dp,visible,decoded/res/layout/layout_typer_panel.xml,decompiled/sources/com/oneguystudio/ytyper/databinding/LayoutTyperPanelBinding.java,مورد موجود؛ الوصول والسلوك يحتاجان تحققًا عند غياب لقطة أو اختبار
layout_typer_panel,tvTyperBubbleCount,TextView,عنصر عرض/حاوية,الفقاعات: 0,,,wrap_content,wrap_content,visible,decoded/res/layout/layout_typer_panel.xml,decompiled/sources/com/oneguystudio/ytyper/databinding/LayoutTyperPanelBinding.java;decompiled/sources/com/oneguystudio/ytyper/ui/editor/typer/w.java,مورد موجود؛ الوصول والسلوك يحتاجان تحققًا عند غياب لقطة أو اختبار
layout_typer_panel,scrollTagSets,HorizontalScrollView,عنصر عرض/حاوية,,,,match_parent,match_parent,visible,decoded/res/layout/layout_typer_panel.xml,decompiled/sources/com/oneguystudio/ytyper/databinding/LayoutTyperPanelBinding.java,مورد موجود؛ الوصول والسلوك يحتاجان تحققًا عند غياب لقطة أو اختبار
layout_typer_panel,layoutTagSets,LinearLayout,عنصر عرض/حاوية,,,,wrap_content,match_parent,visible,decoded/res/layout/layout_typer_panel.xml,decompiled/sources/com/oneguystudio/ytyper/databinding/LayoutTyperPanelBinding.java;decompiled/sources/com/oneguystudio/ytyper/ui/editor/typer/w.java,مورد موجود؛ الوصول والسلوك يحتاجان تحققًا عند غياب لقطة أو اختبار
layout_typer_panel,layoutTyperControls,LinearLayout,عنصر عرض/حاوية,,,,wrap_content,36.0dp,visible,decoded/res/layout/layout_typer_panel.xml,decompiled/sources/com/oneguystudio/ytyper/databinding/LayoutTyperPanelBinding.java,مورد موجود؛ الوصول والسلوك يحتاجان تحققًا عند غياب لقطة أو اختبار
layout_typer_panel,btnToolSearch,ImageView,زر محتمل,,,YTyper,36.0dp,match_parent,visible,decoded/res/layout/layout_typer_panel.xml,decompiled/sources/com/oneguystudio/ytyper/databinding/LayoutTyperPanelBinding.java;decompiled/sources/com/oneguystudio/ytyper/ui/editor/typer/w.java,مورد موجود؛ الوصول والسلوك يحتاجان تحققًا عند غياب لقطة أو اختبار
layout_typer_panel,btnToolResizeTyper,ImageView,زر محتمل,,,YTyper,36.0dp,match_parent,visible,decoded/res/layout/layout_typer_panel.xml,decompiled/sources/com/oneguystudio/ytyper/databinding/LayoutTyperPanelBinding.java;decompiled/sources/com/oneguystudio/ytyper/ui/editor/typer/w.java,مورد موجود؛ الوصول والسلوك يحتاجان تحققًا عند غياب لقطة أو اختبار
layout_typer_panel,etTyperSearch,EditText,إدخال/اختيار,,ابحث في الفقاعات…,,0.0dp,36.0dp,gone,decoded/res/layout/layout_typer_panel.xml,decompiled/sources/com/oneguystudio/ytyper/databinding/LayoutTyperPanelBinding.java;decompiled/sources/com/oneguystudio/ytyper/ui/editor/typer/w.java,مورد موجود؛ الوصول والسلوك يحتاجان تحققًا عند غياب لقطة أو اختبار
layout_typer_panel,scrollTags,HorizontalScrollView,عنصر عرض/حاوية,,,,0.0dp,wrap_content,visible,decoded/res/layout/layout_typer_panel.xml,decompiled/sources/com/oneguystudio/ytyper/databinding/LayoutTyperPanelBinding.java,مورد موجود؛ الوصول والسلوك يحتاجان تحققًا عند غياب لقطة أو اختبار
layout_typer_panel,layoutQuickTags,LinearLayout,عنصر عرض/حاوية,,,,wrap_content,wrap_content,visible,decoded/res/layout/layout_typer_panel.xml,decompiled/sources/com/oneguystudio/ytyper/databinding/LayoutTyperPanelBinding.java;decompiled/sources/com/oneguystudio/ytyper/ui/editor/typer/w.java,مورد موجود؛ الوصول والسلوك يحتاجان تحققًا عند غياب لقطة أو اختبار
layout_typer_panel,rvQuickFonts,RecyclerView,عنصر عرض/حاوية,,,,wrap_content,wrap_content,gone,decoded/res/layout/layout_typer_panel.xml,decompiled/sources/com/oneguystudio/ytyper/databinding/LayoutTyperPanelBinding.java;decompiled/sources/com/oneguystudio/ytyper/ui/editor/typer/f.java,مورد موجود؛ الوصول والسلوك يحتاجان تحققًا عند غياب لقطة أو اختبار
layout_typer_panel,rvTyperBubbles,RecyclerView,عنصر عرض/حاوية,,,,0.0dp,0.0dp,visible,decoded/res/layout/layout_typer_panel.xml,decompiled/sources/com/oneguystudio/ytyper/databinding/LayoutTyperPanelBinding.java,مورد موجود؛ الوصول والسلوك يحتاجان تحققًا عند غياب لقطة أو اختبار
layout_typer_panel,layoutSecondaryTools,LinearLayout,عنصر عرض/حاوية,,,,0.0dp,40.0dp,visible,decoded/res/layout/layout_typer_panel.xml,decompiled/sources/com/oneguystudio/ytyper/databinding/LayoutTyperPanelBinding.java,مورد موجود؛ الوصول والسلوك يحتاجان تحققًا عند غياب لقطة أو اختبار
layout_typer_panel,btnTyperImportFile,ImageView,زر محتمل,,,,0.0dp,match_parent,visible,decoded/res/layout/layout_typer_panel.xml,decompiled/sources/com/oneguystudio/ytyper/databinding/LayoutTyperPanelBinding.java;decompiled/sources/com/oneguystudio/ytyper/ui/editor/typer/w.java,مورد موجود؛ الوصول والسلوك يحتاجان تحققًا عند غياب لقطة أو اختبار
layout_typer_panel,btnTyperClipboard,ImageView,زر محتمل,,,,0.0dp,match_parent,visible,decoded/res/layout/layout_typer_panel.xml,decompiled/sources/com/oneguystudio/ytyper/databinding/LayoutTyperPanelBinding.java;decompiled/sources/com/oneguystudio/ytyper/ui/editor/typer/w.java,مورد موجود؛ الوصول والسلوك يحتاجان تحققًا عند غياب لقطة أو اختبار
layout_typer_panel,btnTyperBoard,ImageView,زر محتمل,,,,0.0dp,match_parent,visible,decoded/res/layout/layout_typer_panel.xml,decompiled/sources/com/oneguystudio/ytyper/databinding/LayoutTyperPanelBinding.java;decompiled/sources/com/oneguystudio/ytyper/ui/editor/typer/w.java,مورد موجود؛ الوصول والسلوك يحتاجان تحققًا عند غياب لقطة أو اختبار
layout_typer_panel,btnTyperClear,ImageView,زر محتمل,,,,0.0dp,match_parent,visible,decoded/res/layout/layout_typer_panel.xml,decompiled/sources/com/oneguystudio/ytyper/databinding/LayoutTyperPanelBinding.java;decompiled/sources/com/oneguystudio/ytyper/ui/editor/typer/w.java,مورد موجود؛ الوصول والسلوك يحتاجان تحققًا عند غياب لقطة أو اختبار
layout_typer_panel,btnFormatAllCaps,TextView,زر محتمل,A,,,0.0dp,match_parent,visible,decoded/res/layout/layout_typer_panel.xml,decompiled/sources/com/oneguystudio/ytyper/databinding/LayoutTyperPanelBinding.java;decompiled/sources/com/oneguystudio/ytyper/ui/editor/typer/w.java,مورد موجود؛ الوصول والسلوك يحتاجان تحققًا عند غياب لقطة أو اختبار
layout_typer_panel,btnQuickFontAdd,ImageView,زر محتمل,,,,0.0dp,match_parent,visible,decoded/res/layout/layout_typer_panel.xml,decompiled/sources/com/oneguystudio/ytyper/databinding/LayoutTyperPanelBinding.java;decompiled/sources/com/oneguystudio/ytyper/ui/editor/typer/w.java,مورد موجود؛ الوصول والسلوك يحتاجان تحققًا عند غياب لقطة أو اختبار
layout_typer_panel,layoutPrimaryActions,LinearLayout,عنصر عرض/حاوية,,,,0.0dp,44.0dp,visible,decoded/res/layout/layout_typer_panel.xml,decompiled/sources/com/oneguystudio/ytyper/databinding/LayoutTyperPanelBinding.java,مورد موجود؛ الوصول والسلوك يحتاجان تحققًا عند غياب لقطة أو اختبار
layout_typer_panel,btnToolSniper,ImageView,زر محتمل,,,,0.0dp,match_parent,visible,decoded/res/layout/layout_typer_panel.xml,decompiled/sources/com/oneguystudio/ytyper/databinding/LayoutTyperPanelBinding.java;decompiled/sources/com/oneguystudio/ytyper/ui/editor/typer/w.java,مورد موجود؛ الوصول والسلوك يحتاجان تحققًا عند غياب لقطة أو اختبار
layout_typer_panel,btnTyperPasteToCanvas,ImageView,زر محتمل,,,,0.0dp,match_parent,visible,decoded/res/layout/layout_typer_panel.xml,decompiled/sources/com/oneguystudio/ytyper/databinding/LayoutTyperPanelBinding.java;decompiled/sources/com/oneguystudio/ytyper/ui/editor/EditorActivity.java;decompiled/sources/com/oneguystudio/ytyper/ui/editor/typer/w.java,مورد موجود؛ الوصول والسلوك يحتاجان تحققًا عند غياب لقطة أو اختبار
layout_warp_panel,btnResetWarp,TextView,زر محتمل,إعادة ضبط,,,wrap_content,wrap_content,visible,decoded/res/layout/layout_warp_panel.xml,decompiled/sources/com/oneguystudio/ytyper/databinding/LayoutWarpPanelBinding.java;decompiled/sources/com/oneguystudio/ytyper/ui/editor/dialog/WarpEditorPanel.java,مورد موجود؛ الوصول والسلوك يحتاجان تحققًا عند غياب لقطة أو اختبار
layout_warp_panel,layoutWarpControls,LinearLayout,عنصر عرض/حاوية,,,,match_parent,wrap_content,visible,decoded/res/layout/layout_warp_panel.xml,decompiled/sources/com/oneguystudio/ytyper/databinding/LayoutWarpPanelBinding.java,مورد موجود؛ الوصول والسلوك يحتاجان تحققًا عند غياب لقطة أو اختبار
layout_warp_panel,rowValue,LinearLayout,عنصر عرض/حاوية,,,,,,visible,decoded/res/layout/layout_warp_panel.xml,decompiled/sources/com/oneguystudio/ytyper/databinding/LayoutEffectsPanelBinding.java;decompiled/sources/com/oneguystudio/ytyper/databinding/LayoutWarpPanelBinding.java,مورد موجود؛ الوصول والسلوك يحتاجان تحققًا عند غياب لقطة أو اختبار
layout_warp_panel,labelValue,TextView,عنصر عرض/حاوية,إنحناء / طي,,,70.0dp,,visible,decoded/res/layout/layout_warp_panel.xml,decompiled/sources/com/oneguystudio/ytyper/databinding/LayoutEffectsPanelBinding.java;decompiled/sources/com/oneguystudio/ytyper/databinding/LayoutWarpPanelBinding.java,مورد موجود؛ الوصول والسلوك يحتاجان تحققًا عند غياب لقطة أو اختبار
layout_warp_panel,btnMinusWarpValue,ImageView,زر محتمل,,,,32.0dp,32.0dp,visible,decoded/res/layout/layout_warp_panel.xml,decompiled/sources/com/oneguystudio/ytyper/databinding/LayoutWarpPanelBinding.java;decompiled/sources/com/oneguystudio/ytyper/ui/editor/dialog/WarpEditorPanel.java,مورد موجود؛ الوصول والسلوك يحتاجان تحققًا عند غياب لقطة أو اختبار
layout_warp_panel,seekWarpValue,SeekBar,إدخال/اختيار,,,,0.0dp,,visible,decoded/res/layout/layout_warp_panel.xml,decompiled/sources/com/oneguystudio/ytyper/databinding/LayoutWarpPanelBinding.java;decompiled/sources/com/oneguystudio/ytyper/ui/editor/dialog/WarpEditorPanel.java,مورد موجود؛ الوصول والسلوك يحتاجان تحققًا عند غياب لقطة أو اختبار
layout_warp_panel,btnPlusWarpValue,ImageView,زر محتمل,,,,32.0dp,32.0dp,visible,decoded/res/layout/layout_warp_panel.xml,decompiled/sources/com/oneguystudio/ytyper/databinding/LayoutWarpPanelBinding.java;decompiled/sources/com/oneguystudio/ytyper/ui/editor/dialog/WarpEditorPanel.java,مورد موجود؛ الوصول والسلوك يحتاجان تحققًا عند غياب لقطة أو اختبار
layout_warp_panel,tvWarpValue,TextView,عنصر عرض/حاوية,0,,,40.0dp,,visible,decoded/res/layout/layout_warp_panel.xml,decompiled/sources/com/oneguystudio/ytyper/databinding/LayoutWarpPanelBinding.java;decompiled/sources/com/oneguystudio/ytyper/ui/editor/dialog/WarpEditorPanel.java,مورد موجود؛ الوصول والسلوك يحتاجان تحققًا عند غياب لقطة أو اختبار
